#year, month, day,    RMM1,    RMM2, phase,    lon,     amp,  amp**2
 1992,     1,   1,  0.8222,  0.1671,     5,  146.5,  0.8390,  0.7040
 1992,     1,   2,  0.6066,  0.1421,     5,  148.2,  0.6230,  0.3881
 1992,     1,   3,  0.3174,  0.2291,     5,  170.8,  0.3915,  0.1532
 1992,     1,   4,  0.3591,  0.5293,     6,  190.8,  0.6396,  0.4091
 1992,     1,   5,  0.5339,  0.8219,     6,  192.0,  0.9801,  0.9606
 1992,     1,   6,  0.5476,  0.8762,     6,  193.0,  1.0332,  1.0675
 1992,     1,   7,  0.3281,  0.9687,     6,  206.3,  1.0228,  1.0461
 1992,     1,   8,  0.0716,  1.1962,     6,  221.6,  1.1983,  1.4360
 1992,     1,   9, -0.2582,  1.4744,     7,  234.9,  1.4968,  2.2405
 1992,     1,  10, -0.6350,  1.5159,     7,  247.7,  1.6435,  2.7011
 1992,     1,  11, -0.9694,  1.3443,     7,  260.8,  1.6574,  2.7471
 1992,     1,  12, -1.3670,  1.3335,     8,  270.7,  1.9097,  3.6469
 1992,     1,  13, -1.8007,  1.0665,     8,  284.4,  2.0928,  4.3799
 1992,     1,  14, -1.7924,  0.6100,     8,  296.2,  1.8933,  3.5848
 1992,     1,  15, -1.9810,  0.4447,     8,  302.3,  2.0303,  4.1221
 1992,     1,  16, -2.0634,  0.3546,     8,  305.2,  2.0937,  4.3836
 1992,     1,  17, -1.8067,  0.2033,     8,  308.6,  1.8182,  3.3057
 1992,     1,  18, -1.7151, -0.1714,     1,  320.7,  1.7237,  2.9711
 1992,     1,  19, -1.7264, -0.4100,     1,  328.4,  1.7744,  3.1486
 1992,     1,  20, -1.5950, -0.5395,     1,  333.7,  1.6838,  2.8352
 1992,     1,  21, -1.2827, -0.6232,     1,  340.9,  1.4261,  2.0336
 1992,     1,  22, -1.1862, -0.5320,     1,  339.2,  1.3000,  1.6901
 1992,     1,  23, -1.3098, -0.4244,     1,  333.0,  1.3769,  1.8958
 1992,     1,  24, -1.4855, -0.6526,     1,  338.7,  1.6225,  2.6326
 1992,     1,  25, -1.6913, -0.7381,     1,  338.6,  1.8453,  3.4051
 1992,     1,  26, -1.7801, -1.0048,     1,  344.4,  2.0441,  4.1784
 1992,     1,  27, -1.7130, -1.1937,     1,  349.9,  2.0879,  4.3592
 1992,     1,  28, -1.3896, -1.4238,     2,    0.7,  1.9895,  3.9580
 1992,     1,  29, -1.0792, -1.4713,     2,    8.7,  1.8247,  3.3294
 1992,     1,  30, -0.6005, -1.3793,     2,   21.5,  1.5044,  2.2632
 1992,     1,  31, -0.3377, -1.3330,     2,   30.8,  1.3752,  1.8910
 1992,     2,   1, -0.3101, -1.2257,     2,   30.8,  1.2643,  1.5985
 1992,     2,   2, -0.3979, -1.3470,     2,   28.5,  1.4046,  1.9729
 1992,     2,   3, -0.2958, -1.4245,     2,   33.3,  1.4549,  2.1168
 1992,     2,   4, -0.1613, -1.4292,     2,   38.6,  1.4382,  2.0685
 1992,     2,   5, -0.1643, -1.2355,     2,   37.4,  1.2464,  1.5535
 1992,     2,   6,  0.1208, -1.1103,     3,   51.2,  1.1168,  1.2473
 1992,     2,   7,  0.4867, -0.9582,     3,   71.9,  1.0748,  1.1551
 1992,     2,   8,  0.4359, -0.9523,     3,   69.6,  1.0474,  1.0970
 1992,     2,   9,  0.2090, -1.1080,     3,   55.7,  1.1275,  1.2713
 1992,     2,  10,  0.1040, -0.9111,     3,   51.5,  0.9170,  0.8409
 1992,     2,  11,  0.5157, -0.6329,     3,   84.2,  0.8164,  0.6665
 1992,     2,  12,  1.2586, -0.7272,     4,  105.0,  1.4536,  2.1130
 1992,     2,  13,  1.5360, -0.6443,     4,  112.2,  1.6657,  2.7745
 1992,     2,  14,  1.3476, -0.3290,     4,  121.3,  1.3872,  1.9244
 1992,     2,  15,  1.4166,  0.1139,     5,  139.6,  1.4212,  2.0198
 1992,     2,  16,  1.7676,  0.1156,     5,  138.7,  1.7714,  3.1379
 1992,     2,  17,  1.9602, -0.0871,     4,  132.5,  1.9622,  3.8500
 1992,     2,  18,  1.9374, -0.0123,     4,  134.6,  1.9375,  3.7537
 1992,     2,  19,  1.9869,  0.0528,     5,  136.5,  1.9876,  3.9505
 1992,     2,  20,  1.9585,  0.0789,     5,  137.3,  1.9601,  3.8420
 1992,     2,  21,  1.5409, -0.2306,     4,  126.5,  1.5581,  2.4277
 1992,     2,  22,  1.3239, -0.2751,     4,  123.3,  1.3522,  1.8283
 1992,     2,  23,  1.1351, -0.1361,     4,  128.2,  1.1432,  1.3070
 1992,     2,  24,  0.8295, -0.1510,     4,  124.7,  0.8431,  0.7108
 1992,     2,  25,  0.9965, -0.2137,     4,  122.9,  1.0192,  1.0388
 1992,     2,  26,  1.1394, -0.2778,     4,  121.3,  1.1728,  1.3755
 1992,     2,  27,  1.3552, -0.3013,     4,  122.5,  1.3883,  1.9273
 1992,     2,  28,  1.4200, -0.2180,     4,  126.3,  1.4367,  2.0640
 1992,     2,  29,  1.3396, -0.2052,     4,  126.3,  1.3552,  1.8365
 1992,     3,   1,  1.2454,  0.1322,     5,  141.1,  1.2524,  1.5684
 1992,     3,   2,  1.5241,  0.5673,     5,  155.4,  1.6263,  2.6447
 1992,     3,   3,  1.6715,  0.6505,     5,  156.3,  1.7936,  3.2171
 1992,     3,   4,  1.5850,  0.6669,     5,  157.8,  1.7196,  2.9571
 1992,     3,   5,  1.2642,  0.9203,     5,  171.1,  1.5637,  2.4451
 1992,     3,   6,  0.8068,  1.0275,     6,  186.9,  1.3064,  1.7067
 1992,     3,   7,  0.4324,  1.2112,     6,  205.4,  1.2861,  1.6540
 1992,     3,   8,  0.3311,  1.2907,     6,  210.6,  1.3325,  1.7754
 1992,     3,   9,  0.0515,  1.2644,     6,  222.7,  1.2655,  1.6014
 1992,     3,  10, -0.4805,  1.1254,     7,  248.1,  1.2236,  1.4973
 1992,     3,  11, -0.9697,  0.8973,     8,  272.2,  1.3212,  1.7455
 1992,     3,  12, -1.2270,  0.6194,     8,  288.2,  1.3745,  1.8891
 1992,     3,  13, -1.3697,  0.4450,     8,  297.0,  1.4402,  2.0742
 1992,     3,  14, -1.1677,  0.4641,     8,  293.3,  1.2565,  1.5788
 1992,     3,  15, -1.0029,  0.4650,     8,  290.1,  1.1054,  1.2219
 1992,     3,  16, -0.7844,  0.4419,     8,  285.6,  0.9004,  0.8107
 1992,     3,  17, -0.9239,  0.3329,     8,  295.2,  0.9821,  0.9645
 1992,     3,  18, -1.2461,  0.1469,     8,  308.3,  1.2547,  1.5743
 1992,     3,  19, -1.6517, -0.1146,     1,  319.0,  1.6557,  2.7412
 1992,     3,  20, -1.6664, -0.3754,     1,  327.7,  1.7082,  2.9179
 1992,     3,  21, -1.4627, -0.5083,     1,  334.2,  1.5485,  2.3978
 1992,     3,  22, -1.2437, -0.4959,     1,  336.7,  1.3389,  1.7926
 1992,     3,  23, -1.0062, -0.6348,     1,  347.2,  1.1898,  1.4155
 1992,     3,  24, -0.9071, -0.9275,     2,    0.6,  1.2973,  1.6831
 1992,     3,  25, -0.8567, -1.1334,     2,    7.9,  1.4208,  2.0186
 1992,     3,  26, -0.7223, -1.3063,     2,   16.1,  1.4927,  2.2282
 1992,     3,  27, -0.4457, -1.5139,     2,   28.6,  1.5782,  2.4907
 1992,     3,  28,  0.0072, -1.6844,     3,   45.2,  1.6844,  2.8371
 1992,     3,  29,  0.4288, -1.8464,     3,   58.1,  1.8955,  3.5929
 1992,     3,  30,  0.8419, -2.0473,     3,   67.4,  2.2137,  4.9004
 1992,     3,  31,  1.2378, -1.8984,     3,   78.1,  2.2663,  5.1363
 1992,     4,   1,  1.5674, -1.6394,     3,   88.7,  2.2681,  5.1443
 1992,     4,   2,  1.5808, -1.2704,     4,   96.2,  2.0281,  4.1131
 1992,     4,   3,  1.5477, -0.7492,     4,  109.2,  1.7194,  2.9565
 1992,     4,   4,  1.5726, -0.2297,     4,  126.7,  1.5893,  2.5258
 1992,     4,   5,  1.4768,  0.0979,     5,  138.8,  1.4800,  2.1905
 1992,     4,   6,  1.3314,  0.2063,     5,  143.8,  1.3473,  1.8153
 1992,     4,   7,  1.1855,  0.3788,     5,  152.7,  1.2446,  1.5489
 1992,     4,   8,  1.1765,  0.5806,     5,  161.3,  1.3120,  1.7214
 1992,     4,   9,  1.0246,  0.9320,     5,  177.3,  1.3851,  1.9185
 1992,     4,  10,  0.8100,  0.9328,     6,  184.0,  1.2354,  1.5263
 1992,     4,  11,  0.6770,  1.1983,     6,  195.5,  1.3763,  1.8942
 1992,     4,  12,  0.3484,  1.4605,     6,  211.6,  1.5015,  2.2545
 1992,     4,  13,  0.3193,  1.7475,     6,  214.6,  1.7764,  3.1558
 1992,     4,  14,  0.1260,  1.9098,     6,  221.2,  1.9140,  3.6633
 1992,     4,  15,  0.0375,  1.6401,     6,  223.7,  1.6405,  2.6914
 1992,     4,  16, -0.1683,  1.3330,     7,  232.2,  1.3436,  1.8053
 1992,     4,  17, -0.1491,  1.1059,     7,  232.7,  1.1159,  1.2453
 1992,     4,  18, -0.1360,  0.9990,     7,  232.8,  1.0082,  1.0165
 1992,     4,  19, -0.4685,  1.0169,     7,  249.7,  1.1196,  1.2535
 1992,     4,  20, -0.7467,  1.0564,     7,  260.3,  1.2936,  1.6735
 1992,     4,  21, -0.8441,  1.1355,     7,  261.6,  1.4149,  2.0019
 1992,     4,  22, -0.8523,  0.8880,     7,  268.8,  1.2309,  1.5150
 1992,     4,  23, -0.7947,  0.3633,     8,  290.4,  0.8738,  0.7635
 1992,     4,  24, -0.9114,  0.0029,     8,  314.8,  0.9114,  0.8307
 1992,     4,  25, -0.9575, -0.2188,     1,  327.9,  0.9822,  0.9648
 1992,     4,  26, -0.7870, -0.2048,     1,  329.6,  0.8132,  0.6613
 1992,     4,  27, -0.7751, -0.1336,     1,  324.8,  0.7865,  0.6186
 1992,     4,  28, -0.5491, -0.3404,     1,  346.8,  0.6461,  0.4175
 1992,     4,  29, -0.5455, -0.5374,     1,  359.6,  0.7658,  0.5864
 1992,     4,  30, -0.1614, -0.4956,     2,   27.0,  0.5212,  0.2716
 1992,     5,   1,  0.2374, -0.8205,     3,   61.1,  0.8542,  0.7296
 1992,     5,   2,  0.4876, -1.0548,     3,   69.8,  1.1620,  1.3503
 1992,     5,   3,  0.6801, -1.1929,     3,   74.7,  1.3731,  1.8855
 1992,     5,   4,  0.7862, -1.4299,     3,   73.8,  1.6318,  2.6627
 1992,     5,   5,  1.0051, -1.2611,     3,   83.6,  1.6127,  2.6008
 1992,     5,   6,  1.2171, -0.8184,     4,  101.1,  1.4667,  2.1511
 1992,     5,   7,  1.4055, -0.3178,     4,  122.3,  1.4410,  2.0764
 1992,     5,   8,  1.4355,  0.1077,     5,  139.3,  1.4395,  2.0722
 1992,     5,   9,  1.4148,  0.1926,     5,  142.8,  1.4278,  2.0387
 1992,     5,  10,  1.2936,  0.2537,     5,  146.1,  1.3182,  1.7376
 1992,     5,  11,  1.0255,  0.2116,     5,  146.7,  1.0471,  1.0965
 1992,     5,  12,  0.6160,  0.1172,     5,  145.8,  0.6270,  0.3932
 1992,     5,  13,  0.5377,  0.1822,     5,  153.7,  0.5678,  0.3224
 1992,     5,  14,  0.5691,  0.3186,     5,  164.2,  0.6522,  0.4254
 1992,     5,  15,  0.4387,  0.5877,     6,  188.3,  0.7334,  0.5378
 1992,     5,  16,  0.2289,  0.7517,     6,  208.1,  0.7858,  0.6175
 1992,     5,  17,  0.0607,  0.8849,     6,  221.1,  0.8870,  0.7867
 1992,     5,  18, -0.3985,  0.8513,     7,  250.1,  0.9399,  0.8835
 1992,     5,  19, -0.7075,  0.8576,     7,  264.5,  1.1118,  1.2361
 1992,     5,  20, -1.0389,  0.6749,     8,  282.0,  1.2389,  1.5349
 1992,     5,  21, -1.1245,  0.3132,     8,  299.4,  1.1673,  1.3627
 1992,     5,  22, -1.0594,  0.0714,     8,  311.1,  1.0618,  1.1274
 1992,     5,  23, -0.8326,  0.0125,     8,  314.1,  0.8327,  0.6934
 1992,     5,  24, -0.7431,  0.0133,     8,  314.0,  0.7433,  0.5524
 1992,     5,  25, -0.5543, -0.0327,     1,  318.4,  0.5553,  0.3083
 1992,     5,  26, -0.3514, -0.2120,     1,  346.1,  0.4104,  0.1684
 1992,     5,  27, -0.4433, -0.2649,     1,  345.9,  0.5165,  0.2667
 1992,     5,  28, -0.4710, -0.1455,     1,  332.2,  0.4929,  0.2430
 1992,     5,  29, -0.3010, -0.0822,     1,  330.3,  0.3120,  0.0974
 1992,     5,  30, -0.0598, -0.1907,     2,   27.6,  0.1999,  0.0399
 1992,     5,  31,  0.1060, -0.4124,     3,   59.4,  0.4258,  0.1813
 1992,     6,   1, -0.3546, -0.5645,     2,   12.9,  0.6666,  0.4444
 1992,     6,   2, -0.5001, -0.7687,     2,   12.0,  0.9170,  0.8410
 1992,     6,   3, -0.4339, -1.0415,     2,   22.4,  1.1283,  1.2730
 1992,     6,   4, -0.4653, -1.3214,     2,   25.6,  1.4009,  1.9626
 1992,     6,   5, -0.3375, -1.3907,     2,   31.4,  1.4311,  2.0480
 1992,     6,   6, -0.1743, -1.3516,     2,   37.7,  1.3628,  1.8572
 1992,     6,   7,  0.2438, -1.2937,     3,   55.7,  1.3164,  1.7330
 1992,     6,   8,  0.5439, -1.4463,     3,   65.6,  1.5452,  2.3877
 1992,     6,   9,  0.5484, -1.5467,     3,   64.5,  1.6411,  2.6932
 1992,     6,  10,  0.4353, -1.3958,     3,   62.3,  1.4621,  2.1377
 1992,     6,  11,  0.5261, -1.0068,     3,   72.6,  1.1360,  1.2904
 1992,     6,  12,  0.8745, -0.6537,     4,   98.2,  1.0918,  1.1921
 1992,     6,  13,  0.9207, -0.6934,     4,   98.0,  1.1525,  1.3284
 1992,     6,  14,  0.7738, -0.6847,     4,   93.5,  1.0333,  1.0676
 1992,     6,  15,  0.6618, -0.6685,     3,   89.7,  0.9407,  0.8849
 1992,     6,  16,  0.7335, -0.6574,     4,   93.1,  0.9850,  0.9702
 1992,     6,  17,  0.9051, -0.5551,     4,  103.5,  1.0617,  1.1273
 1992,     6,  18,  0.7817, -0.5189,     4,  101.4,  0.9382,  0.8803
 1992,     6,  19,  0.6090, -0.1863,     4,  118.0,  0.6368,  0.4055
 1992,     6,  20,  0.4178,  0.2919,     5,  169.9,  0.5097,  0.2598
 1992,     6,  21,  0.3851,  0.6871,     6,  195.7,  0.7876,  0.6204
 1992,     6,  22,  0.2463,  1.0102,     6,  211.3,  1.0398,  1.0812
 1992,     6,  23,  0.0293,  0.8553,     6,  223.0,  0.8558,  0.7325
 1992,     6,  24, -0.1517,  0.6394,     7,  238.3,  0.6571,  0.4318
 1992,     6,  25, -0.2920,  0.4617,     7,  257.3,  0.5462,  0.2984
 1992,     6,  26, -0.3082,  0.2201,     8,  279.5,  0.3788,  0.1435
 1992,     6,  27, -0.3995, -0.0911,     1,  327.8,  0.4097,  0.1679
 1992,     6,  28, -0.6014, -0.0921,     1,  323.7,  0.6084,  0.3702
 1992,     6,  29, -0.6950,  0.0346,     8,  312.2,  0.6959,  0.4842
 1992,     6,  30, -0.7206, -0.1423,     1,  326.2,  0.7345,  0.5395
 1992,     7,   1, -1.1729, -0.2393,     1,  326.5,  1.1971,  1.4329
 1992,     7,   2, -1.4193, -0.5453,     1,  336.0,  1.5204,  2.3117
 1992,     7,   3, -1.6063, -0.5923,     1,  335.2,  1.7120,  2.9310
 1992,     7,   4, -1.5754, -0.5543,     1,  334.4,  1.6701,  2.7891
 1992,     7,   5, -1.4979, -0.4859,     1,  333.0,  1.5748,  2.4799
 1992,     7,   6, -1.4101, -0.4202,     1,  331.6,  1.4714,  2.1650
 1992,     7,   7, -1.3157, -0.4459,     1,  333.7,  1.3892,  1.9299
 1992,     7,   8, -1.3298, -0.7848,     1,  345.5,  1.5441,  2.3843
 1992,     7,   9, -1.3853, -0.9679,     1,  349.9,  1.6900,  2.8560
 1992,     7,  10, -1.2340, -1.0771,     1,  356.1,  1.6379,  2.6828
 1992,     7,  11, -1.2197, -1.2246,     2,    0.1,  1.7284,  2.9873
 1992,     7,  12, -0.9824, -1.0968,     2,    3.1,  1.4725,  2.1681
 1992,     7,  13, -0.6362, -1.0752,     2,   14.4,  1.2493,  1.5607
 1992,     7,  14, -0.3442, -1.3201,     2,   30.4,  1.3642,  1.8610
 1992,     7,  15, -0.1750, -1.4650,     2,   38.2,  1.4754,  2.1769
 1992,     7,  16, -0.2180, -1.1582,     2,   34.3,  1.1785,  1.3889
 1992,     7,  17, -0.2105, -0.7330,     2,   29.0,  0.7627,  0.5816
 1992,     7,  18, -0.0681, -0.4682,     2,   36.7,  0.4731,  0.2238
 1992,     7,  19, -0.2991, -0.3009,     2,    0.2,  0.4243,  0.1800
 1992,     7,  20, -0.2745, -0.2084,     1,  352.2,  0.3447,  0.1188
 1992,     7,  21, -0.0875, -0.2209,     2,   23.4,  0.2376,  0.0564
 1992,     7,  22,  0.1326, -0.0643,     4,  109.2,  0.1474,  0.0217
 1992,     7,  23,  0.2356,  0.0522,     5,  147.5,  0.2413,  0.0582
 1992,     7,  24,  0.2569, -0.2479,     4,   91.0,  0.3570,  0.1274
 1992,     7,  25,  0.2867, -0.5006,     3,   74.8,  0.5769,  0.3328
 1992,     7,  26,  0.3510, -0.6299,     3,   74.1,  0.7211,  0.5200
 1992,     7,  27,  0.3751, -0.5362,     3,   80.0,  0.6544,  0.4282
 1992,     7,  28,  0.4059, -0.6730,     3,   76.1,  0.7859,  0.6177
 1992,     7,  29,  0.3749, -0.6688,     3,   74.3,  0.7667,  0.5879
 1992,     7,  30,  0.3106, -0.4487,     3,   79.7,  0.5457,  0.2978
 1992,     7,  31,  0.3777, -0.2406,     4,  102.5,  0.4478,  0.2005
 1992,     8,   1,  0.3426,  0.3410,     5,  179.9,  0.4834,  0.2337
 1992,     8,   2,  0.3484,  0.2825,     5,  174.0,  0.4485,  0.2012
 1992,     8,   3,  0.1538,  0.3228,     6,  199.5,  0.3576,  0.1279
 1992,     8,   4, -0.1329,  0.5491,     7,  238.6,  0.5650,  0.3192
 1992,     8,   5, -0.2945,  0.8373,     7,  244.4,  0.8876,  0.7878
 1992,     8,   6, -0.2517,  1.1798,     7,  237.0,  1.2064,  1.4553
 1992,     8,   7, -0.3377,  1.3307,     7,  239.2,  1.3728,  1.8847
 1992,     8,   8, -0.2222,  1.2244,     7,  235.3,  1.2444,  1.5485
 1992,     8,   9, -0.3910,  0.9965,     7,  246.4,  1.0705,  1.1459
 1992,     8,  10, -0.4269,  0.8437,     7,  251.8,  0.9456,  0.8942
 1992,     8,  11, -0.3444,  0.6886,     7,  251.6,  0.7699,  0.5928
 1992,     8,  12, -0.0957,  0.6160,     7,  233.8,  0.6234,  0.3886
 1992,     8,  13,  0.1573,  0.3605,     6,  201.4,  0.3934,  0.1547
 1992,     8,  14,  0.4400,  0.2157,     5,  161.1,  0.4900,  0.2401
 1992,     8,  15,  0.6418,  0.3636,     5,  164.5,  0.7376,  0.5441
 1992,     8,  16,  1.0484,  0.6042,     5,  165.0,  1.2100,  1.4642
 1992,     8,  17,  1.1713,  0.6457,     5,  163.9,  1.3375,  1.7888
 1992,     8,  18,  1.1000,  0.6854,     5,  166.9,  1.2961,  1.6798
 1992,     8,  19,  1.1265,  0.7033,     5,  167.0,  1.3280,  1.7637
 1992,     8,  20,  1.1356,  0.6851,     5,  166.1,  1.3262,  1.7588
 1992,     8,  21,  0.8368,  0.6608,     5,  173.3,  1.0663,  1.1370
 1992,     8,  22,  0.4321,  0.7003,     6,  193.3,  0.8229,  0.6772
 1992,     8,  23,  0.2938,  0.7894,     6,  204.6,  0.8423,  0.7094
 1992,     8,  24,  0.1844,  0.8646,     6,  213.0,  0.8840,  0.7815
 1992,     8,  25,  0.2354,  1.0146,     6,  211.9,  1.0415,  1.0848
 1992,     8,  26,  0.3618,  1.0954,     6,  206.7,  1.1537,  1.3309
 1992,     8,  27,  0.5970,  1.0255,     6,  194.8,  1.1867,  1.4082
 1992,     8,  28,  1.0478,  0.9921,     5,  178.4,  1.4430,  2.0822
 1992,     8,  29,  1.1992,  1.1416,     5,  178.6,  1.6557,  2.7413
 1992,     8,  30,  1.2378,  1.2613,     6,  180.5,  1.7672,  3.1229
 1992,     8,  31,  1.2946,  1.2080,     5,  178.0,  1.7707,  3.1353
 1992,     9,   1,  0.9372,  1.0795,     6,  184.0,  1.4296,  2.0438
 1992,     9,   2,  0.6608,  1.3141,     6,  198.3,  1.4709,  2.1636
 1992,     9,   3,  0.6341,  1.4582,     6,  201.5,  1.5901,  2.5285
 1992,     9,   4,  0.4902,  1.5672,     6,  207.6,  1.6421,  2.6964
 1992,     9,   5,  0.2254,  1.5509,     6,  216.7,  1.5672,  2.4562
 1992,     9,   6, -0.1509,  1.2569,     7,  231.8,  1.2659,  1.6026
 1992,     9,   7, -0.3135,  1.3313,     7,  238.2,  1.3677,  1.8707
 1992,     9,   8, -0.4495,  1.4484,     7,  242.2,  1.5165,  2.2999
 1992,     9,   9, -0.6977,  1.4995,     7,  250.0,  1.6539,  2.7354
 1992,     9,  10, -0.9024,  1.6846,     7,  253.2,  1.9111,  3.6523
 1992,     9,  11, -0.9772,  1.7828,     7,  253.7,  2.0330,  4.1331
 1992,     9,  12, -1.1447,  1.5518,     7,  261.4,  1.9283,  3.7183
 1992,     9,  13, -1.0226,  1.2941,     7,  263.3,  1.6493,  2.7203
 1992,     9,  14, -1.2440,  1.1573,     8,  272.1,  1.6991,  2.8871
 1992,     9,  15, -1.3611,  1.3210,     8,  270.9,  1.8967,  3.5976
 1992,     9,  16, -1.2853,  1.4312,     7,  266.9,  1.9236,  3.7003
 1992,     9,  17, -1.2561,  1.1212,     8,  273.2,  1.6837,  2.8349
 1992,     9,  18, -1.3008,  0.7190,     8,  286.1,  1.4863,  2.2091
 1992,     9,  19, -1.3685,  0.6365,     8,  290.1,  1.5093,  2.2780
 1992,     9,  20, -1.2738,  0.3246,     8,  300.7,  1.3145,  1.7279
 1992,     9,  21, -1.1093,  0.0386,     8,  313.0,  1.1100,  1.2321
 1992,     9,  22, -0.9163, -0.1490,     1,  324.2,  0.9284,  0.8619
 1992,     9,  23, -0.6380, -0.3367,     1,  342.8,  0.7214,  0.5204
 1992,     9,  24, -0.3697, -0.3286,     1,  356.6,  0.4946,  0.2447
 1992,     9,  25, -0.2665, -0.4957,     2,   16.7,  0.5628,  0.3167
 1992,     9,  26, -0.2674, -0.5746,     2,   20.0,  0.6338,  0.4017
 1992,     9,  27, -0.4222, -0.3342,     1,  353.4,  0.5385,  0.2899
 1992,     9,  28, -0.2751, -0.2504,     1,  357.3,  0.3720,  0.1384
 1992,     9,  29, -0.2001, -0.2577,     2,    7.2,  0.3263,  0.1065
 1992,     9,  30, -0.0320, -0.3354,     2,   39.5,  0.3370,  0.1135
 1992,    10,   1, -0.0772, -0.4614,     2,   35.5,  0.4678,  0.2189
 1992,    10,   2, -0.2185, -0.4633,     2,   19.8,  0.5122,  0.2624
 1992,    10,   3, -0.2522, -0.5742,     2,   21.3,  0.6271,  0.3933
 1992,    10,   4, -0.1409, -0.7511,     2,   34.4,  0.7642,  0.5839
 1992,    10,   5,  0.0258, -0.8545,     3,   46.7,  0.8549,  0.7308
 1992,    10,   6,  0.2354, -0.7658,     3,   62.1,  0.8011,  0.6418
 1992,    10,   7,  0.4508, -0.5663,     3,   83.5,  0.7238,  0.5239
 1992,    10,   8,  0.6596, -0.4144,     4,  102.9,  0.7790,  0.6068
 1992,    10,   9,  0.8710, -0.4062,     4,  110.0,  0.9611,  0.9237
 1992,    10,  10,  1.1884, -0.3844,     4,  117.1,  1.2490,  1.5601
 1992,    10,  11,  1.3761, -0.2818,     4,  123.4,  1.4046,  1.9729
 1992,    10,  12,  1.4548, -0.0257,     4,  134.0,  1.4550,  2.1170
 1992,    10,  13,  1.3537, -0.0765,     4,  131.8,  1.3559,  1.8385
 1992,    10,  14,  1.2718, -0.0098,     4,  134.6,  1.2719,  1.6177
 1992,    10,  15,  1.3216,  0.1711,     5,  142.4,  1.3326,  1.7758
 1992,    10,  16,  1.3516,  0.5331,     5,  156.5,  1.4529,  2.1109
 1992,    10,  17,  1.2374,  0.6935,     5,  164.3,  1.4185,  2.0122
 1992,    10,  18,  1.0502,  0.8148,     5,  172.8,  1.3292,  1.7667
 1992,    10,  19,  1.0040,  0.8849,     5,  176.4,  1.3382,  1.7909
 1992,    10,  20,  1.0107,  1.0978,     6,  182.4,  1.4922,  2.2267
 1992,    10,  21,  1.0972,  1.1640,     6,  181.7,  1.5996,  2.5588
 1992,    10,  22,  1.1716,  1.1935,     6,  180.5,  1.6724,  2.7971
 1992,    10,  23,  1.0667,  1.1993,     6,  183.3,  1.6051,  2.5762
 1992,    10,  24,  0.6779,  1.4451,     6,  199.9,  1.5962,  2.5479
 1992,    10,  25,  0.3502,  1.4264,     6,  211.2,  1.4687,  2.1572
 1992,    10,  26,  0.1281,  1.3480,     6,  219.6,  1.3541,  1.8336
 1992,    10,  27,  0.0095,  1.4176,     6,  224.6,  1.4176,  2.0097
 1992,    10,  28,  0.0296,  1.2106,     6,  223.6,  1.2109,  1.4664
 1992,    10,  29, -0.0373,  1.2814,     7,  226.7,  1.2819,  1.6433
 1992,    10,  30, -0.3149,  1.3205,     7,  238.4,  1.3576,  1.8430
 1992,    10,  31, -0.4241,  1.3495,     7,  242.4,  1.4146,  2.0011
 1992,    11,   1, -0.5077,  1.2229,     7,  247.5,  1.3241,  1.7533
 1992,    11,   2, -0.7345,  0.9608,     7,  262.4,  1.2094,  1.4626
 1992,    11,   3, -0.8797,  0.8307,     8,  271.6,  1.2099,  1.4639
 1992,    11,   4, -1.0335,  0.6261,     8,  283.8,  1.2084,  1.4602
 1992,    11,   5, -1.1322,  0.3540,     8,  297.6,  1.1862,  1.4072
 1992,    11,   6, -1.1930,  0.0946,     8,  310.5,  1.1968,  1.4323
 1992,    11,   7, -1.1772, -0.0021,     1,  315.1,  1.1772,  1.3858
 1992,    11,   8, -1.1461, -0.0996,     1,  320.0,  1.1505,  1.3236
 1992,    11,   9, -1.4599, -0.3363,     1,  328.0,  1.4981,  2.2444
 1992,    11,  10, -1.4759, -0.3847,     1,  329.6,  1.5253,  2.3264
 1992,    11,  11, -1.2101, -0.5667,     1,  340.1,  1.3362,  1.7855
 1992,    11,  12, -0.9961, -0.6752,     1,  349.1,  1.2034,  1.4481
 1992,    11,  13, -0.7461, -0.7816,     2,    1.3,  1.0805,  1.1675
 1992,    11,  14, -0.5336, -0.7366,     2,    9.1,  0.9096,  0.8273
 1992,    11,  15, -0.3485, -0.6197,     2,   15.6,  0.7110,  0.5055
 1992,    11,  16, -0.3520, -0.6799,     2,   17.6,  0.7656,  0.5862
 1992,    11,  17, -0.2495, -0.3178,     2,    6.9,  0.4041,  0.1633
 1992,    11,  18, -0.1786,  0.2074,     7,  265.7,  0.2737,  0.0749
 1992,    11,  19, -0.2134,  0.7599,     7,  240.7,  0.7893,  0.6230
 1992,    11,  20, -0.3424,  1.0051,     7,  243.8,  1.0618,  1.1275
 1992,    11,  21, -0.4839,  0.7748,     7,  257.0,  0.9135,  0.8345
 1992,    11,  22, -0.5787,  0.5745,     8,  270.2,  0.8154,  0.6649
 1992,    11,  23, -0.7460,  0.2512,     8,  296.4,  0.7871,  0.6196
 1992,    11,  24, -0.8240,  0.1774,     8,  302.8,  0.8429,  0.7104
 1992,    11,  25, -0.6382,  0.1219,     8,  304.2,  0.6497,  0.4221
 1992,    11,  26, -0.6793, -0.2360,     1,  334.2,  0.7191,  0.5172
 1992,    11,  27, -0.8321, -0.5551,     1,  348.7,  1.0002,  1.0004
 1992,    11,  28, -1.3464, -0.8389,     1,  346.9,  1.5864,  2.5165
 1992,    11,  29, -1.3730, -1.1006,     1,  353.7,  1.7597,  3.0964
 1992,    11,  30, -1.2712, -1.1680,     1,  357.6,  1.7264,  2.9804
 1992,    12,   1, -1.0653, -1.1317,     2,    1.7,  1.5542,  2.4156
 1992,    12,   2, -0.7598, -1.0919,     2,   10.2,  1.3303,  1.7696
 1992,    12,   3, -0.4738, -1.1363,     2,   22.4,  1.2311,  1.5156
 1992,    12,   4, -0.4225, -1.0795,     2,   23.6,  1.1593,  1.3439
 1992,    12,   5, -0.2105, -0.7791,     2,   29.9,  0.8070,  0.6512
 1992,    12,   6, -0.1242, -0.5080,     2,   31.3,  0.5230,  0.2735
 1992,    12,   7, -0.1723, -0.0893,     1,  342.4,  0.1941,  0.0377
 1992,    12,   8, -0.3529,  0.1165,     8,  296.7,  0.3716,  0.1381
 1992,    12,   9, -0.6239,  0.1235,     8,  303.8,  0.6360,  0.4045
 1992,    12,  10, -0.6775,  0.1442,     8,  303.0,  0.6927,  0.4798
 1992,    12,  11, -0.7417, -0.1312,     1,  325.0,  0.7532,  0.5673
 1992,    12,  12, -0.7548, -0.2985,     1,  336.6,  0.8117,  0.6589
 1992,    12,  13, -0.6487, -0.3784,     1,  345.3,  0.7510,  0.5641
 1992,    12,  14, -0.5160, -0.2608,     1,  341.8,  0.5782,  0.3343
 1992,    12,  15, -0.4206, -0.4390,     2,    1.2,  0.6080,  0.3696
 1992,    12,  16, -0.3845, -0.5016,     2,    7.5,  0.6320,  0.3994
 1992,    12,  17, -0.2251, -0.6048,     2,   24.6,  0.6454,  0.4165
 1992,    12,  18, -0.0153, -0.7757,     2,   43.9,  0.7759,  0.6020
 1992,    12,  19,  0.2203, -0.8650,     3,   59.3,  0.8926,  0.7967
 1992,    12,  20,  0.2704, -0.6858,     3,   66.5,  0.7372,  0.5435
 1992,    12,  21,  0.3203, -0.4758,     3,   78.9,  0.5735,  0.3289
 1992,    12,  22,  0.5571,  0.0195,     5,  137.0,  0.5574,  0.3107
 1992,    12,  23,  0.6254,  0.2795,     5,  159.1,  0.6850,  0.4692
 1992,    12,  24,  0.2578,  0.2409,     5,  178.1,  0.3529,  0.1245
 1992,    12,  25, -0.1015,  0.4246,     7,  238.4,  0.4365,  0.1905
 1992,    12,  26, -0.4166,  0.5245,     7,  263.5,  0.6698,  0.4487
 1992,    12,  27, -0.5362,  0.5187,     8,  270.9,  0.7460,  0.5565
 1992,    12,  28, -0.7121,  0.7462,     7,  268.7,  1.0314,  1.0638
 1992,    12,  29, -0.7529,  1.0949,     7,  259.5,  1.3288,  1.7657
 1992,    12,  30, -1.0658,  1.4541,     7,  261.2,  1.8029,  3.2504
 1992,    12,  31, -1.4393,  1.6869,     7,  265.5,  2.2175,  4.9172
 1993,     1,   1, -1.8515,  1.7305,     8,  271.9,  2.5343,  6.4228
 1993,     1,   2, -2.2364,  1.5863,     8,  279.7,  2.7418,  7.5176
 1993,     1,   3, -2.6708,  1.2341,     8,  290.2,  2.9421,  8.6559
 1993,     1,   4, -3.1096,  0.6631,     8,  303.0,  3.1795, 10.1094
 1993,     1,   5, -3.2494,  0.0826,     8,  313.5,  3.2504, 10.5654
 1993,     1,   6, -3.1698, -0.6531,     1,  326.6,  3.2363, 10.4739
 1993,     1,   7, -2.5874, -1.3096,     1,  341.8,  2.9000,  8.4100
 1993,     1,   8, -2.0782, -1.5346,     1,  351.4,  2.5834,  6.6740
 1993,     1,   9, -1.6083, -1.5708,     1,  359.3,  2.2481,  5.0538
 1993,     1,  10, -1.4598, -1.8718,     2,    7.1,  2.3738,  5.6347
 1993,     1,  11, -1.3696, -2.2635,     2,   13.8,  2.6456,  6.9994
 1993,     1,  12, -1.1642, -2.9037,     2,   23.2,  3.1284,  9.7869
 1993,     1,  13, -0.8207, -3.3208,     2,   31.1,  3.4208, 11.7016
 1993,     1,  14, -0.1463, -3.4683,     2,   42.6,  3.4714, 12.0506
 1993,     1,  15,  0.3470, -3.4057,     3,   50.8,  3.4233, 11.7191
 1993,     1,  16,  0.7423, -3.1819,     3,   58.1,  3.2673, 10.6755
 1993,     1,  17,  0.9662, -3.0151,     3,   62.8,  3.1661, 10.0242
 1993,     1,  18,  1.3308, -2.7805,     3,   70.6,  3.0826,  9.5021
 1993,     1,  19,  1.7552, -2.4735,     3,   80.4,  3.0330,  9.1989
 1993,     1,  20,  2.1937, -2.1688,     4,   90.3,  3.0848,  9.5158
 1993,     1,  21,  2.2323, -1.8786,     4,   94.9,  2.9176,  8.5121
 1993,     1,  22,  2.1574, -1.1833,     4,  106.3,  2.4606,  6.0544
 1993,     1,  23,  2.2017, -0.5706,     4,  120.5,  2.2744,  5.1729
 1993,     1,  24,  2.0105,  0.0142,     5,  135.4,  2.0105,  4.0423
 1993,     1,  25,  1.5148,  0.6431,     5,  158.0,  1.6456,  2.7081
 1993,     1,  26,  1.0674,  1.2937,     6,  185.5,  1.6772,  2.8130
 1993,     1,  27,  0.6421,  1.6941,     6,  204.2,  1.8117,  3.2823
 1993,     1,  28,  0.1609,  1.8219,     6,  220.0,  1.8290,  3.3452
 1993,     1,  29, -0.3266,  1.7614,     7,  235.5,  1.7915,  3.2094
 1993,     1,  30, -0.8448,  1.5851,     7,  253.1,  1.7961,  3.2261
 1993,     1,  31, -1.0289,  1.7091,     7,  256.0,  1.9949,  3.9797
 1993,     2,   1, -0.8927,  1.8501,     7,  250.8,  2.0542,  4.2199
 1993,     2,   2, -1.0281,  1.7214,     7,  255.8,  2.0051,  4.0203
 1993,     2,   3, -1.3815,  1.4769,     7,  268.1,  2.0224,  4.0899
 1993,     2,   4, -1.7350,  1.4539,     8,  275.0,  2.2636,  5.1241
 1993,     2,   5, -1.6735,  1.6438,     8,  270.5,  2.3457,  5.5024
 1993,     2,   6, -1.4847,  1.7179,     7,  265.8,  2.2706,  5.1556
 1993,     2,   7, -1.3083,  1.5773,     7,  264.7,  2.0492,  4.1993
 1993,     2,   8, -1.2111,  1.1747,     8,  270.9,  1.6872,  2.8467
 1993,     2,   9, -1.0921,  0.9312,     8,  274.5,  1.4352,  2.0599
 1993,     2,  10, -0.7553,  0.4699,     8,  283.1,  0.8896,  0.7913
 1993,     2,  11, -0.4081, -0.0203,     1,  317.9,  0.4086,  0.1670
 1993,     2,  12, -0.1784, -0.1845,     2,    1.0,  0.2567,  0.0659
 1993,     2,  13, -0.1090, -0.0104,     1,  320.5,  0.1095,  0.0120
 1993,     2,  14, -0.1563,  0.1807,     7,  265.9,  0.2389,  0.0571
 1993,     2,  15,  0.0929, -0.0201,     4,  122.8,  0.0951,  0.0090
 1993,     2,  16,  0.2174, -0.3466,     3,   77.1,  0.4091,  0.1674
 1993,     2,  17,  0.0234, -0.5616,     3,   47.4,  0.5620,  0.3159
 1993,     2,  18,  0.0108, -0.2650,     3,   47.3,  0.2652,  0.0703
 1993,     2,  19,  0.4244,  0.0029,     5,  135.4,  0.4244,  0.1801
 1993,     2,  20,  0.8066,  0.0594,     5,  139.2,  0.8088,  0.6542
 1993,     2,  21,  0.9339,  0.0825,     5,  140.0,  0.9375,  0.8790
 1993,     2,  22,  0.8129,  0.0062,     5,  135.4,  0.8129,  0.6608
 1993,     2,  23,  0.6576, -0.2730,     4,  112.5,  0.7120,  0.5070
 1993,     2,  24,  0.6853, -0.4670,     4,  100.7,  0.8293,  0.6877
 1993,     2,  25,  0.7629, -0.5347,     4,  100.0,  0.9316,  0.8679
 1993,     2,  26,  0.8857, -0.5345,     4,  103.9,  1.0344,  1.0700
 1993,     2,  27,  0.7829, -0.7380,     4,   91.7,  1.0759,  1.1575
 1993,     2,  28,  0.5308, -0.9255,     3,   74.8,  1.0669,  1.1383
 1993,     3,   1,  0.5483, -0.9388,     3,   75.3,  1.0872,  1.1820
 1993,     3,   2,  0.5214, -1.1823,     3,   68.8,  1.2921,  1.6696
 1993,     3,   3,  0.2903, -1.0521,     3,   60.4,  1.0914,  1.1912
 1993,     3,   4,  0.5360, -1.1355,     3,   70.3,  1.2556,  1.5766
 1993,     3,   5,  0.7236, -1.5521,     3,   70.0,  1.7125,  2.9326
 1993,     3,   6,  0.9328, -1.6833,     3,   74.0,  1.9245,  3.7037
 1993,     3,   7,  1.0538, -1.8118,     3,   75.2,  2.0960,  4.3931
 1993,     3,   8,  1.4639, -1.7978,     3,   84.2,  2.3185,  5.3753
 1993,     3,   9,  1.7810, -1.7279,     4,   90.9,  2.4815,  6.1577
 1993,     3,  10,  1.7414, -1.4302,     4,   95.6,  2.2534,  5.0780
 1993,     3,  11,  1.7593, -1.1013,     4,  103.0,  2.0756,  4.3080
 1993,     3,  12,  1.6681, -0.8859,     4,  107.0,  1.8887,  3.5674
 1993,     3,  13,  1.4699, -0.7565,     4,  107.8,  1.6532,  2.7329
 1993,     3,  14,  0.9789, -0.5796,     4,  104.4,  1.1376,  1.2940
 1993,     3,  15,  0.6939, -0.0599,     4,  130.1,  0.6964,  0.4850
 1993,     3,  16,  0.7212,  0.4862,     5,  169.0,  0.8698,  0.7565
 1993,     3,  17,  0.5712,  0.8409,     6,  190.8,  1.0165,  1.0334
 1993,     3,  18,  0.2767,  0.7609,     6,  205.0,  0.8096,  0.6555
 1993,     3,  19,  0.1205,  0.6191,     6,  214.0,  0.6307,  0.3978
 1993,     3,  20,  0.0266,  0.1384,     6,  214.1,  0.1410,  0.0199
 1993,     3,  21, -0.1387, -0.3909,     2,   25.5,  0.4147,  0.1720
 1993,     3,  22, -0.3163, -0.7679,     2,   22.6,  0.8305,  0.6897
 1993,     3,  23, -0.2701, -0.8571,     2,   27.5,  0.8986,  0.8076
 1993,     3,  24, -0.1955, -0.8960,     2,   32.7,  0.9171,  0.8411
 1993,     3,  25,  0.0991, -0.8919,     3,   51.3,  0.8974,  0.8053
 1993,     3,  26,  0.5885, -0.6736,     3,   86.1,  0.8945,  0.8001
 1993,     3,  27,  0.9130, -0.4520,     4,  108.7,  1.0188,  1.0379
 1993,     3,  28,  0.9873, -0.4099,     4,  112.5,  1.0690,  1.1428
 1993,     3,  29,  0.9334, -0.2259,     4,  121.4,  0.9603,  0.9222
 1993,     3,  30,  0.7662, -0.1011,     4,  127.5,  0.7729,  0.5973
 1993,     3,  31,  0.7856,  0.1054,     5,  142.6,  0.7926,  0.6282
 1993,     4,   1,  1.1710,  0.2579,     5,  147.4,  1.1990,  1.4377
 1993,     4,   2,  1.3285,  0.4163,     5,  152.4,  1.3922,  1.9383
 1993,     4,   3,  1.4652,  0.3578,     5,  148.7,  1.5082,  2.2747
 1993,     4,   4,  1.3810,  0.1213,     5,  140.0,  1.3863,  1.9218
 1993,     4,   5,  1.4232, -0.1600,     4,  128.6,  1.4322,  2.0512
 1993,     4,   6,  1.3302, -0.0052,     4,  134.8,  1.3303,  1.7696
 1993,     4,   7,  1.3280,  0.1105,     5,  139.8,  1.3326,  1.7759
 1993,     4,   8,  1.0746,  0.1821,     5,  144.6,  1.0899,  1.1879
 1993,     4,   9,  0.6738,  0.2100,     5,  152.3,  0.7057,  0.4980
 1993,     4,  10,  0.6828,  0.6131,     5,  176.9,  0.9177,  0.8422
 1993,     4,  11,  0.7108,  0.6786,     5,  178.7,  0.9827,  0.9658
 1993,     4,  12,  0.3869,  0.5885,     6,  191.7,  0.7043,  0.4960
 1993,     4,  13,  0.0288,  0.5411,     6,  221.9,  0.5418,  0.2936
 1993,     4,  14, -0.3129,  0.4969,     7,  257.2,  0.5872,  0.3448
 1993,     4,  15, -0.4337,  0.6796,     7,  257.5,  0.8061,  0.6499
 1993,     4,  16, -0.3612,  0.6983,     7,  252.4,  0.7862,  0.6181
 1993,     4,  17, -0.2977,  0.7180,     7,  247.5,  0.7773,  0.6042
 1993,     4,  18, -0.2548,  0.6839,     7,  245.4,  0.7299,  0.5327
 1993,     4,  19, -0.2639,  0.4114,     7,  257.7,  0.4888,  0.2389
 1993,     4,  20, -0.1661,  0.4048,     7,  247.3,  0.4376,  0.1915
 1993,     4,  21, -0.3143,  0.2045,     8,  282.0,  0.3749,  0.1406
 1993,     4,  22, -0.2337,  0.0516,     8,  302.6,  0.2393,  0.0573
 1993,     4,  23, -0.2564,  0.0962,     8,  294.4,  0.2739,  0.0750
 1993,     4,  24, -0.2292,  0.1782,     8,  277.1,  0.2903,  0.0843
 1993,     4,  25, -0.2443, -0.1199,     1,  341.1,  0.2722,  0.0741
 1993,     4,  26, -0.2723, -0.3856,     2,    9.8,  0.4721,  0.2229
 1993,     4,  27,  0.0196, -0.5228,     3,   47.1,  0.5231,  0.2737
 1993,     4,  28,  0.1900, -0.5380,     3,   64.5,  0.5706,  0.3256
 1993,     4,  29,  0.4763, -0.4602,     4,   91.0,  0.6623,  0.4387
 1993,     4,  30,  0.5610, -0.4090,     4,   98.9,  0.6943,  0.4820
 1993,     5,   1,  0.5875, -0.4197,     4,   99.5,  0.7220,  0.5213
 1993,     5,   2,  0.4741, -0.4607,     4,   90.8,  0.6611,  0.4370
 1993,     5,   3,  0.5075, -0.4388,     4,   94.2,  0.6709,  0.4501
 1993,     5,   4,  0.5708, -0.3710,     4,  102.0,  0.6808,  0.4635
 1993,     5,   5,  0.7056, -0.2146,     4,  118.1,  0.7375,  0.5439
 1993,     5,   6,  0.7113,  0.0724,     5,  140.8,  0.7150,  0.5112
 1993,     5,   7,  0.9145,  0.2152,     5,  148.2,  0.9394,  0.8825
 1993,     5,   8,  0.6480,  0.1557,     5,  148.5,  0.6664,  0.4441
 1993,     5,   9,  0.3761,  0.1097,     5,  151.3,  0.3917,  0.1535
 1993,     5,  10,  0.1754, -0.0213,     4,  128.1,  0.1767,  0.0312
 1993,     5,  11, -0.0060,  0.1127,     7,  228.1,  0.1129,  0.0127
 1993,     5,  12, -0.3007,  0.2951,     8,  270.5,  0.4213,  0.1775
 1993,     5,  13, -0.6588,  0.1129,     8,  305.3,  0.6684,  0.4467
 1993,     5,  14, -0.7309, -0.0597,     1,  319.7,  0.7334,  0.5378
 1993,     5,  15, -0.7973, -0.2255,     1,  330.8,  0.8286,  0.6866
 1993,     5,  16, -0.8754, -0.5332,     1,  346.3,  1.0250,  1.0506
 1993,     5,  17, -0.7175, -0.6897,     1,  358.9,  0.9952,  0.9905
 1993,     5,  18, -0.6091, -0.6592,     2,    2.3,  0.8975,  0.8055
 1993,     5,  19, -0.4680, -0.7034,     2,   11.4,  0.8449,  0.7139
 1993,     5,  20, -0.3002, -0.7592,     2,   23.4,  0.8163,  0.6664
 1993,     5,  21, -0.3598, -0.6042,     2,   14.2,  0.7032,  0.4945
 1993,     5,  22, -0.2780, -0.5112,     2,   16.5,  0.5819,  0.3386
 1993,     5,  23, -0.3904, -0.6695,     2,   14.8,  0.7750,  0.6006
 1993,     5,  24, -0.2774, -0.9867,     2,   29.3,  1.0249,  1.0505
 1993,     5,  25, -0.0418, -1.4798,     2,   43.4,  1.4804,  2.1915
 1993,     5,  26, -0.0760, -1.8672,     2,   42.7,  1.8687,  3.4921
 1993,     5,  27,  0.0184, -1.9132,     3,   45.5,  1.9133,  3.6605
 1993,     5,  28,  0.2764, -1.9891,     3,   52.9,  2.0082,  4.0328
 1993,     5,  29,  0.6515, -1.9411,     3,   63.6,  2.0475,  4.1923
 1993,     5,  30,  1.0208, -1.8972,     3,   73.3,  2.1543,  4.6412
 1993,     5,  31,  1.0764, -1.8811,     3,   74.8,  2.1673,  4.6970
 1993,     6,   1,  1.0427, -1.4981,     3,   79.8,  1.8252,  3.3314
 1993,     6,   2,  1.2525, -1.3196,     3,   88.5,  1.8194,  3.3101
 1993,     6,   3,  1.2756, -1.1645,     4,   92.6,  1.7272,  2.9833
 1993,     6,   4,  1.2791, -0.9261,     4,   99.1,  1.5791,  2.4936
 1993,     6,   5,  1.4653, -0.6903,     4,  109.8,  1.6198,  2.6236
 1993,     6,   6,  1.6286, -0.4024,     4,  121.1,  1.6776,  2.8142
 1993,     6,   7,  1.6208,  0.1008,     5,  138.6,  1.6239,  2.6371
 1993,     6,   8,  1.5705,  0.3266,     5,  146.7,  1.6041,  2.5733
 1993,     6,   9,  1.3291,  0.5636,     5,  158.0,  1.4436,  2.0840
 1993,     6,  10,  1.0845,  1.0115,     5,  178.0,  1.4830,  2.1992
 1993,     6,  11,  0.9874,  1.3314,     6,  188.4,  1.6576,  2.7477
 1993,     6,  12,  0.8463,  1.2383,     6,  190.6,  1.4999,  2.2496
 1993,     6,  13,  0.4210,  0.9903,     6,  202.0,  1.0761,  1.1579
 1993,     6,  14,  0.1263,  0.7420,     6,  215.3,  0.7527,  0.5666
 1993,     6,  15, -0.0807,  0.4880,     7,  234.4,  0.4946,  0.2446
 1993,     6,  16, -0.3108,  0.5555,     7,  254.2,  0.6365,  0.4051
 1993,     6,  17, -0.5924,  0.3782,     8,  282.4,  0.7028,  0.4940
 1993,     6,  18, -0.7837,  0.3790,     8,  289.2,  0.8706,  0.7579
 1993,     6,  19, -0.9577,  0.3970,     8,  292.5,  1.0368,  1.0749
 1993,     6,  20, -1.1585,  0.0942,     8,  310.4,  1.1623,  1.3510
 1993,     6,  21, -1.3336, -0.0971,     1,  319.2,  1.3371,  1.7878
 1993,     6,  22, -1.3135, -0.2981,     1,  327.8,  1.3469,  1.8141
 1993,     6,  23, -1.1785, -0.3717,     1,  332.5,  1.2358,  1.5271
 1993,     6,  24, -0.9802, -0.4001,     1,  337.2,  1.0587,  1.1209
 1993,     6,  25, -0.7001, -0.5827,     1,  354.8,  0.9109,  0.8297
 1993,     6,  26, -0.6255, -0.9250,     2,   10.9,  1.1166,  1.2468
 1993,     6,  27, -0.7133, -1.1692,     2,   13.6,  1.3696,  1.8758
 1993,     6,  28, -0.8610, -1.2671,     2,   10.8,  1.5320,  2.3470
 1993,     6,  29, -0.7714, -1.3139,     2,   14.6,  1.5236,  2.3213
 1993,     6,  30, -0.5905, -1.2638,     2,   20.0,  1.3949,  1.9458
 1993,     7,   1, -0.4874, -1.1297,     2,   21.7,  1.2303,  1.5137
 1993,     7,   2, -0.3810, -1.2301,     2,   27.8,  1.2878,  1.6584
 1993,     7,   3, -0.2191, -1.0475,     2,   33.2,  1.0702,  1.1452
 1993,     7,   4,  0.0849, -0.7644,     3,   51.3,  0.7691,  0.5916
 1993,     7,   5,  0.3993, -0.4415,     3,   87.1,  0.5952,  0.3543
 1993,     7,   6,  0.5129, -0.2298,     4,  110.9,  0.5620,  0.3158
 1993,     7,   7,  0.5040, -0.3549,     4,   99.8,  0.6164,  0.3800
 1993,     7,   8,  0.2542, -0.3412,     3,   81.7,  0.4254,  0.1810
 1993,     7,   9,  0.0894, -0.0039,     4,  132.5,  0.0895,  0.0080
 1993,     7,  10,  0.0989,  0.2315,     6,  201.9,  0.2517,  0.0634
 1993,     7,  11, -0.2187,  0.3836,     7,  254.7,  0.4416,  0.1950
 1993,     7,  12, -0.3397,  0.2182,     8,  282.3,  0.4037,  0.1630
 1993,     7,  13, -0.4365,  0.0283,     8,  311.3,  0.4374,  0.1913
 1993,     7,  14, -0.4460, -0.3388,     1,  352.2,  0.5601,  0.3137
 1993,     7,  15, -0.3521, -0.7411,     2,   19.6,  0.8205,  0.6732
 1993,     7,  16, -0.1431, -0.8580,     2,   35.5,  0.8698,  0.7566
 1993,     7,  17, -0.0722, -0.6158,     2,   38.3,  0.6200,  0.3844
 1993,     7,  18,  0.1217, -0.2976,     3,   67.2,  0.3215,  0.1034
 1993,     7,  19,  0.3222,  0.0941,     5,  151.3,  0.3356,  0.1127
 1993,     7,  20,  0.6819,  0.2863,     5,  157.8,  0.7395,  0.5469
 1993,     7,  21,  0.7351,  0.3833,     5,  162.5,  0.8290,  0.6873
 1993,     7,  22,  0.8376,  0.3870,     5,  159.8,  0.9227,  0.8514
 1993,     7,  23,  0.9309,  0.3389,     5,  155.0,  0.9907,  0.9814
 1993,     7,  24,  0.9351,  0.2075,     5,  147.5,  0.9579,  0.9175
 1993,     7,  25,  0.7963,  0.3701,     5,  159.9,  0.8781,  0.7711
 1993,     7,  26,  0.7905,  0.4327,     5,  163.7,  0.9012,  0.8122
 1993,     7,  27,  0.9753,  0.4668,     5,  160.6,  1.0812,  1.1690
 1993,     7,  28,  1.0320,  0.5662,     5,  163.8,  1.1771,  1.3856
 1993,     7,  29,  1.2353,  0.7197,     5,  165.2,  1.4296,  2.0438
 1993,     7,  30,  1.3449,  0.7961,     5,  165.6,  1.5628,  2.4424
 1993,     7,  31,  1.2071,  0.9418,     5,  173.0,  1.5310,  2.3441
 1993,     8,   1,  1.1160,  1.3790,     6,  186.0,  1.7740,  3.1473
 1993,     8,   2,  1.1328,  1.4355,     6,  186.7,  1.8287,  3.3440
 1993,     8,   3,  1.0771,  1.8443,     6,  194.7,  2.1358,  4.5616
 1993,     8,   4,  0.9870,  1.8835,     6,  197.3,  2.1264,  4.5218
 1993,     8,   5,  0.6047,  1.7711,     6,  206.1,  1.8715,  3.5025
 1993,     8,   6,  0.0547,  1.8879,     6,  223.3,  1.8887,  3.5671
 1993,     8,   7, -0.4496,  1.7883,     7,  239.1,  1.8440,  3.4003
 1993,     8,   8, -0.5708,  1.6278,     7,  244.3,  1.7250,  2.9757
 1993,     8,   9, -0.4180,  1.1964,     7,  244.3,  1.2673,  1.6061
 1993,     8,  10, -0.4883,  1.0084,     7,  250.8,  1.1204,  1.2553
 1993,     8,  11, -0.4905,  0.9005,     7,  253.6,  1.0254,  1.0515
 1993,     8,  12, -0.5811,  0.7147,     7,  264.1,  0.9211,  0.8485
 1993,     8,  13, -0.7356,  0.4845,     8,  281.6,  0.8808,  0.7759
 1993,     8,  14, -0.8392,  0.2827,     8,  296.4,  0.8856,  0.7842
 1993,     8,  15, -0.9239,  0.0621,     8,  311.2,  0.9260,  0.8574
 1993,     8,  16, -0.9862,  0.0653,     8,  311.2,  0.9883,  0.9768
 1993,     8,  17, -1.1539,  0.1299,     8,  308.6,  1.1612,  1.3484
 1993,     8,  18, -1.1151,  0.0454,     8,  312.7,  1.1160,  1.2455
 1993,     8,  19, -1.1798, -0.1077,     1,  320.2,  1.1847,  1.4034
 1993,     8,  20, -1.1611, -0.1751,     1,  323.6,  1.1742,  1.3787
 1993,     8,  21, -1.1022, -0.1591,     1,  323.2,  1.1136,  1.2402
 1993,     8,  22, -0.9787, -0.1704,     1,  324.9,  0.9934,  0.9869
 1993,     8,  23, -0.9489, -0.1941,     1,  326.6,  0.9686,  0.9382
 1993,     8,  24, -0.7257, -0.2413,     1,  333.4,  0.7648,  0.5849
 1993,     8,  25, -0.4365, -0.0702,     1,  324.1,  0.4421,  0.1955
 1993,     8,  26, -0.4632,  0.0391,     8,  310.2,  0.4648,  0.2161
 1993,     8,  27, -0.4966,  0.0479,     8,  309.5,  0.4989,  0.2489
 1993,     8,  28, -0.4917,  0.1152,     8,  301.8,  0.5050,  0.2550
 1993,     8,  29, -0.3083, -0.0804,     1,  329.6,  0.3186,  0.1015
 1993,     8,  30, -0.2723, -0.2635,     1,  359.1,  0.3789,  0.1436
 1993,     8,  31, -0.2424, -0.2499,     2,    0.9,  0.3481,  0.1212
 1993,     9,   1, -0.3818, -0.4118,     2,    2.2,  0.5615,  0.3153
 1993,     9,   2, -0.1777, -0.5508,     2,   27.1,  0.5787,  0.3349
 1993,     9,   3, -0.0571, -0.6362,     2,   39.9,  0.6388,  0.4080
 1993,     9,   4,  0.1574, -0.7252,     3,   57.2,  0.7421,  0.5507
 1993,     9,   5,  0.1102, -0.8008,     3,   52.8,  0.8084,  0.6535
 1993,     9,   6,  0.0830, -0.5551,     3,   53.5,  0.5612,  0.3150
 1993,     9,   7,  0.0554, -0.5669,     3,   50.6,  0.5696,  0.3244
 1993,     9,   8, -0.0194, -0.6224,     2,   43.2,  0.6227,  0.3877
 1993,     9,   9, -0.0973, -0.5914,     2,   35.7,  0.5993,  0.3592
 1993,     9,  10, -0.2412, -0.8571,     2,   29.3,  0.8903,  0.7927
 1993,     9,  11, -0.1226, -0.7308,     2,   35.5,  0.7410,  0.5491
 1993,     9,  12, -0.0140, -0.6255,     2,   43.7,  0.6256,  0.3914
 1993,     9,  13,  0.0357, -0.4791,     3,   49.3,  0.4805,  0.2308
 1993,     9,  14, -0.0768, -0.1101,     2,   10.1,  0.1342,  0.0180
 1993,     9,  15, -0.1903,  0.0996,     8,  287.4,  0.2148,  0.0461
 1993,     9,  16, -0.2463,  0.1235,     8,  288.4,  0.2755,  0.0759
 1993,     9,  17, -0.1782,  0.0163,     8,  309.8,  0.1789,  0.0320
 1993,     9,  18, -0.2367, -0.2242,     1,  358.4,  0.3260,  0.1063
 1993,     9,  19, -0.3343, -0.0773,     1,  328.0,  0.3431,  0.1177
 1993,     9,  20, -0.3013,  0.0599,     8,  303.8,  0.3072,  0.0944
 1993,     9,  21, -0.2762,  0.2205,     8,  276.4,  0.3534,  0.1249
 1993,     9,  22, -0.0943,  0.1352,     7,  259.9,  0.1648,  0.0272
 1993,     9,  23,  0.0613, -0.0612,     4,   90.1,  0.0866,  0.0075
 1993,     9,  24,  0.1757, -0.0969,     4,  106.1,  0.2006,  0.0402
 1993,     9,  25,  0.2347, -0.0428,     4,  124.7,  0.2386,  0.0569
 1993,     9,  26,  0.2750,  0.1329,     5,  160.8,  0.3054,  0.0933
 1993,     9,  27,  0.4551,  0.1339,     5,  151.4,  0.4744,  0.2251
 1993,     9,  28,  0.6653, -0.0409,     4,  131.5,  0.6666,  0.4443
 1993,     9,  29,  0.6247, -0.0036,     4,  134.7,  0.6247,  0.3902
 1993,     9,  30,  0.7824,  0.1386,     5,  145.0,  0.7946,  0.6314
 1993,    10,   1,  1.1146,  0.1167,     5,  141.0,  1.1207,  1.2561
 1993,    10,   2,  1.2444,  0.2309,     5,  145.5,  1.2656,  1.6018
 1993,    10,   3,  1.4511,  0.1077,     5,  139.2,  1.4551,  2.1173
 1993,    10,   4,  1.5764,  0.0055,     5,  135.2,  1.5764,  2.4850
 1993,    10,   5,  1.4069, -0.2152,     4,  126.3,  1.4233,  2.0258
 1993,    10,   6,  1.5009, -0.0963,     4,  131.3,  1.5040,  2.2619
 1993,    10,   7,  1.3147, -0.1033,     4,  130.5,  1.3188,  1.7392
 1993,    10,   8,  0.9893,  0.1845,     5,  145.6,  1.0063,  1.0127
 1993,    10,   9,  0.8834,  0.5315,     5,  166.0,  1.0309,  1.0628
 1993,    10,  10,  0.8245,  0.6019,     5,  171.1,  1.0208,  1.0420
 1993,    10,  11,  0.5284,  0.4298,     5,  174.1,  0.6812,  0.4640
 1993,    10,  12,  0.4785,  0.2490,     5,  162.5,  0.5394,  0.2909
 1993,    10,  13,  0.4967,  0.3554,     5,  170.6,  0.6108,  0.3730
 1993,    10,  14,  0.4388,  0.3061,     5,  169.9,  0.5350,  0.2862
 1993,    10,  15,  0.2089,  0.2493,     6,  185.0,  0.3253,  0.1058
 1993,    10,  16,  0.1008,  0.3232,     6,  207.7,  0.3385,  0.1146
 1993,    10,  17, -0.0473,  0.6613,     7,  229.1,  0.6630,  0.4396
 1993,    10,  18, -0.1274,  0.8620,     7,  233.4,  0.8713,  0.7592
 1993,    10,  19, -0.1068,  1.0167,     7,  231.0,  1.0223,  1.0452
 1993,    10,  20,  0.0493,  1.1155,     6,  222.5,  1.1166,  1.2469
 1993,    10,  21,  0.2535,  1.1638,     6,  212.7,  1.1911,  1.4186
 1993,    10,  22,  0.0852,  1.1266,     6,  220.7,  1.1298,  1.2766
 1993,    10,  23, -0.2011,  1.1832,     7,  234.6,  1.2002,  1.4405
 1993,    10,  24, -0.7451,  1.2774,     7,  255.3,  1.4788,  2.1868
 1993,    10,  25, -1.4136,  1.2453,     8,  273.6,  1.8838,  3.5488
 1993,    10,  26, -1.9988,  1.1058,     8,  286.0,  2.2843,  5.2181
 1993,    10,  27, -2.0279,  0.9893,     8,  289.0,  2.2564,  5.0913
 1993,    10,  28, -1.9823,  0.5347,     8,  299.9,  2.0532,  4.2155
 1993,    10,  29, -2.0067,  0.1207,     8,  311.6,  2.0103,  4.0414
 1993,    10,  30, -2.0275, -0.1782,     1,  320.0,  2.0353,  4.1426
 1993,    10,  31, -1.6962, -0.4931,     1,  331.2,  1.7664,  3.1202
 1993,    11,   1, -1.3736, -0.8541,     1,  346.9,  1.6175,  2.6161
 1993,    11,   2, -1.1458, -1.4035,     2,    5.8,  1.8118,  3.2826
 1993,    11,   3, -0.9187, -1.6408,     2,   15.8,  1.8805,  3.5361
 1993,    11,   4, -0.5485, -1.6600,     2,   26.7,  1.7483,  3.0564
 1993,    11,   5, -0.1011, -1.5682,     2,   41.3,  1.5714,  2.4693
 1993,    11,   6,  0.1759, -1.6284,     3,   51.2,  1.6379,  2.6828
 1993,    11,   7,  0.4133, -1.4612,     3,   60.8,  1.5185,  2.3060
 1993,    11,   8,  0.7427, -1.0893,     3,   79.3,  1.3184,  1.7382
 1993,    11,   9,  0.9791, -0.6530,     4,  101.3,  1.1768,  1.3850
 1993,    11,  10,  1.1758, -0.3154,     4,  120.0,  1.2174,  1.4821
 1993,    11,  11,  1.4070,  0.2723,     5,  146.0,  1.4331,  2.0539
 1993,    11,  12,  1.2688,  0.5848,     5,  159.7,  1.3971,  1.9518
 1993,    11,  13,  0.9121,  0.7126,     5,  173.0,  1.1574,  1.3397
 1993,    11,  14,  0.4340,  0.7619,     6,  195.3,  0.8768,  0.7689
 1993,    11,  15,  0.1218,  0.7376,     6,  215.6,  0.7476,  0.5589
 1993,    11,  16,  0.2095,  0.7535,     6,  209.5,  0.7821,  0.6116
 1993,    11,  17,  0.1319,  0.4834,     6,  209.7,  0.5011,  0.2511
 1993,    11,  18, -0.3008,  0.2786,     8,  272.2,  0.4100,  0.1681
 1993,    11,  19, -0.5072,  0.1166,     8,  302.0,  0.5204,  0.2709
 1993,    11,  20, -0.6097,  0.0578,     8,  309.6,  0.6125,  0.3751
 1993,    11,  21, -0.7293, -0.0236,     1,  316.9,  0.7297,  0.5324
 1993,    11,  22, -0.6515, -0.3298,     1,  341.9,  0.7302,  0.5332
 1993,    11,  23, -0.4874, -0.5727,     2,    4.6,  0.7521,  0.5656
 1993,    11,  24, -0.4796, -0.6407,     2,    8.2,  0.8004,  0.6406
 1993,    11,  25, -0.4712, -0.8572,     2,   16.2,  0.9781,  0.9567
 1993,    11,  26, -0.2515, -0.9787,     2,   30.6,  1.0105,  1.0211
 1993,    11,  27, -0.2444, -1.2592,     2,   34.0,  1.2827,  1.6453
 1993,    11,  28, -0.2233, -1.5397,     2,   36.7,  1.5558,  2.4206
 1993,    11,  29,  0.3514, -1.5939,     3,   57.4,  1.6322,  2.6641
 1993,    11,  30,  0.6762, -1.4964,     3,   69.3,  1.6420,  2.6963
 1993,    12,   1,  0.8266, -1.2030,     3,   79.5,  1.4596,  2.1304
 1993,    12,   2,  0.8647, -1.0098,     3,   85.6,  1.3295,  1.7675
 1993,    12,   3,  1.0245, -0.9579,     4,   91.9,  1.4026,  1.9673
 1993,    12,   4,  1.1901, -0.7692,     4,  102.1,  1.4170,  2.0079
 1993,    12,   5,  1.3169, -0.4432,     4,  116.4,  1.3895,  1.9307
 1993,    12,   6,  1.4337, -0.3188,     4,  122.5,  1.4687,  2.1571
 1993,    12,   7,  1.4956, -0.2774,     4,  124.5,  1.5211,  2.3138
 1993,    12,   8,  1.4208, -0.1148,     4,  130.4,  1.4254,  2.0318
 1993,    12,   9,  1.1808, -0.1996,     4,  125.4,  1.1975,  1.4341
 1993,    12,  10,  0.7030, -0.1695,     4,  121.4,  0.7232,  0.5230
 1993,    12,  11,  0.4785, -0.2967,     4,  103.2,  0.5630,  0.3170
 1993,    12,  12,  0.4255, -0.2742,     4,  102.2,  0.5062,  0.2563
 1993,    12,  13,  0.1329, -0.1033,     4,   97.2,  0.1683,  0.0283
 1993,    12,  14,  0.0941,  0.2643,     6,  205.4,  0.2805,  0.0787
 1993,    12,  15,  0.0132,  0.3635,     6,  222.9,  0.3637,  0.1323
 1993,    12,  16,  0.0053,  0.3080,     6,  224.0,  0.3081,  0.0949
 1993,    12,  17, -0.0243,  0.1598,     7,  233.6,  0.1617,  0.0261
 1993,    12,  18,  0.2531,  0.1183,     5,  160.0,  0.2794,  0.0781
 1993,    12,  19,  0.5362,  0.3098,     5,  165.0,  0.6193,  0.3835
 1993,    12,  20,  0.6441,  0.4812,     5,  171.8,  0.8040,  0.6464
 1993,    12,  21,  0.3168,  0.4777,     6,  191.4,  0.5732,  0.3286
 1993,    12,  22,  0.0124,  0.4540,     6,  223.4,  0.4542,  0.2063
 1993,    12,  23, -0.0586,  0.5301,     7,  231.3,  0.5333,  0.2845
 1993,    12,  24, -0.0020,  0.5835,     7,  225.2,  0.5835,  0.3405
 1993,    12,  25, -0.2293,  0.5704,     7,  246.9,  0.6147,  0.3779
 1993,    12,  26,  0.0594,  0.6507,     6,  219.8,  0.6534,  0.4269
 1993,    12,  27,  0.3853,  0.8904,     6,  201.6,  0.9702,  0.9412
 1993,    12,  28,  0.3268,  1.0049,     6,  207.0,  1.0567,  1.1166
 1993,    12,  29,  0.2897,  1.1681,     6,  211.1,  1.2035,  1.4485
 1993,    12,  30,  0.0822,  1.2276,     6,  221.2,  1.2304,  1.5139
 1993,    12,  31, -0.0216,  1.0277,     7,  226.2,  1.0279,  1.0566
 1994,     1,   1, -0.1634,  0.5379,     7,  241.9,  0.5622,  0.3160
 1994,     1,   2, -0.1910,  0.0122,     8,  311.3,  0.1914,  0.0366
 1994,     1,   3, -0.4122, -0.0655,     1,  324.0,  0.4173,  0.1742
 1994,     1,   4, -0.7055,  0.1685,     8,  301.6,  0.7253,  0.5261
 1994,     1,   5, -0.8960,  0.3452,     8,  293.9,  0.9602,  0.9220
 1994,     1,   6, -1.0728,  0.0724,     8,  311.1,  1.0753,  1.1562
 1994,     1,   7, -1.3078, -0.0259,     1,  316.1,  1.3080,  1.7109
 1994,     1,   8, -1.1972,  0.0042,     8,  314.8,  1.1972,  1.4334
 1994,     1,   9, -0.9559, -0.1231,     1,  322.3,  0.9638,  0.9288
 1994,     1,  10, -0.9019, -0.1448,     1,  324.1,  0.9134,  0.8344
 1994,     1,  11, -0.7482, -0.3506,     1,  340.1,  0.8263,  0.6827
 1994,     1,  12, -0.6479, -0.5656,     1,  356.1,  0.8600,  0.7397
 1994,     1,  13, -0.7583, -0.5915,     1,  353.0,  0.9617,  0.9249
 1994,     1,  14, -0.6119, -0.5770,     1,  358.3,  0.8410,  0.7073
 1994,     1,  15, -0.4604, -0.5717,     2,    6.2,  0.7341,  0.5389
 1994,     1,  16, -0.1089, -0.6438,     2,   35.4,  0.6530,  0.4264
 1994,     1,  17,  0.2044, -0.7668,     3,   59.9,  0.7935,  0.6297
 1994,     1,  18,  0.3512, -0.6102,     3,   74.9,  0.7041,  0.4958
 1994,     1,  19,  0.4505, -0.4528,     3,   89.9,  0.6388,  0.4080
 1994,     1,  20,  0.5785,  0.0541,     5,  140.3,  0.5811,  0.3376
 1994,     1,  21,  0.6298,  0.0894,     5,  143.1,  0.6361,  0.4047
 1994,     1,  22,  0.6335, -0.2305,     4,  115.0,  0.6742,  0.4545
 1994,     1,  23,  0.6715, -0.5250,     4,   97.0,  0.8523,  0.7265
 1994,     1,  24,  0.5855, -0.3772,     4,  102.2,  0.6964,  0.4850
 1994,     1,  25,  0.5990, -0.3903,     4,  101.9,  0.7149,  0.5111
 1994,     1,  26,  0.3081, -0.5676,     3,   73.5,  0.6459,  0.4171
 1994,     1,  27, -0.1565, -0.4528,     2,   25.9,  0.4791,  0.2295
 1994,     1,  28, -0.3613, -0.5195,     2,   10.2,  0.6328,  0.4004
 1994,     1,  29, -0.3253, -0.6462,     2,   18.3,  0.7235,  0.5234
 1994,     1,  30, -0.3656, -0.7834,     2,   20.0,  0.8645,  0.7473
 1994,     1,  31, -0.5249, -1.0540,     2,   18.5,  1.1775,  1.3864
 1994,     2,   1, -0.7669, -1.3173,     2,   14.8,  1.5242,  2.3233
 1994,     2,   2, -0.7263, -1.7264,     2,   22.2,  1.8730,  3.5081
 1994,     2,   3, -0.8190, -1.8555,     2,   21.2,  2.0282,  4.1137
 1994,     2,   4, -0.3860, -1.7718,     2,   32.7,  1.8133,  3.2881
 1994,     2,   5, -0.0191, -1.8319,     2,   44.4,  1.8320,  3.3562
 1994,     2,   6,  0.3363, -1.8078,     3,   55.5,  1.8388,  3.3813
 1994,     2,   7,  0.5965, -1.7361,     3,   64.0,  1.8357,  3.3698
 1994,     2,   8,  0.9360, -1.5222,     3,   76.6,  1.7869,  3.1930
 1994,     2,   9,  1.1768, -1.6006,     3,   81.3,  1.9866,  3.9466
 1994,     2,  10,  1.1078, -1.5655,     3,   80.3,  1.9178,  3.6781
 1994,     2,  11,  1.0907, -1.3645,     3,   83.6,  1.7469,  3.0516
 1994,     2,  12,  1.3153, -1.2738,     4,   90.9,  1.8310,  3.3526
 1994,     2,  13,  1.4958, -1.1512,     4,   97.4,  1.8875,  3.5625
 1994,     2,  14,  1.7570, -0.9809,     4,  105.8,  2.0123,  4.0493
 1994,     2,  15,  1.8727, -0.6960,     4,  114.6,  1.9978,  3.9913
 1994,     2,  16,  2.0337, -0.2102,     4,  129.1,  2.0445,  4.1800
 1994,     2,  17,  2.1049,  0.3666,     5,  144.9,  2.1366,  4.5652
 1994,     2,  18,  2.1084,  0.9592,     5,  159.5,  2.3163,  5.3655
 1994,     2,  19,  1.8361,  1.2021,     5,  168.2,  2.1946,  4.8162
 1994,     2,  20,  1.5278,  1.5960,     6,  181.3,  2.2093,  4.8811
 1994,     2,  21,  1.4355,  2.0413,     6,  189.9,  2.4955,  6.2276
 1994,     2,  22,  1.0954,  2.0628,     6,  197.0,  2.3356,  5.4550
 1994,     2,  23,  0.4475,  1.8518,     6,  211.4,  1.9051,  3.6295
 1994,     2,  24, -0.0122,  1.9401,     7,  225.4,  1.9401,  3.7641
 1994,     2,  25, -0.1507,  1.8329,     7,  229.7,  1.8391,  3.3823
 1994,     2,  26, -0.2806,  1.6780,     7,  234.5,  1.7013,  2.8945
 1994,     2,  27, -0.6800,  1.4693,     7,  249.8,  1.6191,  2.6214
 1994,     2,  28, -0.8636,  1.1309,     7,  262.4,  1.4229,  2.0246
 1994,     3,   1, -1.0008,  0.6086,     8,  283.7,  1.1713,  1.3720
 1994,     3,   2, -1.1026,  0.0923,     8,  310.2,  1.1065,  1.2243
 1994,     3,   3, -1.1763, -0.0925,     1,  319.5,  1.1799,  1.3921
 1994,     3,   4, -1.0556,  0.0321,     8,  313.3,  1.0561,  1.1153
 1994,     3,   5, -0.6820,  0.1158,     8,  305.4,  0.6918,  0.4786
 1994,     3,   6, -0.7202,  0.2491,     8,  295.9,  0.7621,  0.5807
 1994,     3,   7, -0.7229,  0.1143,     8,  306.0,  0.7319,  0.5356
 1994,     3,   8, -0.6192, -0.1183,     1,  325.8,  0.6304,  0.3975
 1994,     3,   9, -0.5681, -0.6202,     2,    2.5,  0.8411,  0.7074
 1994,     3,  10, -0.6544, -0.9884,     2,   11.5,  1.1854,  1.4052
 1994,     3,  11, -0.4962, -1.2071,     2,   22.7,  1.3051,  1.7032
 1994,     3,  12, -0.1882, -1.2655,     2,   36.5,  1.2794,  1.6368
 1994,     3,  13,  0.3414, -1.3593,     3,   59.1,  1.4015,  1.9642
 1994,     3,  14,  0.5693, -1.3024,     3,   68.6,  1.4214,  2.0205
 1994,     3,  15,  0.3938, -0.9745,     3,   67.0,  1.0510,  1.1047
 1994,     3,  16,  0.0477, -0.8130,     3,   48.4,  0.8144,  0.6633
 1994,     3,  17, -0.0807, -0.5734,     2,   37.0,  0.5790,  0.3353
 1994,     3,  18,  0.0263, -0.4871,     3,   48.1,  0.4878,  0.2379
 1994,     3,  19, -0.1033, -0.3381,     2,   28.0,  0.3535,  0.1250
 1994,     3,  20,  0.0021, -0.3614,     3,   45.3,  0.3614,  0.1306
 1994,     3,  21,  0.0603, -0.3072,     3,   56.1,  0.3130,  0.0980
 1994,     3,  22,  0.1952, -0.2828,     3,   79.6,  0.3436,  0.1181
 1994,     3,  23,  0.3182, -0.2488,     4,   97.0,  0.4039,  0.1632
 1994,     3,  24,  0.2216, -0.0353,     4,  125.9,  0.2244,  0.0504
 1994,     3,  25,  0.0430,  0.1153,     6,  204.5,  0.1230,  0.0151
 1994,     3,  26, -0.1129,  0.1843,     7,  256.5,  0.2161,  0.0467
 1994,     3,  27, -0.4116,  0.0290,     8,  311.0,  0.4126,  0.1702
 1994,     3,  28, -0.7220, -0.1305,     1,  325.2,  0.7337,  0.5383
 1994,     3,  29, -0.8655, -0.2661,     1,  332.1,  0.9054,  0.8198
 1994,     3,  30, -0.7652, -0.3304,     1,  338.4,  0.8335,  0.6947
 1994,     3,  31, -0.5774, -0.3150,     1,  343.6,  0.6577,  0.4326
 1994,     4,   1, -0.2656, -0.4218,     2,   12.8,  0.4985,  0.2485
 1994,     4,   2, -0.0703, -0.3002,     2,   31.8,  0.3083,  0.0950
 1994,     4,   3,  0.0989, -0.2365,     3,   67.7,  0.2563,  0.0657
 1994,     4,   4, -0.0262,  0.0945,     7,  240.5,  0.0981,  0.0096
 1994,     4,   5,  0.0409,  0.3424,     6,  218.2,  0.3448,  0.1189
 1994,     4,   6,  0.1903,  0.6350,     6,  208.3,  0.6629,  0.4394
 1994,     4,   7,  0.1900,  0.6806,     6,  209.4,  0.7067,  0.4994
 1994,     4,   8,  0.0549,  0.5655,     6,  219.5,  0.5682,  0.3228
 1994,     4,   9, -0.2571,  0.6262,     7,  247.3,  0.6769,  0.4582
 1994,     4,  10, -0.1931,  0.5429,     7,  244.6,  0.5762,  0.3320
 1994,     4,  11, -0.3104,  0.2940,     8,  271.6,  0.4276,  0.1828
 1994,     4,  12, -0.7685,  0.1594,     8,  303.3,  0.7848,  0.6160
 1994,     4,  13, -1.1777,  0.0705,     8,  311.6,  1.1798,  1.3918
 1994,     4,  14, -1.3236, -0.0221,     1,  316.0,  1.3238,  1.7523
 1994,     4,  15, -1.0909, -0.0495,     1,  317.6,  1.0920,  1.1925
 1994,     4,  16, -0.8374, -0.0586,     1,  319.0,  0.8394,  0.7047
 1994,     4,  17, -0.3919,  0.0077,     8,  313.9,  0.3920,  0.1536
 1994,     4,  18, -0.0781,  0.1560,     7,  251.6,  0.1745,  0.0304
 1994,     4,  19, -0.0769,  0.2751,     7,  240.6,  0.2857,  0.0816
 1994,     4,  20, -0.2044,  0.4950,     7,  247.4,  0.5356,  0.2868
 1994,     4,  21, -0.1566,  0.7153,     7,  237.3,  0.7322,  0.5362
 1994,     4,  22, -0.2699,  0.6590,     7,  247.3,  0.7121,  0.5072
 1994,     4,  23, -0.5816,  0.5576,     8,  271.2,  0.8057,  0.6491
 1994,     4,  24, -0.9330,  0.3860,     8,  292.5,  1.0097,  1.0196
 1994,     4,  25, -1.0512,  0.0886,     8,  310.2,  1.0549,  1.1128
 1994,     4,  26, -0.9788, -0.3481,     1,  334.6,  1.0389,  1.0793
 1994,     4,  27, -0.6649, -0.6345,     1,  358.7,  0.9190,  0.8446
 1994,     4,  28, -0.3710, -0.7714,     2,   19.3,  0.8559,  0.7326
 1994,     4,  29,  0.1414, -0.6896,     3,   56.6,  0.7040,  0.4956
 1994,     4,  30,  0.5404, -0.3859,     4,   99.5,  0.6640,  0.4409
 1994,     5,   1,  0.8854,  0.0777,     5,  140.0,  0.8888,  0.7899
 1994,     5,   2,  0.9474,  0.5796,     5,  166.5,  1.1106,  1.2335
 1994,     5,   3,  0.7666,  0.8462,     6,  182.8,  1.1418,  1.3037
 1994,     5,   4,  0.6124,  0.9627,     6,  192.5,  1.1410,  1.3018
 1994,     5,   5,  0.6503,  0.8957,     6,  189.0,  1.1068,  1.2251
 1994,     5,   6,  0.6402,  1.1326,     6,  195.5,  1.3010,  1.6926
 1994,     5,   7,  0.5706,  1.1122,     6,  197.8,  1.2500,  1.5625
 1994,     5,   8,  0.5486,  1.3725,     6,  203.2,  1.4780,  2.1846
 1994,     5,   9,  0.5500,  1.6887,     6,  207.0,  1.7760,  3.1541
 1994,     5,  10,  0.5206,  2.1075,     6,  211.1,  2.1709,  4.7126
 1994,     5,  11,  0.2389,  2.1559,     6,  218.7,  2.1691,  4.7050
 1994,     5,  12, -0.1952,  2.1821,     7,  230.1,  2.1908,  4.7998
 1994,     5,  13, -0.6539,  2.1588,     7,  241.9,  2.2557,  5.0880
 1994,     5,  14, -1.0816,  2.1538,     7,  251.7,  2.4101,  5.8086
 1994,     5,  15, -1.4243,  1.7214,     7,  264.6,  2.2342,  4.9917
 1994,     5,  16, -1.4922,  1.1719,     8,  276.9,  1.8974,  3.6001
 1994,     5,  17, -1.4923,  0.8048,     8,  286.7,  1.6955,  2.8748
 1994,     5,  18, -1.4787,  0.4055,     8,  299.7,  1.5332,  2.3508
 1994,     5,  19, -1.5593,  0.2432,     8,  306.1,  1.5782,  2.4907
 1994,     5,  20, -1.8015,  0.1810,     8,  309.3,  1.8106,  3.2783
 1994,     5,  21, -1.9425,  0.1303,     8,  311.2,  1.9468,  3.7902
 1994,     5,  22, -1.6784,  0.0805,     8,  312.3,  1.6804,  2.8236
 1994,     5,  23, -1.2825, -0.2568,     1,  326.3,  1.3079,  1.7107
 1994,     5,  24, -0.8984, -0.4643,     1,  342.3,  1.0113,  1.0228
 1994,     5,  25, -0.6096, -0.6752,     2,    2.9,  0.9097,  0.8276
 1994,     5,  26, -0.2660, -0.6903,     2,   23.9,  0.7398,  0.5473
 1994,     5,  27, -0.1428, -0.6505,     2,   32.6,  0.6660,  0.4436
 1994,     5,  28, -0.2836, -0.4736,     2,   14.1,  0.5520,  0.3047
 1994,     5,  29, -0.3837, -0.4388,     2,    3.8,  0.5829,  0.3398
 1994,     5,  30, -0.5214, -0.2512,     1,  340.7,  0.5788,  0.3350
 1994,     5,  31, -0.5358, -0.1399,     1,  329.6,  0.5537,  0.3066
 1994,     6,   1, -0.2995, -0.1780,     1,  345.7,  0.3484,  0.1214
 1994,     6,   2, -0.2822, -0.3367,     2,    5.0,  0.4394,  0.1930
 1994,     6,   3, -0.0883, -0.6708,     2,   37.5,  0.6766,  0.4578
 1994,     6,   4,  0.1226, -0.8665,     3,   53.1,  0.8751,  0.7658
 1994,     6,   5,  0.5251, -1.0954,     3,   70.6,  1.2148,  1.4756
 1994,     6,   6,  0.8288, -1.2989,     3,   77.5,  1.5408,  2.3741
 1994,     6,   7,  1.1152, -1.1017,     4,   90.3,  1.5676,  2.4573
 1994,     6,   8,  1.4333, -0.7833,     4,  106.3,  1.6334,  2.6680
 1994,     6,   9,  1.6329, -0.5929,     4,  115.0,  1.7372,  3.0177
 1994,     6,  10,  1.7505, -0.4225,     4,  121.4,  1.8008,  3.2429
 1994,     6,  11,  1.4770, -0.1900,     4,  127.7,  1.4892,  2.2176
 1994,     6,  12,  1.1357, -0.0116,     4,  134.4,  1.1358,  1.2900
 1994,     6,  13,  0.9376,  0.2047,     5,  147.3,  0.9597,  0.9211
 1994,     6,  14,  0.8489,  0.5062,     5,  165.8,  0.9884,  0.9768
 1994,     6,  15,  0.8053,  0.6849,     5,  175.4,  1.0571,  1.1176
 1994,     6,  16,  0.7096,  0.9878,     6,  189.3,  1.2163,  1.4793
 1994,     6,  17,  0.6729,  1.3407,     6,  198.3,  1.5001,  2.2502
 1994,     6,  18,  0.4733,  1.0459,     6,  200.7,  1.1480,  1.3178
 1994,     6,  19,  0.0722,  0.9184,     6,  220.5,  0.9212,  0.8487
 1994,     6,  20, -0.1414,  0.8738,     7,  234.2,  0.8852,  0.7836
 1994,     6,  21, -0.3447,  0.5738,     7,  256.0,  0.6694,  0.4481
 1994,     6,  22, -0.3649,  0.4405,     7,  264.6,  0.5721,  0.3272
 1994,     6,  23, -0.2992,  0.3641,     7,  264.4,  0.4713,  0.2221
 1994,     6,  24, -0.1607,  0.2833,     7,  254.6,  0.3257,  0.1061
 1994,     6,  25,  0.0034,  0.2071,     6,  224.1,  0.2071,  0.0429
 1994,     6,  26, -0.1157,  0.0534,     8,  290.2,  0.1275,  0.0162
 1994,     6,  27, -0.3656, -0.1145,     1,  332.4,  0.3831,  0.1468
 1994,     6,  28, -0.4194, -0.2114,     1,  341.8,  0.4697,  0.2206
 1994,     6,  29, -0.3711, -0.2561,     1,  349.6,  0.4509,  0.2033
 1994,     6,  30, -0.2693, -0.2300,     1,  355.5,  0.3541,  0.1254
 1994,     7,   1, -0.2239, -0.0893,     1,  336.7,  0.2410,  0.0581
 1994,     7,   2, -0.3955, -0.0902,     1,  327.8,  0.4056,  0.1645
 1994,     7,   3, -0.1194, -0.0775,     1,  348.0,  0.1424,  0.0203
 1994,     7,   4,  0.2674, -0.0265,     4,  129.3,  0.2687,  0.0722
 1994,     7,   5,  0.4956,  0.1387,     5,  150.6,  0.5147,  0.2649
 1994,     7,   6,  0.7658,  0.3834,     5,  161.6,  0.8564,  0.7335
 1994,     7,   7,  0.9257,  0.7515,     5,  174.1,  1.1923,  1.4216
 1994,     7,   8,  1.0718,  0.9926,     5,  177.8,  1.4608,  2.1340
 1994,     7,   9,  0.9317,  0.9606,     6,  180.9,  1.3382,  1.7907
 1994,     7,  10,  0.7492,  0.9088,     6,  185.5,  1.1778,  1.3872
 1994,     7,  11,  0.5363,  0.9553,     6,  195.7,  1.0956,  1.2003
 1994,     7,  12,  0.5119,  1.0868,     6,  199.8,  1.2013,  1.4432
 1994,     7,  13,  0.3666,  1.2867,     6,  209.1,  1.3379,  1.7901
 1994,     7,  14,  0.1541,  1.3711,     6,  218.6,  1.3798,  1.9038
 1994,     7,  15, -0.1390,  1.2969,     7,  231.1,  1.3043,  1.7012
 1994,     7,  16, -0.5389,  1.2023,     7,  249.1,  1.3176,  1.7360
 1994,     7,  17, -0.7661,  1.2103,     7,  257.3,  1.4324,  2.0518
 1994,     7,  18, -0.6664,  1.1099,     7,  256.0,  1.2946,  1.6760
 1994,     7,  19, -0.5122,  0.9923,     7,  252.3,  1.1166,  1.2469
 1994,     7,  20, -0.5337,  0.8883,     7,  256.0,  1.0363,  1.0740
 1994,     7,  21, -0.5174,  0.9928,     7,  252.5,  1.1195,  1.2533
 1994,     7,  22, -0.3561,  1.2791,     7,  240.6,  1.3278,  1.7630
 1994,     7,  23, -0.3834,  1.4141,     7,  240.2,  1.4652,  2.1467
 1994,     7,  24, -0.4756,  1.4571,     7,  243.1,  1.5328,  2.3494
 1994,     7,  25, -0.2825,  1.2712,     7,  237.5,  1.3022,  1.6957
 1994,     7,  26,  0.0329,  1.1686,     6,  223.4,  1.1691,  1.3667
 1994,     7,  27,  0.3608,  1.1525,     6,  207.6,  1.2076,  1.4583
 1994,     7,  28,  0.5994,  1.1355,     6,  197.2,  1.2840,  1.6487
 1994,     7,  29,  0.6599,  0.9010,     6,  188.8,  1.1168,  1.2472
 1994,     7,  30,  0.6228,  0.6882,     6,  182.9,  0.9282,  0.8615
 1994,     7,  31,  0.3719,  0.4653,     6,  186.4,  0.5957,  0.3548
 1994,     8,   1, -0.0140,  0.3151,     7,  227.6,  0.3154,  0.0995
 1994,     8,   2, -0.1335,  0.0619,     8,  290.1,  0.1472,  0.0217
 1994,     8,   3, -0.2656, -0.1517,     1,  344.7,  0.3059,  0.0936
 1994,     8,   4, -0.3508, -0.0960,     1,  330.3,  0.3637,  0.1323
 1994,     8,   5, -0.4377, -0.0766,     1,  324.9,  0.4444,  0.1975
 1994,     8,   6, -0.6063, -0.2641,     1,  338.5,  0.6613,  0.4374
 1994,     8,   7, -0.7218, -0.4401,     1,  346.4,  0.8454,  0.7146
 1994,     8,   8, -0.9366, -0.6111,     1,  348.1,  1.1183,  1.2507
 1994,     8,   9, -0.9533, -0.8191,     1,  355.7,  1.2568,  1.5796
 1994,     8,  10, -0.9877, -0.7699,     1,  352.9,  1.2523,  1.5683
 1994,     8,  11, -1.0749, -0.7185,     1,  348.8,  1.2929,  1.6716
 1994,     8,  12, -0.9974, -0.6686,     1,  348.8,  1.2008,  1.4420
 1994,     8,  13, -0.9198, -0.2169,     1,  328.3,  0.9450,  0.8930
 1994,     8,  14, -0.8257,  0.1656,     8,  303.7,  0.8421,  0.7091
 1994,     8,  15, -0.7020,  0.1585,     8,  302.3,  0.7197,  0.5179
 1994,     8,  16, -0.6432, -0.1545,     1,  328.5,  0.6614,  0.4375
 1994,     8,  17, -0.6937, -0.0380,     1,  318.1,  0.6947,  0.4827
 1994,     8,  18, -0.4562,  0.1785,     8,  293.6,  0.4898,  0.2399
 1994,     8,  19, -0.1312,  0.2034,     7,  257.8,  0.2420,  0.0586
 1994,     8,  20, -0.0243, -0.0682,     2,   25.4,  0.0724,  0.0052
 1994,     8,  21, -0.0439, -0.1927,     2,   32.2,  0.1976,  0.0391
 1994,     8,  22,  0.0707, -0.1742,     3,   67.1,  0.1880,  0.0353
 1994,     8,  23,  0.2174,  0.0320,     5,  143.4,  0.2198,  0.0483
 1994,     8,  24,  0.3747,  0.0710,     5,  145.7,  0.3814,  0.1455
 1994,     8,  25,  0.3982, -0.1060,     4,  120.1,  0.4121,  0.1698
 1994,     8,  26,  0.1990, -0.1672,     4,   95.0,  0.2599,  0.0676
 1994,     8,  27,  0.0308, -0.0922,     3,   63.5,  0.0972,  0.0094
 1994,     8,  28,  0.0182, -0.0070,     4,  113.9,  0.0195,  0.0004
 1994,     8,  29,  0.2050,  0.0384,     5,  145.6,  0.2086,  0.0435
 1994,     8,  30,  0.3784, -0.0875,     4,  122.0,  0.3884,  0.1509
 1994,     8,  31,  0.5430, -0.3371,     4,  103.2,  0.6392,  0.4085
 1994,     9,   1,  0.8446, -0.3464,     4,  112.7,  0.9129,  0.8333
 1994,     9,   2,  0.9891, -0.1869,     4,  124.3,  1.0066,  1.0132
 1994,     9,   3,  0.9387, -0.0408,     4,  132.5,  0.9395,  0.8828
 1994,     9,   4,  0.7747,  0.3807,     5,  161.2,  0.8632,  0.7451
 1994,     9,   5,  0.7670,  0.6185,     5,  173.9,  0.9853,  0.9709
 1994,     9,   6,  0.7484,  0.6591,     5,  176.4,  0.9973,  0.9945
 1994,     9,   7,  0.6312,  0.7452,     6,  184.7,  0.9765,  0.9536
 1994,     9,   8,  0.6201,  0.9402,     6,  191.6,  1.1263,  1.2685
 1994,     9,   9,  0.6661,  1.1522,     6,  195.0,  1.3308,  1.7711
 1994,     9,  10,  0.4877,  1.3052,     6,  204.5,  1.3934,  1.9414
 1994,     9,  11,  0.1526,  1.3692,     6,  218.6,  1.3777,  1.8980
 1994,     9,  12, -0.1478,  1.4741,     7,  230.7,  1.4815,  2.1948
 1994,     9,  13, -0.2291,  1.4182,     7,  234.2,  1.4366,  2.0637
 1994,     9,  14, -0.0510,  1.4494,     7,  227.0,  1.4503,  2.1034
 1994,     9,  15,  0.0055,  1.4870,     6,  224.8,  1.4870,  2.2112
 1994,     9,  16,  0.0133,  1.5831,     6,  224.5,  1.5832,  2.5065
 1994,     9,  17,  0.1520,  1.8438,     6,  220.3,  1.8500,  3.4225
 1994,     9,  18, -0.1771,  2.0169,     7,  230.0,  2.0247,  4.0994
 1994,     9,  19, -0.7173,  2.0445,     7,  244.3,  2.1667,  4.6947
 1994,     9,  20, -1.1499,  1.8932,     7,  256.3,  2.2150,  4.9064
 1994,     9,  21, -1.5017,  1.8878,     7,  263.5,  2.4122,  5.8189
 1994,     9,  22, -1.7696,  1.7555,     8,  270.2,  2.4927,  6.2133
 1994,     9,  23, -2.0298,  1.5787,     8,  277.1,  2.5715,  6.6124
 1994,     9,  24, -1.9507,  1.3304,     8,  280.7,  2.3612,  5.5751
 1994,     9,  25, -1.7534,  1.3169,     8,  278.1,  2.1929,  4.8086
 1994,     9,  26, -1.6323,  1.1930,     8,  278.8,  2.0218,  4.0878
 1994,     9,  27, -1.6312,  0.8571,     8,  287.3,  1.8426,  3.3953
 1994,     9,  28, -1.7503,  0.6244,     8,  295.4,  1.8583,  3.4534
 1994,     9,  29, -1.9151,  0.3798,     8,  303.8,  1.9524,  3.8119
 1994,     9,  30, -1.8832,  0.0889,     8,  312.3,  1.8853,  3.5544
 1994,    10,   1, -1.3873, -0.3326,     1,  328.5,  1.4267,  2.0353
 1994,    10,   2, -1.3989, -0.5656,     1,  337.0,  1.5089,  2.2769
 1994,    10,   3, -1.3957, -0.8449,     1,  346.2,  1.6315,  2.6619
 1994,    10,   4, -1.2684, -0.9949,     1,  353.1,  1.6120,  2.5986
 1994,    10,   5, -1.0519, -1.1108,     2,    1.6,  1.5298,  2.3404
 1994,    10,   6, -0.7230, -1.1834,     2,   13.6,  1.3868,  1.9231
 1994,    10,   7, -0.4591, -1.0207,     2,   20.8,  1.1192,  1.2526
 1994,    10,   8, -0.3215, -0.9626,     2,   26.5,  1.0148,  1.0299
 1994,    10,   9, -0.3618, -0.9797,     2,   24.7,  1.0444,  1.0908
 1994,    10,  10, -0.4697, -0.9868,     2,   19.5,  1.0929,  1.1944
 1994,    10,  11, -0.5915, -0.9359,     2,   12.7,  1.1071,  1.2258
 1994,    10,  12, -0.6469, -0.5981,     1,  357.8,  0.8811,  0.7763
 1994,    10,  13, -0.8104, -0.4045,     1,  341.5,  0.9058,  0.8205
 1994,    10,  14, -0.8924, -0.4882,     1,  343.7,  1.0172,  1.0347
 1994,    10,  15, -1.0763, -0.6300,     1,  345.3,  1.2471,  1.5553
 1994,    10,  16, -0.9878, -0.6308,     1,  347.6,  1.1720,  1.3736
 1994,    10,  17, -0.8626, -0.6568,     1,  352.3,  1.0842,  1.1755
 1994,    10,  18, -0.8565, -0.6308,     1,  351.4,  1.0638,  1.1316
 1994,    10,  19, -0.6790, -0.6252,     1,  357.6,  0.9230,  0.8520
 1994,    10,  20, -0.4560, -0.6993,     2,   11.9,  0.8349,  0.6970
 1994,    10,  21, -0.4797, -0.8015,     2,   14.1,  0.9341,  0.8725
 1994,    10,  22, -0.2599, -0.8996,     2,   28.9,  0.9364,  0.8769
 1994,    10,  23,  0.0202, -0.8755,     3,   46.3,  0.8757,  0.7669
 1994,    10,  24,  0.5653, -0.6482,     3,   86.1,  0.8600,  0.7397
 1994,    10,  25,  0.9648, -0.6124,     4,  102.6,  1.1427,  1.3058
 1994,    10,  26,  1.0199, -0.5196,     4,  108.0,  1.1446,  1.3101
 1994,    10,  27,  0.4917, -0.2093,     4,  111.9,  0.5344,  0.2856
 1994,    10,  28,  0.1198, -0.0234,     4,  123.9,  0.1221,  0.0149
 1994,    10,  29, -0.1774,  0.1282,     8,  279.2,  0.2189,  0.0479
 1994,    10,  30, -0.5495,  0.1282,     8,  301.9,  0.5643,  0.3184
 1994,    10,  31, -1.0721, -0.2462,     1,  327.9,  1.1000,  1.2100
 1994,    11,   1, -1.2600, -0.4324,     1,  333.9,  1.3321,  1.7745
 1994,    11,   2, -1.3564, -0.6140,     1,  339.4,  1.4889,  2.2169
 1994,    11,   3, -1.4877, -0.7267,     1,  341.0,  1.6557,  2.7413
 1994,    11,   4, -1.4619, -0.7986,     1,  343.6,  1.6658,  2.7749
 1994,    11,   5, -1.3165, -0.8153,     1,  346.8,  1.5485,  2.3979
 1994,    11,   6, -1.3829, -0.8691,     1,  347.1,  1.6333,  2.6677
 1994,    11,   7, -1.2281, -1.0391,     1,  355.2,  1.6087,  2.5880
 1994,    11,   8, -1.2338, -1.0865,     1,  356.4,  1.6440,  2.7028
 1994,    11,   9, -1.1174, -1.0562,     1,  358.4,  1.5376,  2.3642
 1994,    11,  10, -1.0301, -1.1158,     2,    2.3,  1.5186,  2.3062
 1994,    11,  11, -0.6363, -1.1824,     2,   16.7,  1.3427,  1.8029
 1994,    11,  12, -0.4649, -1.1301,     2,   22.6,  1.2220,  1.4932
 1994,    11,  13, -0.3721, -1.0171,     2,   24.9,  1.0830,  1.1729
 1994,    11,  14, -0.3322, -0.7218,     2,   20.3,  0.7946,  0.6313
 1994,    11,  15, -0.3009, -0.5215,     2,   15.0,  0.6021,  0.3625
 1994,    11,  16, -0.2049, -0.4513,     2,   20.6,  0.4957,  0.2457
 1994,    11,  17, -0.0588, -0.2686,     2,   32.7,  0.2749,  0.0756
 1994,    11,  18, -0.1529, -0.2936,     2,   17.5,  0.3311,  0.1096
 1994,    11,  19, -0.2587, -0.3347,     2,    7.3,  0.4231,  0.1790
 1994,    11,  20, -0.2885, -0.7828,     2,   24.8,  0.8343,  0.6960
 1994,    11,  21, -0.1793, -1.1433,     2,   36.1,  1.1573,  1.3393
 1994,    11,  22, -0.1728, -1.1525,     2,   36.5,  1.1654,  1.3582
 1994,    11,  23, -0.1326, -1.0771,     2,   38.0,  1.0852,  1.1777
 1994,    11,  24,  0.0056, -0.8735,     3,   45.4,  0.8735,  0.7630
 1994,    11,  25,  0.4892, -0.8785,     3,   74.1,  1.0055,  1.0111
 1994,    11,  26,  0.9838, -0.8900,     4,   92.9,  1.3267,  1.7600
 1994,    11,  27,  0.9839, -1.0558,     3,   88.0,  1.4432,  2.0828
 1994,    11,  28,  1.0239, -0.9716,     4,   91.5,  1.4115,  1.9923
 1994,    11,  29,  1.1560, -0.9560,     4,   95.4,  1.5001,  2.2504
 1994,    11,  30,  1.3345, -0.7033,     4,  107.2,  1.5085,  2.2756
 1994,    12,   1,  1.4571, -0.4545,     4,  117.7,  1.5264,  2.3298
 1994,    12,   2,  1.5760, -0.2563,     4,  125.8,  1.5967,  2.5496
 1994,    12,   3,  1.4992, -0.1509,     4,  129.3,  1.5068,  2.2704
 1994,    12,   4,  1.3133,  0.0691,     5,  138.0,  1.3151,  1.7294
 1994,    12,   5,  1.2806,  0.2163,     5,  144.6,  1.2987,  1.6867
 1994,    12,   6,  1.3836,  0.3025,     5,  147.3,  1.4163,  2.0059
 1994,    12,   7,  1.3691,  0.3424,     5,  149.0,  1.4113,  1.9918
 1994,    12,   8,  1.3129,  0.5865,     5,  159.1,  1.4379,  2.0677
 1994,    12,   9,  1.2975,  0.8039,     5,  166.8,  1.5264,  2.3299
 1994,    12,  10,  1.1674,  0.9997,     5,  175.6,  1.5370,  2.3623
 1994,    12,  11,  1.0228,  0.9549,     5,  178.0,  1.3993,  1.9581
 1994,    12,  12,  0.9163,  0.9923,     6,  182.3,  1.3506,  1.8241
 1994,    12,  13,  0.7287,  0.8934,     6,  185.8,  1.1529,  1.3292
 1994,    12,  14,  0.6519,  0.8455,     6,  187.4,  1.0676,  1.1398
 1994,    12,  15,  0.8352,  0.9353,     6,  183.2,  1.2540,  1.5725
 1994,    12,  16,  0.9448,  1.2040,     6,  186.9,  1.5305,  2.3423
 1994,    12,  17,  0.5648,  1.2582,     6,  200.8,  1.3792,  1.9022
 1994,    12,  18,  0.2258,  1.3940,     6,  215.8,  1.4122,  1.9942
 1994,    12,  19, -0.2211,  1.3098,     7,  234.6,  1.3283,  1.7644
 1994,    12,  20, -0.5537,  1.1895,     7,  250.0,  1.3121,  1.7216
 1994,    12,  21, -1.0578,  1.1505,     7,  267.6,  1.5629,  2.4425
 1994,    12,  22, -1.2678,  1.1668,     8,  272.4,  1.7230,  2.9687
 1994,    12,  23, -1.6505,  0.9748,     8,  284.4,  1.9169,  3.6745
 1994,    12,  24, -1.7752,  0.6894,     8,  293.8,  1.9044,  3.6266
 1994,    12,  25, -1.5364,  0.3201,     8,  303.2,  1.5694,  2.4631
 1994,    12,  26, -1.0832,  0.1066,     8,  309.4,  1.0884,  1.1847
 1994,    12,  27, -0.8340, -0.2006,     1,  328.5,  0.8577,  0.7357
 1994,    12,  28, -0.8741, -0.5300,     1,  346.2,  1.0222,  1.0449
 1994,    12,  29, -0.5309, -0.9238,     2,   15.1,  1.0655,  1.1353
 1994,    12,  30, -0.1233, -1.0797,     2,   38.5,  1.0867,  1.1809
 1994,    12,  31,  0.0970, -1.1995,     3,   49.6,  1.2034,  1.4482
 1995,     1,   1,  0.1188, -1.3736,     3,   49.9,  1.3788,  1.9010
 1995,     1,   2,  0.2245, -1.3712,     3,   54.3,  1.3895,  1.9306
 1995,     1,   3,  0.2409, -1.2128,     3,   56.2,  1.2365,  1.5289
 1995,     1,   4,  0.1524, -1.0434,     3,   53.3,  1.0545,  1.1119
 1995,     1,   5,  0.1623, -1.0292,     3,   54.0,  1.0419,  1.0857
 1995,     1,   6,  0.1755, -1.3097,     3,   52.6,  1.3214,  1.7461
 1995,     1,   7,  0.0485, -1.4766,     3,   46.9,  1.4774,  2.1826
 1995,     1,   8,  0.3115, -1.3561,     3,   57.9,  1.3915,  1.9362
 1995,     1,   9,  0.6907, -1.1770,     3,   75.4,  1.3647,  1.8625
 1995,     1,  10,  0.7994, -1.3508,     3,   75.6,  1.5697,  2.4639
 1995,     1,  11,  0.8933, -1.3324,     3,   78.8,  1.6041,  2.5732
 1995,     1,  12,  1.1405, -1.1606,     3,   89.5,  1.6271,  2.6476
 1995,     1,  13,  1.4566, -1.0715,     4,   98.7,  1.8082,  3.2697
 1995,     1,  14,  1.5253, -0.9547,     4,  103.0,  1.7994,  3.2379
 1995,     1,  15,  1.4999, -0.8818,     4,  104.5,  1.7399,  3.0272
 1995,     1,  16,  1.5104, -0.7153,     4,  109.7,  1.6712,  2.7929
 1995,     1,  17,  1.5368, -0.8887,     4,  105.0,  1.7753,  3.1516
 1995,     1,  18,  1.4377, -0.9313,     4,  102.1,  1.7130,  2.9344
 1995,     1,  19,  1.5372, -0.7628,     4,  108.6,  1.7160,  2.9447
 1995,     1,  20,  1.6188, -0.4405,     4,  119.8,  1.6776,  2.8144
 1995,     1,  21,  1.8341, -0.1035,     4,  131.8,  1.8370,  3.3745
 1995,     1,  22,  2.0265,  0.2347,     5,  141.6,  2.0401,  4.1618
 1995,     1,  23,  2.1080,  0.5061,     5,  148.5,  2.1679,  4.6998
 1995,     1,  24,  1.7835,  0.5799,     5,  153.0,  1.8754,  3.5170
 1995,     1,  25,  1.5970,  0.9345,     5,  165.3,  1.8503,  3.4238
 1995,     1,  26,  1.2828,  1.1376,     5,  176.6,  1.7145,  2.9396
 1995,     1,  27,  1.0376,  1.2293,     6,  184.8,  1.6087,  2.5880
 1995,     1,  28,  0.3480,  0.9255,     6,  204.4,  0.9888,  0.9777
 1995,     1,  29, -0.1132,  0.7127,     7,  234.0,  0.7217,  0.5208
 1995,     1,  30, -0.3227,  0.5395,     7,  255.9,  0.6287,  0.3952
 1995,     1,  31, -0.4965,  0.1023,     8,  303.4,  0.5070,  0.2570
 1995,     2,   1, -0.6512, -0.3237,     1,  341.4,  0.7272,  0.5289
 1995,     2,   2, -0.6435, -0.6012,     1,  358.1,  0.8806,  0.7755
 1995,     2,   3, -0.4707, -0.5188,     2,    2.8,  0.7005,  0.4907
 1995,     2,   4, -0.3897, -0.5807,     2,   11.1,  0.6993,  0.4890
 1995,     2,   5, -0.4018, -0.5646,     2,    9.6,  0.6930,  0.4803
 1995,     2,   6, -0.3964, -0.6958,     2,   15.3,  0.8007,  0.6412
 1995,     2,   7, -0.3245, -0.8128,     2,   23.2,  0.8751,  0.7659
 1995,     2,   8, -0.3397, -1.0000,     2,   26.2,  1.0561,  1.1153
 1995,     2,   9,  0.0716, -1.1533,     3,   48.6,  1.1555,  1.3352
 1995,     2,  10,  0.4737, -1.1924,     3,   66.7,  1.2830,  1.6462
 1995,     2,  11,  0.7103, -1.0923,     3,   78.0,  1.3030,  1.6977
 1995,     2,  12,  0.8374, -0.9512,     3,   86.4,  1.2673,  1.6061
 1995,     2,  13,  1.0109, -0.4713,     4,  110.0,  1.1154,  1.2440
 1995,     2,  14,  1.1758, -0.0189,     4,  134.1,  1.1760,  1.3829
 1995,     2,  15,  1.1093,  0.0508,     5,  137.6,  1.1105,  1.2331
 1995,     2,  16,  0.9636,  0.2814,     5,  151.3,  1.0038,  1.0077
 1995,     2,  17,  0.9564,  0.3838,     5,  156.9,  1.0306,  1.0621
 1995,     2,  18,  1.1115,  0.2768,     5,  149.0,  1.1454,  1.3120
 1995,     2,  19,  0.9144,  0.0060,     5,  135.4,  0.9144,  0.8362
 1995,     2,  20,  0.4540, -0.3438,     4,   97.9,  0.5694,  0.3242
 1995,     2,  21,  0.3643, -0.5428,     3,   78.9,  0.6537,  0.4273
 1995,     2,  22,  0.3133, -0.6989,     3,   69.1,  0.7659,  0.5867
 1995,     2,  23,  0.4488, -0.7518,     3,   75.8,  0.8756,  0.7667
 1995,     2,  24,  0.5988, -0.8907,     3,   78.9,  1.0733,  1.1519
 1995,     2,  25,  0.8844, -1.0091,     3,   86.2,  1.3418,  1.8004
 1995,     2,  26,  1.2351, -0.8111,     4,  101.7,  1.4776,  2.1834
 1995,     2,  27,  1.5157, -0.6281,     4,  112.5,  1.6407,  2.6918
 1995,     2,  28,  1.7519, -0.6202,     4,  115.5,  1.8584,  3.4538
 1995,     3,   1,  1.5242, -0.1847,     4,  128.1,  1.5353,  2.3573
 1995,     3,   2,  1.3694,  0.4309,     5,  152.5,  1.4356,  2.0610
 1995,     3,   3,  1.4464,  1.1094,     5,  172.5,  1.8228,  3.3228
 1995,     3,   4,  1.5046,  1.3984,     5,  177.9,  2.0541,  4.2194
 1995,     3,   5,  1.2297,  1.6049,     6,  187.5,  2.0219,  4.0879
 1995,     3,   6,  0.6816,  1.9111,     6,  205.4,  2.0290,  4.1169
 1995,     3,   7,  0.1877,  2.3484,     6,  220.4,  2.3559,  5.5502
 1995,     3,   8, -0.1942,  2.1868,     7,  230.1,  2.1954,  4.8197
 1995,     3,   9, -0.4564,  1.8917,     7,  238.6,  1.9460,  3.7867
 1995,     3,  10, -0.7874,  1.3985,     7,  254.4,  1.6049,  2.5758
 1995,     3,  11, -1.0598,  1.0400,     8,  270.5,  1.4849,  2.2049
 1995,     3,  12, -1.1261,  0.6632,     8,  284.5,  1.3069,  1.7080
 1995,     3,  13, -1.2673,  0.1960,     8,  306.2,  1.2823,  1.6444
 1995,     3,  14, -1.2043,  0.0923,     8,  310.6,  1.2079,  1.4589
 1995,     3,  15, -1.0604,  0.0017,     8,  314.9,  1.0604,  1.1244
 1995,     3,  16, -0.9664, -0.0968,     1,  320.7,  0.9712,  0.9433
 1995,     3,  17, -1.0387, -0.2042,     1,  326.1,  1.0586,  1.1205
 1995,     3,  18, -1.2056, -0.3754,     1,  332.3,  1.2627,  1.5944
 1995,     3,  19, -1.4085, -0.4379,     1,  332.3,  1.4750,  2.1757
 1995,     3,  20, -1.4468, -0.6999,     1,  340.8,  1.6072,  2.5832
 1995,     3,  21, -1.2243, -0.9351,     1,  352.4,  1.5406,  2.3734
 1995,     3,  22, -0.6577, -1.0489,     2,   12.9,  1.2381,  1.5328
 1995,     3,  23, -0.2163, -1.2579,     2,   35.2,  1.2764,  1.6291
 1995,     3,  24,  0.0861, -1.1740,     3,   49.2,  1.1772,  1.3858
 1995,     3,  25,  0.3719, -1.0253,     3,   64.9,  1.0906,  1.1895
 1995,     3,  26,  0.5896, -0.9884,     3,   75.8,  1.1509,  1.3246
 1995,     3,  27,  0.5678, -1.0238,     3,   74.0,  1.1707,  1.3706
 1995,     3,  28,  0.8364, -0.8367,     3,   90.0,  1.1830,  1.3996
 1995,     3,  29,  1.2163, -0.7189,     4,  104.4,  1.4129,  1.9962
 1995,     3,  30,  1.4528, -0.5970,     4,  112.7,  1.5707,  2.4670
 1995,     3,  31,  1.4111, -0.6732,     4,  109.5,  1.5634,  2.4443
 1995,     4,   1,  0.9588, -0.5484,     4,  105.2,  1.1045,  1.2200
 1995,     4,   2,  0.8090, -0.3523,     4,  111.5,  0.8824,  0.7785
 1995,     4,   3,  0.5309, -0.0978,     4,  124.6,  0.5398,  0.2914
 1995,     4,   4,  0.5589,  0.1286,     5,  148.0,  0.5735,  0.3289
 1995,     4,   5,  0.4200,  0.2084,     5,  161.4,  0.4689,  0.2198
 1995,     4,   6,  0.3049,  0.4509,     6,  190.9,  0.5443,  0.2963
 1995,     4,   7,  0.2732,  0.7534,     6,  205.1,  0.8014,  0.6422
 1995,     4,   8,  0.1785,  0.9838,     6,  214.7,  0.9998,  0.9997
 1995,     4,   9,  0.0038,  1.0971,     6,  224.8,  1.0971,  1.2036
 1995,     4,  10, -0.1966,  1.2007,     7,  234.3,  1.2167,  1.4804
 1995,     4,  11, -0.6741,  1.2824,     7,  252.7,  1.4488,  2.0989
 1995,     4,  12, -0.9578,  1.2887,     7,  261.6,  1.6057,  2.5781
 1995,     4,  13, -1.0519,  1.2560,     7,  264.9,  1.6383,  2.6841
 1995,     4,  14, -1.2567,  1.1566,     8,  272.4,  1.7079,  2.9170
 1995,     4,  15, -1.2400,  1.0323,     8,  275.2,  1.6134,  2.6032
 1995,     4,  16, -1.4012,  0.7092,     8,  288.2,  1.5705,  2.4664
 1995,     4,  17, -1.5126,  0.4961,     8,  296.8,  1.5919,  2.5342
 1995,     4,  18, -1.4547,  0.3294,     8,  302.2,  1.4915,  2.2245
 1995,     4,  19, -1.2916,  0.1291,     8,  309.3,  1.2981,  1.6850
 1995,     4,  20, -1.2612, -0.0854,     1,  318.9,  1.2641,  1.5979
 1995,     4,  21, -1.2287, -0.3976,     1,  332.9,  1.2914,  1.6677
 1995,     4,  22, -1.1427, -0.2057,     1,  325.2,  1.1611,  1.3482
 1995,     4,  23, -1.2530, -0.0642,     1,  317.9,  1.2547,  1.5742
 1995,     4,  24, -1.4968, -0.2473,     1,  324.4,  1.5171,  2.3017
 1995,     4,  25, -1.8307, -0.4157,     1,  327.8,  1.8772,  3.5241
 1995,     4,  26, -1.9690, -0.6652,     1,  333.7,  2.0783,  4.3194
 1995,     4,  27, -1.9956, -0.7012,     1,  334.4,  2.1152,  4.4739
 1995,     4,  28, -1.8753, -0.8280,     1,  338.8,  2.0499,  4.2022
 1995,     4,  29, -1.6619, -0.7361,     1,  338.9,  1.8177,  3.3039
 1995,     4,  30, -1.2329, -0.7712,     1,  347.0,  1.4542,  2.1148
 1995,     5,   1, -1.3072, -0.7709,     1,  345.5,  1.5176,  2.3031
 1995,     5,   2, -1.3369, -0.8396,     1,  347.1,  1.5787,  2.4923
 1995,     5,   3, -1.2204, -0.8506,     1,  349.9,  1.4876,  2.2128
 1995,     5,   4, -0.9150, -0.8564,     1,  358.1,  1.2533,  1.5707
 1995,     5,   5, -0.5855, -1.1126,     2,   17.2,  1.2573,  1.5808
 1995,     5,   6, -0.2764, -1.5299,     2,   34.8,  1.5546,  2.4169
 1995,     5,   7, -0.0763, -1.7007,     2,   42.4,  1.7024,  2.8981
 1995,     5,   8,  0.4136, -1.5510,     3,   59.9,  1.6052,  2.5768
 1995,     5,   9,  0.9779, -1.1235,     3,   86.0,  1.4895,  2.2185
 1995,     5,  10,  1.3486, -0.7095,     4,  107.3,  1.5238,  2.3219
 1995,     5,  11,  1.3557, -0.3800,     4,  119.3,  1.4079,  1.9822
 1995,     5,  12,  1.2370, -0.0141,     4,  134.3,  1.2370,  1.5303
 1995,     5,  13,  0.9905,  0.2669,     5,  150.1,  1.0258,  1.0523
 1995,     5,  14,  0.8000,  0.6308,     5,  173.3,  1.0188,  1.0380
 1995,     5,  15,  0.5308,  0.7718,     6,  190.5,  0.9367,  0.8775
 1995,     5,  16,  0.1730,  0.8911,     6,  214.0,  0.9077,  0.8240
 1995,     5,  17, -0.1723,  1.0802,     7,  234.1,  1.0939,  1.1965
 1995,     5,  18, -0.4664,  1.1435,     7,  247.2,  1.2350,  1.5252
 1995,     5,  19, -0.8208,  1.2939,     7,  257.4,  1.5323,  2.3480
 1995,     5,  20, -1.1219,  1.6106,     7,  259.9,  1.9629,  3.8528
 1995,     5,  21, -1.4131,  1.4948,     7,  268.4,  2.0570,  4.2313
 1995,     5,  22, -1.6628,  1.1294,     8,  280.8,  2.0101,  4.0406
 1995,     5,  23, -1.7311,  0.9985,     8,  285.0,  1.9984,  3.9937
 1995,     5,  24, -1.8296,  0.9375,     8,  287.9,  2.0558,  4.2263
 1995,     5,  25, -1.7816,  0.7974,     8,  290.9,  1.9519,  3.8099
 1995,     5,  26, -1.6355,  0.7766,     8,  289.6,  1.8106,  3.2781
 1995,     5,  27, -1.4969,  0.4349,     8,  298.8,  1.5588,  2.4300
 1995,     5,  28, -1.1679,  0.1758,     8,  306.4,  1.1810,  1.3948
 1995,     5,  29, -0.7182, -0.0146,     1,  316.2,  0.7183,  0.5160
 1995,     5,  30, -0.3390, -0.2714,     1,  353.7,  0.4343,  0.1886
 1995,     5,  31, -0.0059, -0.2596,     2,   43.7,  0.2596,  0.0674
 1995,     6,   1,  0.1216, -0.3187,     3,   65.9,  0.3411,  0.1163
 1995,     6,   2,  0.1562, -0.2822,     3,   74.0,  0.3225,  0.1040
 1995,     6,   3,  0.0967, -0.3828,     3,   59.2,  0.3949,  0.1559
 1995,     6,   4,  0.0161, -0.3902,     3,   47.4,  0.3905,  0.1525
 1995,     6,   5,  0.0213, -0.5073,     3,   47.4,  0.5077,  0.2578
 1995,     6,   6,  0.0987, -0.5877,     3,   54.5,  0.5959,  0.3551
 1995,     6,   7,  0.2270, -0.5949,     3,   65.9,  0.6367,  0.4054
 1995,     6,   8,  0.3172, -0.5242,     3,   76.2,  0.6127,  0.3754
 1995,     6,   9,  0.3169, -0.4609,     3,   79.5,  0.5593,  0.3128
 1995,     6,  10,  0.3628, -0.5094,     3,   80.5,  0.6254,  0.3911
 1995,     6,  11,  0.4024, -0.6534,     3,   76.6,  0.7673,  0.5888
 1995,     6,  12,  0.4535, -0.7843,     3,   75.0,  0.9060,  0.8209
 1995,     6,  13,  0.5236, -1.0256,     3,   72.0,  1.1515,  1.3259
 1995,     6,  14,  0.6630, -1.0184,     3,   78.1,  1.2152,  1.4768
 1995,     6,  15,  0.8616, -0.7060,     4,   95.7,  1.1139,  1.2408
 1995,     6,  16,  1.1488, -0.5176,     4,  110.7,  1.2600,  1.5877
 1995,     6,  17,  1.3343, -0.4279,     4,  117.2,  1.4013,  1.9635
 1995,     6,  18,  1.0029, -0.3360,     4,  116.5,  1.0577,  1.1187
 1995,     6,  19,  0.7301, -0.2110,     4,  118.9,  0.7600,  0.5776
 1995,     6,  20,  0.4837, -0.3874,     4,   96.3,  0.6197,  0.3841
 1995,     6,  21,  0.1169, -0.1474,     3,   83.4,  0.1881,  0.0354
 1995,     6,  22, -0.1662, -0.0636,     1,  335.9,  0.1780,  0.0317
 1995,     6,  23, -0.1956, -0.0655,     1,  333.5,  0.2063,  0.0426
 1995,     6,  24, -0.3007, -0.2614,     1,  356.0,  0.3984,  0.1587
 1995,     6,  25, -0.3513, -0.3019,     1,  355.7,  0.4632,  0.2146
 1995,     6,  26, -0.0875, -0.2169,     2,   23.0,  0.2339,  0.0547
 1995,     6,  27,  0.0518, -0.3751,     3,   52.9,  0.3786,  0.1434
 1995,     6,  28,  0.0463, -0.5381,     3,   49.9,  0.5401,  0.2917
 1995,     6,  29, -0.0163, -0.7027,     2,   43.7,  0.7029,  0.4941
 1995,     6,  30,  0.0102, -0.8797,     3,   45.7,  0.8797,  0.7739
 1995,     7,   1,  0.1738, -1.0243,     3,   54.6,  1.0390,  1.0794
 1995,     7,   2,  0.3080, -1.2919,     3,   58.4,  1.3281,  1.7639
 1995,     7,   3,  0.4419, -1.6178,     3,   60.3,  1.6771,  2.8125
 1995,     7,   4,  0.7233, -1.7712,     3,   67.2,  1.9132,  3.6602
 1995,     7,   5,  0.9898, -1.7436,     3,   74.6,  2.0049,  4.0198
 1995,     7,   6,  1.1506, -1.5652,     3,   81.3,  1.9426,  3.7736
 1995,     7,   7,  1.2676, -1.2369,     4,   90.7,  1.7711,  3.1366
 1995,     7,   8,  1.2052, -0.7049,     4,  104.7,  1.3962,  1.9495
 1995,     7,   9,  1.2517, -0.3154,     4,  120.9,  1.2908,  1.6663
 1995,     7,  10,  1.1430, -0.1237,     4,  128.8,  1.1496,  1.3217
 1995,     7,  11,  0.7727,  0.1247,     5,  144.2,  0.7827,  0.6126
 1995,     7,  12,  0.3455,  0.2119,     5,  166.5,  0.4053,  0.1643
 1995,     7,  13,  0.0098,  0.3136,     6,  223.2,  0.3138,  0.0984
 1995,     7,  14, -0.0059,  0.3144,     7,  226.1,  0.3145,  0.0989
 1995,     7,  15, -0.1316,  0.1806,     7,  261.1,  0.2235,  0.0499
 1995,     7,  16, -0.2738, -0.1180,     1,  338.3,  0.2982,  0.0889
 1995,     7,  17, -0.6164, -0.3558,     1,  345.0,  0.7117,  0.5066
 1995,     7,  18, -0.6807, -0.5389,     1,  353.4,  0.8682,  0.7538
 1995,     7,  19, -0.7504, -0.6542,     1,  356.1,  0.9955,  0.9911
 1995,     7,  20, -0.9716, -0.6673,     1,  349.5,  1.1786,  1.3892
 1995,     7,  21, -1.1381, -0.4523,     1,  336.7,  1.2247,  1.4999
 1995,     7,  22, -0.8796, -0.6977,     1,  353.4,  1.1227,  1.2605
 1995,     7,  23, -0.5472, -0.8567,     2,   12.4,  1.0165,  1.0332
 1995,     7,  24, -0.4725, -0.8221,     2,   15.1,  0.9482,  0.8992
 1995,     7,  25, -0.3112, -0.9023,     2,   26.0,  0.9545,  0.9110
 1995,     7,  26, -0.0066, -1.0423,     2,   44.6,  1.0423,  1.0864
 1995,     7,  27,  0.0947, -0.7762,     3,   52.0,  0.7820,  0.6115
 1995,     7,  28,  0.0855, -0.7327,     3,   51.7,  0.7377,  0.5442
 1995,     7,  29, -0.0957, -0.9828,     2,   39.4,  0.9874,  0.9750
 1995,     7,  30, -0.2676, -1.5174,     2,   35.0,  1.5408,  2.3741
 1995,     7,  31, -0.3150, -1.8479,     2,   35.3,  1.8745,  3.5138
 1995,     8,   1, -0.0876, -1.5693,     2,   41.8,  1.5718,  2.4705
 1995,     8,   2,  0.4149, -1.5005,     3,   60.5,  1.5568,  2.4237
 1995,     8,   3,  0.6279, -1.6023,     3,   66.4,  1.7210,  2.9617
 1995,     8,   4,  0.5697, -1.4354,     3,   66.6,  1.5444,  2.3851
 1995,     8,   5,  0.4014, -1.1620,     3,   64.1,  1.2294,  1.5114
 1995,     8,   6,  0.2055, -0.8419,     3,   58.7,  0.8666,  0.7511
 1995,     8,   7,  0.1358, -0.3607,     3,   65.6,  0.3855,  0.1486
 1995,     8,   8, -0.2368, -0.4952,     2,   19.4,  0.5489,  0.3013
 1995,     8,   9, -0.6873, -0.8592,     2,    6.3,  1.1003,  1.2106
 1995,     8,  10, -1.0458, -1.2746,     2,    5.6,  1.6487,  2.7182
 1995,     8,  11, -1.1667, -1.2341,     2,    1.6,  1.6983,  2.8842
 1995,     8,  12, -1.0753, -1.0055,     1,  358.1,  1.4722,  2.1672
 1995,     8,  13, -0.7197, -0.8824,     2,    5.8,  1.1386,  1.2965
 1995,     8,  14, -0.4574, -0.8687,     2,   17.2,  0.9818,  0.9639
 1995,     8,  15, -0.3794, -0.9207,     2,   22.6,  0.9958,  0.9917
 1995,     8,  16, -0.4842, -0.8102,     2,   14.1,  0.9439,  0.8909
 1995,     8,  17, -0.4042, -0.5358,     2,    8.0,  0.6712,  0.4505
 1995,     8,  18, -0.3244, -0.5180,     2,   12.9,  0.6112,  0.3736
 1995,     8,  19, -0.2506, -0.6234,     2,   23.1,  0.6719,  0.4515
 1995,     8,  20, -0.0546, -0.4727,     2,   38.4,  0.4759,  0.2265
 1995,     8,  21,  0.2553, -0.2323,     4,   92.7,  0.3452,  0.1191
 1995,     8,  22,  0.4288, -0.1899,     4,  111.1,  0.4690,  0.2199
 1995,     8,  23,  0.5179, -0.0203,     4,  132.8,  0.5183,  0.2686
 1995,     8,  24,  0.5373, -0.1014,     4,  124.3,  0.5468,  0.2990
 1995,     8,  25,  0.6229, -0.2499,     4,  113.1,  0.6712,  0.4505
 1995,     8,  26,  0.7713, -0.4750,     4,  103.4,  0.9059,  0.8206
 1995,     8,  27,  0.9897, -0.7092,     4,   99.4,  1.2175,  1.4824
 1995,     8,  28,  1.1978, -0.6297,     4,  107.3,  1.3532,  1.8312
 1995,     8,  29,  1.4878, -0.5272,     4,  115.5,  1.5785,  2.4915
 1995,     8,  30,  1.6814, -0.1421,     4,  130.2,  1.6874,  2.8474
 1995,     8,  31,  1.8636,  0.1943,     5,  141.0,  1.8737,  3.5106
 1995,     9,   1,  1.7957,  0.4047,     5,  147.7,  1.8408,  3.3885
 1995,     9,   2,  1.6959,  0.6332,     5,  155.5,  1.8103,  3.2771
 1995,     9,   3,  1.5403,  0.8281,     5,  163.3,  1.7488,  3.0583
 1995,     9,   4,  1.5250,  0.9319,     5,  166.4,  1.7872,  3.1940
 1995,     9,   5,  1.2478,  1.1847,     5,  178.5,  1.7206,  2.9605
 1995,     9,   6,  0.9855,  1.3375,     6,  188.6,  1.6613,  2.7600
 1995,     9,   7,  0.4900,  1.4340,     6,  206.1,  1.5154,  2.2966
 1995,     9,   8,  0.1245,  1.5550,     6,  220.4,  1.5600,  2.4337
 1995,     9,   9,  0.0876,  1.3941,     6,  221.4,  1.3968,  1.9511
 1995,     9,  10,  0.0617,  1.0175,     6,  221.5,  1.0194,  1.0392
 1995,     9,  11, -0.2883,  0.5518,     7,  252.6,  0.6225,  0.3875
 1995,     9,  12, -0.5959,  0.5161,     8,  274.1,  0.7883,  0.6215
 1995,     9,  13, -0.4614,  0.5193,     7,  266.6,  0.6947,  0.4825
 1995,     9,  14, -0.1363,  0.4829,     7,  240.8,  0.5018,  0.2518
 1995,     9,  15,  0.2875,  0.3665,     6,  186.9,  0.4657,  0.2169
 1995,     9,  16,  0.5779,  0.2659,     5,  159.7,  0.6361,  0.4046
 1995,     9,  17,  0.8032,  0.3513,     5,  158.6,  0.8767,  0.7685
 1995,     9,  18,  1.0941,  0.6224,     5,  164.6,  1.2587,  1.5844
 1995,     9,  19,  1.1186,  1.0264,     5,  177.5,  1.5181,  2.3048
 1995,     9,  20,  0.8392,  1.2089,     6,  190.2,  1.4717,  2.1658
 1995,     9,  21,  0.7478,  1.3202,     6,  195.5,  1.5173,  2.3023
 1995,     9,  22,  0.7508,  1.3120,     6,  195.2,  1.5116,  2.2849
 1995,     9,  23,  0.7547,  1.2869,     6,  194.6,  1.4919,  2.2256
 1995,     9,  24,  0.6429,  0.9697,     6,  191.5,  1.1634,  1.3535
 1995,     9,  25,  0.3879,  0.7212,     6,  196.7,  0.8190,  0.6707
 1995,     9,  26,  0.3141,  0.5157,     6,  193.7,  0.6038,  0.3645
 1995,     9,  27,  0.1231,  0.2651,     6,  200.1,  0.2923,  0.0855
 1995,     9,  28,  0.1801,  0.2982,     6,  193.9,  0.3484,  0.1214
 1995,     9,  29,  0.4522,  0.1316,     5,  151.2,  0.4709,  0.2218
 1995,     9,  30,  0.5955, -0.1084,     4,  124.7,  0.6053,  0.3664
 1995,    10,   1,  0.4831, -0.0953,     4,  123.8,  0.4924,  0.2424
 1995,    10,   2,  0.4510,  0.2573,     5,  164.7,  0.5193,  0.2697
 1995,    10,   3,  0.4620,  0.4803,     6,  181.1,  0.6664,  0.4441
 1995,    10,   4,  0.2944,  0.6562,     6,  200.8,  0.7192,  0.5172
 1995,    10,   5,  0.1329,  0.8938,     6,  216.5,  0.9036,  0.8165
 1995,    10,   6, -0.0655,  0.9315,     7,  229.0,  0.9338,  0.8720
 1995,    10,   7, -0.3781,  0.7932,     7,  250.5,  0.8787,  0.7722
 1995,    10,   8, -0.3794,  1.1876,     7,  242.7,  1.2468,  1.5544
 1995,    10,   9, -0.4981,  1.2507,     7,  246.7,  1.3462,  1.8123
 1995,    10,  10, -0.5442,  1.1092,     7,  251.1,  1.2355,  1.5265
 1995,    10,  11, -0.7364,  0.8633,     7,  265.5,  1.1347,  1.2876
 1995,    10,  12, -0.8450,  0.7008,     8,  275.3,  1.0978,  1.2051
 1995,    10,  13, -0.8031,  0.6523,     8,  275.9,  1.0347,  1.0705
 1995,    10,  14, -0.6528,  0.5595,     8,  274.4,  0.8598,  0.7392
 1995,    10,  15, -0.3704,  0.4458,     7,  264.7,  0.5796,  0.3359
 1995,    10,  16, -0.3024,  0.2326,     8,  277.4,  0.3815,  0.1456
 1995,    10,  17, -0.6278,  0.0082,     8,  314.2,  0.6279,  0.3942
 1995,    10,  18, -0.5717, -0.0239,     1,  317.4,  0.5722,  0.3274
 1995,    10,  19, -0.3938,  0.1299,     8,  296.7,  0.4147,  0.1719
 1995,    10,  20,  0.0596,  0.2981,     6,  213.7,  0.3040,  0.0924
 1995,    10,  21,  0.0625,  0.4711,     6,  217.4,  0.4752,  0.2258
 1995,    10,  22, -0.0572,  0.4762,     7,  231.8,  0.4796,  0.2300
 1995,    10,  23, -0.2811,  0.6357,     7,  248.9,  0.6950,  0.4831
 1995,    10,  24, -0.2142,  0.6660,     7,  242.8,  0.6996,  0.4895
 1995,    10,  25, -0.1867,  0.5418,     7,  244.0,  0.5731,  0.3284
 1995,    10,  26, -0.2088,  0.3008,     7,  259.8,  0.3662,  0.1341
 1995,    10,  27, -0.1510,  0.0237,     8,  306.1,  0.1529,  0.0234
 1995,    10,  28, -0.1062, -0.2145,     2,   18.7,  0.2393,  0.0573
 1995,    10,  29, -0.0138, -0.3434,     2,   42.7,  0.3437,  0.1181
 1995,    10,  30,  0.5905, -0.2969,     4,  108.3,  0.6609,  0.4368
 1995,    10,  31,  1.0566, -0.1111,     4,  129.0,  1.0624,  1.1288
 1995,    11,   1,  0.8561,  0.3000,     5,  154.3,  0.9071,  0.8228
 1995,    11,   2,  0.8181,  0.4846,     5,  165.6,  0.9509,  0.9042
 1995,    11,   3,  0.8200,  0.5574,     5,  169.2,  0.9915,  0.9831
 1995,    11,   4,  0.7013,  0.4298,     5,  166.5,  0.8225,  0.6765
 1995,    11,   5,  0.5899,  0.3186,     5,  163.4,  0.6704,  0.4495
 1995,    11,   6,  0.5152,  0.2101,     5,  157.2,  0.5564,  0.3095
 1995,    11,   7,  0.5033,  0.0178,     5,  137.0,  0.5036,  0.2536
 1995,    11,   8,  0.4601, -0.1271,     4,  119.6,  0.4773,  0.2278
 1995,    11,   9,  0.3452, -0.1647,     4,  109.5,  0.3824,  0.1462
 1995,    11,  10,  0.1650,  0.0274,     5,  144.4,  0.1672,  0.0280
 1995,    11,  11,  0.0844,  0.0268,     5,  152.6,  0.0885,  0.0078
 1995,    11,  12,  0.1666,  0.1475,     5,  176.5,  0.2225,  0.0495
 1995,    11,  13,  0.3247,  0.4213,     6,  187.4,  0.5319,  0.2829
 1995,    11,  14,  0.4788,  0.6155,     6,  187.1,  0.7798,  0.6081
 1995,    11,  15,  0.4717,  0.3486,     5,  171.5,  0.5866,  0.3441
 1995,    11,  16,  0.4485,  0.1306,     5,  151.2,  0.4671,  0.2182
 1995,    11,  17,  0.5864,  0.0824,     5,  143.0,  0.5922,  0.3507
 1995,    11,  18,  0.7433,  0.1781,     5,  148.5,  0.7644,  0.5843
 1995,    11,  19,  1.0354,  0.1235,     5,  141.8,  1.0427,  1.0872
 1995,    11,  20,  1.1020,  0.2753,     5,  149.0,  1.1358,  1.2901
 1995,    11,  21,  1.1421,  0.5074,     5,  159.0,  1.2498,  1.5619
 1995,    11,  22,  1.0790,  0.9020,     5,  174.9,  1.4064,  1.9779
 1995,    11,  23,  0.8892,  1.3156,     6,  190.9,  1.5879,  2.5213
 1995,    11,  24,  0.5890,  1.2556,     6,  199.9,  1.3869,  1.9234
 1995,    11,  25,  0.4895,  1.3473,     6,  205.0,  1.4334,  2.0547
 1995,    11,  26,  0.3126,  1.3131,     6,  211.6,  1.3498,  1.8218
 1995,    11,  27,  0.1546,  1.2884,     6,  218.2,  1.2976,  1.6838
 1995,    11,  28, -0.1037,  1.3427,     7,  229.4,  1.3467,  1.8136
 1995,    11,  29, -0.2336,  1.4777,     7,  234.0,  1.4961,  2.2382
 1995,    11,  30, -0.3168,  1.6439,     7,  235.9,  1.6741,  2.8028
 1995,    12,   1, -0.4408,  1.5594,     7,  240.8,  1.6205,  2.6261
 1995,    12,   2, -0.5566,  1.3047,     7,  248.1,  1.4185,  2.0120
 1995,    12,   3, -0.5551,  1.1062,     7,  251.6,  1.2377,  1.5319
 1995,    12,   4, -0.4700,  0.9943,     7,  250.3,  1.0998,  1.2096
 1995,    12,   5, -0.5756,  0.8943,     7,  257.8,  1.0635,  1.1310
 1995,    12,   6, -0.5173,  0.8408,     7,  256.6,  0.9871,  0.9744
 1995,    12,   7, -0.4796,  0.8903,     7,  253.3,  1.0113,  1.0226
 1995,    12,   8, -0.4021,  1.2943,     7,  242.3,  1.3554,  1.8370
 1995,    12,   9, -0.6217,  1.5825,     7,  246.4,  1.7003,  2.8909
 1995,    12,  10, -0.9644,  1.5979,     7,  256.1,  1.8664,  3.4833
 1995,    12,  11, -1.1584,  1.6341,     7,  260.3,  2.0031,  4.0124
 1995,    12,  12, -0.9884,  1.5289,     7,  257.9,  1.8205,  3.3143
 1995,    12,  13, -0.9767,  1.2175,     7,  263.7,  1.5609,  2.4363
 1995,    12,  14, -1.2199,  1.1054,     8,  272.8,  1.6463,  2.7102
 1995,    12,  15, -1.4870,  1.0323,     8,  280.2,  1.8102,  3.2768
 1995,    12,  16, -1.7082,  0.9785,     8,  285.2,  1.9686,  3.8753
 1995,    12,  17, -1.6346,  0.8565,     8,  287.3,  1.8454,  3.4055
 1995,    12,  18, -1.7245,  0.9123,     8,  287.1,  1.9509,  3.8060
 1995,    12,  19, -1.8114,  0.6734,     8,  294.6,  1.9326,  3.7348
 1995,    12,  20, -1.8395,  0.5404,     8,  298.6,  1.9173,  3.6759
 1995,    12,  21, -1.7995,  0.2461,     8,  307.2,  1.8163,  3.2989
 1995,    12,  22, -1.6223, -0.0407,     1,  316.4,  1.6228,  2.6334
 1995,    12,  23, -1.2442,  0.0136,     8,  314.4,  1.2443,  1.5483
 1995,    12,  24, -0.8950, -0.0375,     1,  317.4,  0.8958,  0.8025
 1995,    12,  25, -0.7634, -0.3885,     1,  342.0,  0.8565,  0.7337
 1995,    12,  26, -0.7726, -0.5272,     1,  349.3,  0.9353,  0.8749
 1995,    12,  27, -0.8807, -0.5826,     1,  348.5,  1.0560,  1.1151
 1995,    12,  28, -0.9859, -0.6342,     1,  347.8,  1.1722,  1.3741
 1995,    12,  29, -0.8697, -0.5509,     1,  347.4,  1.0295,  1.0598
 1995,    12,  30, -0.6897, -0.3743,     1,  343.5,  0.7847,  0.6157
 1995,    12,  31, -0.8453, -0.0834,     1,  320.6,  0.8494,  0.7215
 1996,     1,   1, -0.8545, -0.1406,     1,  324.3,  0.8660,  0.7499
 1996,     1,   2, -1.0660, -0.1812,     1,  324.6,  1.0813,  1.1691
 1996,     1,   3, -1.0382, -0.2393,     1,  328.0,  1.0655,  1.1352
 1996,     1,   4, -0.7669, -0.1752,     1,  327.9,  0.7866,  0.6188
 1996,     1,   5, -0.6306, -0.2428,     1,  336.1,  0.6757,  0.4566
 1996,     1,   6, -0.5286, -0.3597,     1,  349.2,  0.6394,  0.4089
 1996,     1,   7, -0.3254, -0.6465,     2,   18.3,  0.7238,  0.5238
 1996,     1,   8, -0.1147, -0.6568,     2,   35.1,  0.6667,  0.4445
 1996,     1,   9, -0.1516, -0.5531,     2,   29.7,  0.5736,  0.3290
 1996,     1,  10, -0.3783, -0.3402,     1,  357.0,  0.5087,  0.2588
 1996,     1,  11, -0.7723, -0.4307,     1,  344.1,  0.8843,  0.7820
 1996,     1,  12, -1.1698, -0.6876,     1,  345.4,  1.3569,  1.8412
 1996,     1,  13, -1.4395, -0.8030,     1,  344.2,  1.6483,  2.7170
 1996,     1,  14, -1.3062, -1.0185,     1,  352.9,  1.6564,  2.7437
 1996,     1,  15, -1.1749, -1.0995,     1,  358.1,  1.6091,  2.5893
 1996,     1,  16, -1.0607, -1.5451,     2,   10.5,  1.8741,  3.5124
 1996,     1,  17, -0.6501, -1.9300,     2,   26.4,  2.0365,  4.1475
 1996,     1,  18, -0.3537, -1.9515,     2,   34.7,  1.9833,  3.9334
 1996,     1,  19, -0.0491, -1.7496,     2,   43.4,  1.7503,  3.0637
 1996,     1,  20,  0.0812, -1.6206,     3,   47.9,  1.6227,  2.6330
 1996,     1,  21,  0.0781, -1.4499,     3,   48.1,  1.4520,  2.1083
 1996,     1,  22,  0.1970, -1.3569,     3,   53.3,  1.3711,  1.8800
 1996,     1,  23,  0.4526, -1.2686,     3,   64.6,  1.3469,  1.8142
 1996,     1,  24,  0.5668, -1.1639,     3,   71.0,  1.2946,  1.6759
 1996,     1,  25,  0.7549, -0.9818,     3,   82.6,  1.2384,  1.5337
 1996,     1,  26,  0.7921, -0.9436,     3,   85.0,  1.2320,  1.5178
 1996,     1,  27,  0.3522, -0.7986,     3,   68.8,  0.8729,  0.7619
 1996,     1,  28,  0.1867, -0.7398,     3,   59.2,  0.7630,  0.5822
 1996,     1,  29,  0.2099, -0.8527,     3,   58.8,  0.8781,  0.7711
 1996,     1,  30,  0.4229, -1.0210,     3,   67.5,  1.1052,  1.2214
 1996,     1,  31,  0.4811, -0.9980,     3,   70.7,  1.1080,  1.2276
 1996,     2,   1,  0.6493, -1.2324,     3,   72.8,  1.3930,  1.9405
 1996,     2,   2,  0.6426, -1.2681,     3,   71.9,  1.4216,  2.0211
 1996,     2,   3,  0.6677, -1.2146,     3,   73.8,  1.3860,  1.9210
 1996,     2,   4,  0.8815, -1.0184,     3,   85.9,  1.3469,  1.8142
 1996,     2,   5,  1.1502, -0.9242,     4,   96.2,  1.4755,  2.1772
 1996,     2,   6,  0.8624, -1.1108,     3,   82.8,  1.4062,  1.9775
 1996,     2,   7,  0.6443, -1.1523,     3,   74.2,  1.3202,  1.7429
 1996,     2,   8,  0.5545, -1.1644,     3,   70.5,  1.2897,  1.6634
 1996,     2,   9,  0.2819, -1.1559,     3,   58.7,  1.1898,  1.4155
 1996,     2,  10,  0.1006, -1.1618,     3,   50.0,  1.1662,  1.3599
 1996,     2,  11,  0.1809, -0.9485,     3,   55.8,  0.9657,  0.9325
 1996,     2,  12,  0.2600, -0.5815,     3,   69.1,  0.6370,  0.4057
 1996,     2,  13,  0.0777, -0.5823,     3,   52.6,  0.5875,  0.3452
 1996,     2,  14,  0.0809, -0.5473,     3,   53.4,  0.5532,  0.3060
 1996,     2,  15,  0.1211, -0.5690,     3,   57.0,  0.5818,  0.3384
 1996,     2,  16,  0.0489, -0.6599,     3,   49.2,  0.6618,  0.4379
 1996,     2,  17, -0.2779, -0.7894,     2,   25.6,  0.8369,  0.7004
 1996,     2,  18, -0.5567, -0.7427,     2,    8.1,  0.9282,  0.8615
 1996,     2,  19, -0.3945, -0.7320,     2,   16.7,  0.8315,  0.6915
 1996,     2,  20, -0.2430, -0.7805,     2,   27.7,  0.8175,  0.6683
 1996,     2,  21,  0.0563, -0.8507,     3,   48.8,  0.8526,  0.7269
 1996,     2,  22,  0.2245, -0.5045,     3,   69.0,  0.5522,  0.3049
 1996,     2,  23,  0.1973, -0.0033,     4,  134.0,  0.1973,  0.0389
 1996,     2,  24,  0.1615,  0.2963,     6,  196.4,  0.3375,  0.1139
 1996,     2,  25,  0.2392,  0.4401,     6,  196.5,  0.5009,  0.2509
 1996,     2,  26,  0.2184,  0.4621,     6,  199.7,  0.5111,  0.2613
 1996,     2,  27, -0.0726,  0.8062,     7,  230.1,  0.8095,  0.6553
 1996,     2,  28, -0.3493,  1.0468,     7,  243.5,  1.1035,  1.2178
 1996,     2,  29, -0.3921,  1.3416,     7,  241.3,  1.3978,  1.9537
 1996,     3,   1, -0.2021,  1.4635,     7,  232.9,  1.4774,  2.1828
 1996,     3,   2, -0.1079,  1.6987,     7,  228.6,  1.7021,  2.8971
 1996,     3,   3, -0.1911,  1.8733,     7,  230.8,  1.8830,  3.5456
 1996,     3,   4, -0.4013,  1.9131,     7,  236.8,  1.9547,  3.8209
 1996,     3,   5, -0.3676,  1.8760,     7,  236.1,  1.9117,  3.6546
 1996,     3,   6, -0.4979,  1.8149,     7,  240.3,  1.8819,  3.5417
 1996,     3,   7, -0.6500,  1.7861,     7,  245.0,  1.9007,  3.6126
 1996,     3,   8, -0.7553,  1.6695,     7,  249.3,  1.8324,  3.3576
 1996,     3,   9, -0.6821,  1.3581,     7,  251.7,  1.5197,  2.3096
 1996,     3,  10, -0.7274,  1.1402,     7,  257.5,  1.3525,  1.8292
 1996,     3,  11, -0.9728,  0.4757,     8,  288.9,  1.0829,  1.1726
 1996,     3,  12, -1.3226, -0.0209,     1,  315.9,  1.3228,  1.7498
 1996,     3,  13, -1.6102, -0.5513,     1,  333.9,  1.7020,  2.8966
 1996,     3,  14, -1.5899, -0.8606,     1,  343.4,  1.8079,  3.2686
 1996,     3,  15, -1.4575, -1.0202,     1,  350.0,  1.7790,  3.1650
 1996,     3,  16, -1.2084, -1.4549,     2,    5.3,  1.8912,  3.5768
 1996,     3,  17, -0.7110, -1.5716,     2,   20.7,  1.7249,  2.9755
 1996,     3,  18, -0.4331, -1.6818,     2,   30.6,  1.7366,  3.0159
 1996,     3,  19, -0.1441, -2.0125,     2,   40.9,  2.0177,  4.0711
 1996,     3,  20,  0.1771, -2.1246,     3,   49.8,  2.1320,  4.5453
 1996,     3,  21,  0.2920, -2.0320,     3,   53.2,  2.0528,  4.2141
 1996,     3,  22,  0.3725, -1.9160,     3,   56.0,  1.9519,  3.8098
 1996,     3,  23,  0.1859, -1.7477,     3,   51.1,  1.7576,  3.0891
 1996,     3,  24,  0.1598, -1.5788,     3,   50.8,  1.5869,  2.5183
 1996,     3,  25,  0.4418, -1.4976,     3,   61.4,  1.5614,  2.4379
 1996,     3,  26,  1.0321, -1.6753,     3,   76.6,  1.9677,  3.8717
 1996,     3,  27,  1.5125, -1.7886,     3,   85.2,  2.3424,  5.4867
 1996,     3,  28,  1.6584, -1.3933,     4,   95.0,  2.1660,  4.6917
 1996,     3,  29,  1.8220, -1.3038,     4,   99.4,  2.2405,  5.0198
 1996,     3,  30,  2.0570, -1.0627,     4,  107.7,  2.3152,  5.3603
 1996,     3,  31,  2.2789, -0.4778,     4,  123.2,  2.3285,  5.4218
 1996,     4,   1,  2.2155, -0.2415,     4,  128.8,  2.2286,  4.9667
 1996,     4,   2,  2.3362, -0.0998,     4,  132.6,  2.3383,  5.4676
 1996,     4,   3,  2.2740,  0.2525,     5,  141.3,  2.2880,  5.2347
 1996,     4,   4,  2.0249,  0.3930,     5,  146.0,  2.0627,  4.2547
 1996,     4,   5,  1.7405,  0.6423,     5,  155.3,  1.8553,  3.4421
 1996,     4,   6,  1.2556,  0.9114,     5,  171.0,  1.5515,  2.4071
 1996,     4,   7,  0.7550,  0.9888,     6,  187.6,  1.2441,  1.5477
 1996,     4,   8,  0.6330,  0.9490,     6,  191.3,  1.1407,  1.3012
 1996,     4,   9,  0.6430,  1.0269,     6,  192.9,  1.2116,  1.4680
 1996,     4,  10,  0.8237,  1.0230,     6,  186.2,  1.3134,  1.7249
 1996,     4,  11,  0.7007,  0.8486,     6,  185.5,  1.1005,  1.2111
 1996,     4,  12,  0.3250,  0.5628,     6,  195.0,  0.6499,  0.4224
 1996,     4,  13,  0.0603,  0.3108,     6,  214.0,  0.3166,  0.1002
 1996,     4,  14, -0.2776,  0.1379,     8,  288.6,  0.3100,  0.0961
 1996,     4,  15, -0.3193,  0.0762,     8,  301.6,  0.3282,  0.1077
 1996,     4,  16, -0.1210, -0.0591,     1,  341.0,  0.1346,  0.0181
 1996,     4,  17, -0.0710, -0.4099,     2,   35.2,  0.4160,  0.1730
 1996,     4,  18, -0.0626, -0.3815,     2,   35.7,  0.3866,  0.1494
 1996,     4,  19,  0.2739, -0.2724,     4,   90.2,  0.3863,  0.1492
 1996,     4,  20,  0.6301, -0.1270,     4,  123.6,  0.6427,  0.4131
 1996,     4,  21,  0.6971, -0.3070,     4,  111.2,  0.7617,  0.5802
 1996,     4,  22,  0.7229, -0.2384,     4,  116.7,  0.7612,  0.5794
 1996,     4,  23,  0.8889,  0.1847,     5,  146.7,  0.9079,  0.8242
 1996,     4,  24,  1.0898,  0.4379,     5,  156.9,  1.1745,  1.3794
 1996,     4,  25,  1.2910,  0.5240,     5,  157.1,  1.3933,  1.9413
 1996,     4,  26,  1.1427,  0.4771,     5,  157.7,  1.2383,  1.5334
 1996,     4,  27,  0.8513,  0.3136,     5,  155.2,  0.9072,  0.8230
 1996,     4,  28,  0.8349,  0.2547,     5,  152.0,  0.8729,  0.7620
 1996,     4,  29,  0.9329,  0.2232,     5,  148.5,  0.9592,  0.9200
 1996,     4,  30,  0.9201,  0.3603,     5,  156.4,  0.9882,  0.9765
 1996,     5,   1,  1.1581,  0.3579,     5,  152.2,  1.2121,  1.4692
 1996,     5,   2,  1.1415,  0.3716,     5,  153.0,  1.2005,  1.4412
 1996,     5,   3,  1.2644,  0.7563,     5,  165.9,  1.4733,  2.1707
 1996,     5,   4,  1.4228,  1.1925,     5,  175.0,  1.8564,  3.4464
 1996,     5,   5,  1.5744,  1.4746,     5,  178.1,  2.1571,  4.6531
 1996,     5,   6,  1.4032,  1.6984,     6,  185.4,  2.2031,  4.8538
 1996,     5,   7,  1.3200,  2.1571,     6,  193.5,  2.5289,  6.3954
 1996,     5,   8,  0.9818,  2.3032,     6,  201.9,  2.5037,  6.2686
 1996,     5,   9,  0.5129,  2.2220,     6,  212.0,  2.2805,  5.2005
 1996,     5,  10,  0.0952,  2.0159,     6,  222.3,  2.0182,  4.0730
 1996,     5,  11, -0.3889,  1.9500,     7,  236.3,  1.9884,  3.9537
 1996,     5,  12, -0.6549,  1.7996,     7,  245.0,  1.9151,  3.6677
 1996,     5,  13, -0.6246,  1.7581,     7,  244.6,  1.8657,  3.4809
 1996,     5,  14, -0.4426,  1.6541,     7,  240.0,  1.7123,  2.9318
 1996,     5,  15, -0.6312,  1.4750,     7,  248.2,  1.6044,  2.5740
 1996,     5,  16, -1.0332,  1.7223,     7,  256.0,  2.0084,  4.0338
 1996,     5,  17, -1.3563,  1.8250,     7,  261.6,  2.2738,  5.1703
 1996,     5,  18, -1.2688,  1.6542,     7,  262.5,  2.0848,  4.3463
 1996,     5,  19, -1.2265,  0.9761,     8,  276.5,  1.5675,  2.4569
 1996,     5,  20, -1.2294,  0.2652,     8,  302.8,  1.2576,  1.5816
 1996,     5,  21, -1.1516, -0.1494,     1,  322.4,  1.1613,  1.3486
 1996,     5,  22, -1.0018, -0.2982,     1,  331.6,  1.0452,  1.0925
 1996,     5,  23, -0.9677, -0.4815,     1,  341.5,  1.0809,  1.1684
 1996,     5,  24, -1.0401, -0.4685,     1,  339.2,  1.1407,  1.3012
 1996,     5,  25, -1.0644, -0.3121,     1,  331.3,  1.1092,  1.2304
 1996,     5,  26, -1.0000, -0.3661,     1,  335.1,  1.0650,  1.1341
 1996,     5,  27, -0.5646, -0.5585,     1,  359.7,  0.7941,  0.6307
 1996,     5,  28, -0.3961, -0.8525,     2,   20.1,  0.9400,  0.8837
 1996,     5,  29, -0.4049, -1.1078,     2,   24.9,  1.1794,  1.3911
 1996,     5,  30, -0.5086, -1.0003,     2,   18.0,  1.1222,  1.2592
 1996,     5,  31, -0.6419, -0.9925,     2,   12.1,  1.1820,  1.3971
 1996,     6,   1, -0.4680, -1.2733,     2,   24.8,  1.3566,  1.8403
 1996,     6,   2, -0.2173, -1.3146,     2,   35.6,  1.3324,  1.7753
 1996,     6,   3,  0.0586, -1.3768,     3,   47.4,  1.3781,  1.8990
 1996,     6,   4,  0.2069, -1.2493,     3,   54.4,  1.2663,  1.6034
 1996,     6,   5,  0.5441, -1.2577,     3,   68.4,  1.3704,  1.8780
 1996,     6,   6,  0.6250, -1.1848,     3,   72.8,  1.3395,  1.7943
 1996,     6,   7,  0.7059, -1.1154,     3,   77.3,  1.3200,  1.7424
 1996,     6,   8,  0.8630, -1.2298,     3,   80.1,  1.5023,  2.2570
 1996,     6,   9,  0.9536, -1.1694,     3,   84.2,  1.5090,  2.2769
 1996,     6,  10,  1.0346, -0.8776,     4,   94.7,  1.3567,  1.8407
 1996,     6,  11,  1.4000, -0.7171,     4,  107.9,  1.5730,  2.4742
 1996,     6,  12,  1.6173, -0.5974,     4,  114.7,  1.7241,  2.9726
 1996,     6,  13,  1.7665, -0.4508,     4,  120.7,  1.8231,  3.3237
 1996,     6,  14,  1.6958, -0.1701,     4,  129.3,  1.7044,  2.9048
 1996,     6,  15,  1.6277,  0.0086,     5,  135.3,  1.6277,  2.6494
 1996,     6,  16,  1.5378,  0.2832,     5,  145.4,  1.5637,  2.4451
 1996,     6,  17,  1.2815,  0.3857,     5,  151.8,  1.3383,  1.7910
 1996,     6,  18,  1.1321,  0.4667,     5,  157.4,  1.2246,  1.4995
 1996,     6,  19,  1.0376,  0.6211,     5,  165.9,  1.2093,  1.4623
 1996,     6,  20,  0.5646,  0.6964,     6,  186.0,  0.8965,  0.8037
 1996,     6,  21,  0.0315,  0.7709,     6,  222.7,  0.7716,  0.5953
 1996,     6,  22, -0.3766,  0.6585,     7,  254.8,  0.7586,  0.5754
 1996,     6,  23, -0.6503,  0.7416,     7,  266.2,  0.9863,  0.9728
 1996,     6,  24, -0.8782,  0.8618,     8,  270.5,  1.2304,  1.5138
 1996,     6,  25, -1.3405,  0.6545,     8,  289.0,  1.4918,  2.2254
 1996,     6,  26, -1.7524,  0.3982,     8,  302.2,  1.7971,  3.2294
 1996,     6,  27, -1.9974, -0.0383,     1,  316.1,  1.9978,  3.9912
 1996,     6,  28, -2.0748, -0.4100,     1,  326.2,  2.1149,  4.4728
 1996,     6,  29, -1.8774, -0.8605,     1,  339.6,  2.0652,  4.2652
 1996,     6,  30, -1.6423, -1.3459,     1,  354.3,  2.1233,  4.5084
 1996,     7,   1, -1.6065, -1.6264,     2,    0.4,  2.2860,  5.2260
 1996,     7,   2, -1.5833, -1.6365,     2,    0.9,  2.2771,  5.1852
 1996,     7,   3, -1.3166, -1.5339,     2,    4.4,  2.0214,  4.0862
 1996,     7,   4, -0.8598, -1.2807,     2,   11.1,  1.5426,  2.3795
 1996,     7,   5, -0.3444, -1.0232,     2,   26.4,  1.0796,  1.1655
 1996,     7,   6,  0.0507, -0.9313,     3,   48.1,  0.9327,  0.8699
 1996,     7,   7,  0.2881, -0.7307,     3,   66.5,  0.7854,  0.6168
 1996,     7,   8,  0.3895, -0.5569,     3,   80.0,  0.6795,  0.4618
 1996,     7,   9,  0.6087, -0.1138,     4,  124.4,  0.6192,  0.3834
 1996,     7,  10,  0.9141,  0.1749,     5,  145.8,  0.9307,  0.8662
 1996,     7,  11,  1.2227,  0.1596,     5,  142.4,  1.2330,  1.5204
 1996,     7,  12,  1.3328, -0.0104,     4,  134.6,  1.3329,  1.7766
 1996,     7,  13,  1.2111,  0.1348,     5,  141.4,  1.2186,  1.4849
 1996,     7,  14,  1.0930,  0.6091,     5,  164.1,  1.2513,  1.5657
 1996,     7,  15,  1.0584,  1.0139,     5,  178.8,  1.4657,  2.1482
 1996,     7,  16,  0.9801,  1.2378,     6,  186.6,  1.5788,  2.4926
 1996,     7,  17,  0.9953,  1.3021,     6,  187.6,  1.6389,  2.6860
 1996,     7,  18,  1.0326,  1.2879,     6,  186.3,  1.6508,  2.7251
 1996,     7,  19,  1.0992,  1.3633,     6,  186.1,  1.7512,  3.0668
 1996,     7,  20,  1.0245,  1.2746,     6,  186.2,  1.6353,  2.6743
 1996,     7,  21,  0.5520,  1.2614,     6,  201.4,  1.3769,  1.8959
 1996,     7,  22,  0.2947,  1.2264,     6,  211.5,  1.2613,  1.5908
 1996,     7,  23,  0.2441,  1.4316,     6,  215.3,  1.4523,  2.1092
 1996,     7,  24,  0.3727,  1.2241,     6,  208.1,  1.2796,  1.6373
 1996,     7,  25,  0.5083,  0.9325,     6,  196.4,  1.0620,  1.1279
 1996,     7,  26,  0.4318,  0.9257,     6,  200.0,  1.0215,  1.0434
 1996,     7,  27,  0.4127,  1.4028,     6,  208.6,  1.4623,  2.1382
 1996,     7,  28,  0.4261,  1.5755,     6,  209.9,  1.6321,  2.6639
 1996,     7,  29,  0.4753,  1.4225,     6,  206.5,  1.4998,  2.2495
 1996,     7,  30,  0.4634,  1.2528,     6,  204.7,  1.3357,  1.7842
 1996,     7,  31,  0.3194,  1.3214,     6,  211.4,  1.3595,  1.8482
 1996,     8,   1,  0.1950,  1.4018,     6,  217.1,  1.4153,  2.0031
 1996,     8,   2,  0.2796,  1.1592,     6,  211.4,  1.1925,  1.4220
 1996,     8,   3,  0.0894,  1.0021,     6,  219.9,  1.0061,  1.0122
 1996,     8,   4, -0.1513,  0.9708,     7,  233.9,  0.9825,  0.9653
 1996,     8,   5, -0.5395,  0.6997,     7,  262.6,  0.8836,  0.7807
 1996,     8,   6, -0.7905,  0.5260,     8,  281.4,  0.9496,  0.9017
 1996,     8,   7, -0.9540,  0.4842,     8,  288.1,  1.0699,  1.1446
 1996,     8,   8, -1.0453,  0.4863,     8,  290.1,  1.1529,  1.3292
 1996,     8,   9, -1.0379,  0.4409,     8,  292.0,  1.1277,  1.2717
 1996,     8,  10, -0.9881,  0.0876,     8,  309.9,  0.9920,  0.9841
 1996,     8,  11, -1.1878, -0.1998,     1,  324.5,  1.2045,  1.4507
 1996,     8,  12, -1.0931, -0.3770,     1,  334.0,  1.1563,  1.3370
 1996,     8,  13, -0.9634, -0.5043,     1,  342.6,  1.0874,  1.1824
 1996,     8,  14, -1.0204, -0.9233,     1,  357.1,  1.3762,  1.8939
 1996,     8,  15, -1.0700, -1.1269,     2,    1.5,  1.5540,  2.4149
 1996,     8,  16, -0.7505, -1.4269,     2,   17.3,  1.6122,  2.5992
 1996,     8,  17, -0.1847, -1.2186,     2,   36.4,  1.2325,  1.5190
 1996,     8,  18,  0.2873, -0.9606,     3,   61.7,  1.0026,  1.0053
 1996,     8,  19,  0.5470, -0.9457,     3,   75.0,  1.0925,  1.1936
 1996,     8,  20,  0.4749, -0.9141,     3,   72.5,  1.0301,  1.0612
 1996,     8,  21,  0.2759, -0.7353,     3,   65.6,  0.7853,  0.6167
 1996,     8,  22,  0.0673, -0.6035,     3,   51.4,  0.6072,  0.3687
 1996,     8,  23,  0.0656, -0.6833,     3,   50.5,  0.6865,  0.4712
 1996,     8,  24,  0.1689, -0.9666,     3,   54.9,  0.9813,  0.9629
 1996,     8,  25,  0.1073, -1.1096,     3,   50.5,  1.1147,  1.2426
 1996,     8,  26,  0.1135, -1.1567,     3,   50.6,  1.1623,  1.3509
 1996,     8,  27,  0.2880, -0.9018,     3,   62.7,  0.9467,  0.8962
 1996,     8,  28,  0.3576, -0.6553,     3,   73.6,  0.7465,  0.5572
 1996,     8,  29,  0.3434, -0.4988,     3,   79.5,  0.6056,  0.3667
 1996,     8,  30,  0.2235, -0.6443,     3,   64.1,  0.6820,  0.4651
 1996,     8,  31,  0.0134, -0.5560,     3,   46.4,  0.5561,  0.3093
 1996,     9,   1, -0.0915, -0.1370,     2,   11.3,  0.1648,  0.0272
 1996,     9,   2,  0.0424, -0.0395,     4,   92.0,  0.0579,  0.0034
 1996,     9,   3,  0.1657, -0.0128,     4,  130.6,  0.1662,  0.0276
 1996,     9,   4,  0.2276,  0.1597,     5,  170.1,  0.2780,  0.0773
 1996,     9,   5,  0.3251,  0.2360,     5,  171.0,  0.4018,  0.1614
 1996,     9,   6,  0.4237,  0.2751,     5,  168.0,  0.5052,  0.2552
 1996,     9,   7,  0.7014,  0.2662,     5,  155.8,  0.7502,  0.5628
 1996,     9,   8,  1.0461,  0.2464,     5,  148.3,  1.0747,  1.1551
 1996,     9,   9,  1.2185,  0.5790,     5,  160.4,  1.3491,  1.8201
 1996,     9,  10,  1.3114,  0.8823,     5,  168.9,  1.5805,  2.4981
 1996,     9,  11,  1.2609,  1.2154,     5,  178.9,  1.7513,  3.0672
 1996,     9,  12,  1.3723,  1.5330,     6,  183.2,  2.0575,  4.2333
 1996,     9,  13,  1.3869,  1.6911,     6,  185.6,  2.1870,  4.7831
 1996,     9,  14,  1.1095,  1.3203,     6,  185.0,  1.7246,  2.9742
 1996,     9,  15,  0.8353,  0.8227,     5,  179.6,  1.1724,  1.3746
 1996,     9,  16,  0.7492,  0.6347,     5,  175.3,  0.9819,  0.9642
 1996,     9,  17,  0.8700,  0.5574,     5,  167.6,  1.0333,  1.0676
 1996,     9,  18,  0.7905,  0.5395,     5,  169.3,  0.9570,  0.9159
 1996,     9,  19,  0.7399,  0.6904,     5,  178.0,  1.0119,  1.0240
 1996,     9,  20,  0.6920,  1.1413,     6,  193.8,  1.3347,  1.7814
 1996,     9,  21,  0.5651,  1.2756,     6,  201.1,  1.3951,  1.9464
 1996,     9,  22,  0.3646,  1.0308,     6,  205.5,  1.0933,  1.1954
 1996,     9,  23,  0.2479,  0.9260,     6,  210.0,  0.9586,  0.9189
 1996,     9,  24,  0.0477,  0.8786,     6,  221.9,  0.8799,  0.7742
 1996,     9,  25, -0.1556,  0.9590,     7,  234.2,  0.9715,  0.9438
 1996,     9,  26, -0.1532,  0.5228,     7,  241.3,  0.5448,  0.2968
 1996,     9,  27, -0.1159, -0.0808,     1,  349.9,  0.1413,  0.0200
 1996,     9,  28,  0.1565, -0.0634,     4,  112.9,  0.1689,  0.0285
 1996,     9,  29,  0.5703, -0.1844,     4,  117.1,  0.5994,  0.3592
 1996,     9,  30,  0.6875, -0.1239,     4,  124.8,  0.6985,  0.4879
 1996,    10,   1,  0.5579, -0.2316,     4,  112.5,  0.6040,  0.3649
 1996,    10,   2,  0.4252, -0.4467,     3,   88.6,  0.6168,  0.3804
 1996,    10,   3,  0.1405, -0.5255,     3,   60.0,  0.5439,  0.2958
 1996,    10,   4,  0.1410, -0.4989,     3,   60.8,  0.5184,  0.2688
 1996,    10,   5, -0.1069, -0.5254,     2,   33.5,  0.5362,  0.2875
 1996,    10,   6, -0.2707, -0.5689,     2,   19.6,  0.6300,  0.3969
 1996,    10,   7, -0.4588, -0.6580,     2,   10.1,  0.8022,  0.6436
 1996,    10,   8, -0.5251, -0.4660,     1,  356.6,  0.7021,  0.4929
 1996,    10,   9, -0.3667, -0.0315,     1,  319.9,  0.3681,  0.1355
 1996,    10,  10,  0.0000,  0.2859,     6,  225.0,  0.2859,  0.0817
 1996,    10,  11,  0.1370,  0.1892,     6,  189.1,  0.2336,  0.0546
 1996,    10,  12,  0.0951,  0.0756,     5,  173.5,  0.1215,  0.0148
 1996,    10,  13, -0.0551, -0.0299,     1,  343.5,  0.0627,  0.0039
 1996,    10,  14, -0.1560, -0.0452,     1,  331.1,  0.1624,  0.0264
 1996,    10,  15, -0.1817, -0.0751,     1,  337.5,  0.1965,  0.0386
 1996,    10,  16, -0.3029, -0.2299,     1,  352.2,  0.3803,  0.1446
 1996,    10,  17, -0.1139, -0.3672,     2,   27.8,  0.3845,  0.1478
 1996,    10,  18,  0.2365, -0.4374,     3,   73.4,  0.4973,  0.2473
 1996,    10,  19,  0.6070, -0.3149,     4,  107.6,  0.6838,  0.4676
 1996,    10,  20,  0.8521, -0.2254,     4,  120.2,  0.8814,  0.7768
 1996,    10,  21,  0.9861, -0.1154,     4,  128.3,  0.9928,  0.9856
 1996,    10,  22,  1.0339,  0.1245,     5,  141.9,  1.0414,  1.0845
 1996,    10,  23,  1.0794,  0.2656,     5,  148.8,  1.1116,  1.2356
 1996,    10,  24,  1.1626,  0.0836,     5,  139.1,  1.1656,  1.3586
 1996,    10,  25,  1.2661, -0.0092,     4,  134.6,  1.2661,  1.6030
 1996,    10,  26,  1.4320,  0.0750,     5,  138.0,  1.4340,  2.0564
 1996,    10,  27,  1.3450,  0.1410,     5,  141.0,  1.3524,  1.8290
 1996,    10,  28,  1.1067,  0.3150,     5,  150.9,  1.1507,  1.3240
 1996,    10,  29,  1.1965,  0.5968,     5,  161.5,  1.3371,  1.7878
 1996,    10,  30,  1.2398,  0.7665,     5,  166.7,  1.4577,  2.1248
 1996,    10,  31,  1.2683,  0.9249,     5,  171.1,  1.5698,  2.4642
 1996,    11,   1,  1.1145,  1.0659,     5,  178.7,  1.5422,  2.3783
 1996,    11,   2,  1.1508,  1.0146,     5,  176.4,  1.5342,  2.3538
 1996,    11,   3,  1.3038,  1.1200,     5,  175.7,  1.7188,  2.9543
 1996,    11,   4,  1.4544,  1.2377,     5,  175.4,  1.9098,  3.6472
 1996,    11,   5,  1.6417,  1.3614,     5,  174.7,  2.1327,  4.5486
 1996,    11,   6,  1.6545,  1.5093,     5,  177.4,  2.2395,  5.0155
 1996,    11,   7,  1.2437,  1.7964,     6,  190.3,  2.1849,  4.7738
 1996,    11,   8,  0.5912,  2.2029,     6,  210.0,  2.2808,  5.2021
 1996,    11,   9,  0.1884,  2.5433,     6,  220.8,  2.5503,  6.5040
 1996,    11,  10, -0.2961,  2.5655,     7,  231.6,  2.5825,  6.6695
 1996,    11,  11, -0.9111,  2.3880,     7,  245.9,  2.5559,  6.5325
 1996,    11,  12, -1.4295,  2.3302,     7,  256.5,  2.7337,  7.4733
 1996,    11,  13, -2.1312,  1.6711,     8,  276.9,  2.7083,  7.3347
 1996,    11,  14, -2.8057,  1.0579,     8,  294.3,  2.9986,  8.9913
 1996,    11,  15, -3.0919,  0.7081,     8,  302.1,  3.1720, 10.0613
 1996,    11,  16, -3.0989,  0.3385,     8,  308.8,  3.1174,  9.7180
 1996,    11,  17, -2.7818, -0.0458,     1,  315.9,  2.7822,  7.7404
 1996,    11,  18, -2.4925, -0.2930,     1,  321.7,  2.5097,  6.2984
 1996,    11,  19, -2.1339, -0.6465,     1,  331.9,  2.2297,  4.9717
 1996,    11,  20, -1.7742, -1.0221,     1,  344.9,  2.0476,  4.1927
 1996,    11,  21, -1.1932, -1.1170,     1,  358.1,  1.6345,  2.6715
 1996,    11,  22, -0.6771, -0.9678,     2,   10.0,  1.1812,  1.3952
 1996,    11,  23, -0.4535, -0.7186,     2,   12.7,  0.8497,  0.7220
 1996,    11,  24, -0.4052, -0.6288,     2,   12.2,  0.7480,  0.5595
 1996,    11,  25, -0.3966, -0.5752,     2,   10.4,  0.6987,  0.4882
 1996,    11,  26, -0.2874, -0.5672,     2,   18.1,  0.6359,  0.4044
 1996,    11,  27, -0.0703, -0.4601,     2,   36.3,  0.4654,  0.2166
 1996,    11,  28,  0.0399, -0.3088,     3,   52.4,  0.3113,  0.0969
 1996,    11,  29,  0.0727, -0.1855,     3,   66.4,  0.1993,  0.0397
 1996,    11,  30, -0.0486, -0.3563,     2,   37.2,  0.3597,  0.1293
 1996,    12,   1, -0.7041, -0.6209,     1,  356.4,  0.9388,  0.8814
 1996,    12,   2, -0.8165, -0.9875,     2,    5.4,  1.2814,  1.6420
 1996,    12,   3, -0.6143, -1.1934,     2,   17.8,  1.3422,  1.8016
 1996,    12,   4, -0.0098, -1.1347,     2,   44.5,  1.1348,  1.2877
 1996,    12,   5,  0.3932, -1.1884,     3,   63.3,  1.2518,  1.5670
 1996,    12,   6,  0.3197, -1.1772,     3,   60.2,  1.2199,  1.4881
 1996,    12,   7,  0.1410, -1.2664,     3,   51.4,  1.2743,  1.6237
 1996,    12,   8,  0.4238, -1.3995,     3,   61.8,  1.4622,  2.1381
 1996,    12,   9,  0.8541, -1.4917,     3,   74.8,  1.7189,  2.9547
 1996,    12,  10,  1.1134, -1.5306,     3,   81.0,  1.8928,  3.5826
 1996,    12,  11,  1.2641, -1.4041,     3,   87.0,  1.8893,  3.5694
 1996,    12,  12,  1.2714, -1.2362,     4,   90.8,  1.7733,  3.1447
 1996,    12,  13,  1.3406, -0.6565,     4,  108.9,  1.4927,  2.2281
 1996,    12,  14,  1.5830, -0.1552,     4,  129.4,  1.5906,  2.5299
 1996,    12,  15,  1.5471,  0.2714,     5,  144.9,  1.5707,  2.4672
 1996,    12,  16,  1.3713,  0.5487,     5,  156.8,  1.4770,  2.1815
 1996,    12,  17,  0.9999,  0.7259,     5,  171.0,  1.2356,  1.5267
 1996,    12,  18,  0.6143,  0.8700,     6,  189.8,  1.0651,  1.1343
 1996,    12,  19,  0.4707,  1.1908,     6,  203.4,  1.2805,  1.6397
 1996,    12,  20,  0.4485,  1.4633,     6,  208.0,  1.5305,  2.3423
 1996,    12,  21,  0.6075,  1.8024,     6,  206.4,  1.9020,  3.6178
 1996,    12,  22,  0.5324,  2.2232,     6,  211.5,  2.2861,  5.2263
 1996,    12,  23,  0.2746,  2.7461,     6,  219.3,  2.7598,  7.6166
 1996,    12,  24, -0.1552,  3.1817,     7,  227.8,  3.1855, 10.1473
 1996,    12,  25, -0.3931,  3.5599,     7,  231.3,  3.5815, 12.8273
 1996,    12,  26, -0.8553,  3.6207,     7,  238.3,  3.7204, 13.8413
 1996,    12,  27, -1.3249,  3.3510,     7,  246.6,  3.6034, 12.9844
 1996,    12,  28, -1.9297,  3.3582,     7,  254.9,  3.8731, 15.0013
 1996,    12,  29, -2.1723,  3.2245,     7,  259.0,  3.8880, 15.1167
 1996,    12,  30, -2.3213,  2.6643,     7,  266.1,  3.5337, 12.4871
 1996,    12,  31, -2.6295,  2.1478,     8,  275.8,  3.3952, 11.5273
 1997,     1,   1, -2.4908,  1.5963,     8,  282.3,  2.9584,  8.7523
 1997,     1,   2, -2.2937,  1.0475,     8,  290.5,  2.5216,  6.3582
 1997,     1,   3, -2.3051,  0.7461,     8,  297.1,  2.4228,  5.8699
 1997,     1,   4, -2.4039,  0.7375,     8,  297.9,  2.5145,  6.3226
 1997,     1,   5, -2.3373,  0.6028,     8,  300.5,  2.4137,  5.8262
 1997,     1,   6, -2.4353,  0.2955,     8,  308.1,  2.4531,  6.0179
 1997,     1,   7, -2.2644,  0.1014,     8,  312.4,  2.2667,  5.1379
 1997,     1,   8, -2.3593, -0.0347,     1,  315.8,  2.3595,  5.5674
 1997,     1,   9, -2.2234, -0.2956,     1,  322.6,  2.2429,  5.0308
 1997,     1,  10, -2.1161, -0.6342,     1,  331.7,  2.2091,  4.8801
 1997,     1,  11, -1.8989, -1.0299,     1,  343.5,  2.1602,  4.6666
 1997,     1,  12, -1.6692, -1.4067,     1,  355.1,  2.1829,  4.7650
 1997,     1,  13, -1.3749, -1.4028,     2,    0.6,  1.9642,  3.8582
 1997,     1,  14, -1.0816, -1.1557,     2,    1.9,  1.5829,  2.5055
 1997,     1,  15, -0.9111, -1.0831,     2,    4.9,  1.4154,  2.0033
 1997,     1,  16, -0.5050, -1.0153,     2,   18.6,  1.1339,  1.2858
 1997,     1,  17, -0.3401, -1.0566,     2,   27.2,  1.1100,  1.2321
 1997,     1,  18, -0.2401, -0.8986,     2,   30.0,  0.9301,  0.8652
 1997,     1,  19, -0.1125, -0.8302,     2,   37.3,  0.8378,  0.7018
 1997,     1,  20, -0.0482, -0.7205,     2,   41.2,  0.7221,  0.5214
 1997,     1,  21, -0.0850, -0.5141,     2,   35.6,  0.5211,  0.2715
 1997,     1,  22, -0.1602, -0.4077,     2,   23.5,  0.4380,  0.1919
 1997,     1,  23, -0.1256, -0.1507,     2,    5.2,  0.1962,  0.0385
 1997,     1,  24, -0.0683,  0.0043,     8,  311.4,  0.0685,  0.0047
 1997,     1,  25, -0.1502, -0.2120,     2,    9.7,  0.2598,  0.0675
 1997,     1,  26,  0.0750, -0.1505,     3,   71.5,  0.1681,  0.0283
 1997,     1,  27,  0.2910, -0.2067,     4,   99.6,  0.3570,  0.1274
 1997,     1,  28, -0.1520, -0.3460,     2,   21.3,  0.3779,  0.1428
 1997,     1,  29, -0.2458, -0.5626,     2,   21.4,  0.6139,  0.3769
 1997,     1,  30,  0.1284, -0.7288,     3,   55.0,  0.7400,  0.5476
 1997,     1,  31,  0.2263, -1.2505,     3,   55.3,  1.2708,  1.6149
 1997,     2,   1,  0.3727, -1.6139,     3,   58.0,  1.6563,  2.7435
 1997,     2,   2,  0.5540, -1.5972,     3,   64.1,  1.6906,  2.8580
 1997,     2,   3,  0.6907, -1.6984,     3,   67.1,  1.8334,  3.3615
 1997,     2,   4,  0.7918, -1.9600,     3,   67.0,  2.1139,  4.4686
 1997,     2,   5,  0.8394, -1.8951,     3,   68.9,  2.0726,  4.2958
 1997,     2,   6,  1.0361, -1.5939,     3,   78.0,  1.9010,  3.6140
 1997,     2,   7,  1.2795, -1.5581,     3,   84.4,  2.0162,  4.0649
 1997,     2,   8,  1.2897, -1.4636,     3,   86.4,  1.9508,  3.8055
 1997,     2,   9,  1.3762, -1.4989,     3,   87.6,  2.0349,  4.1407
 1997,     2,  10,  1.4340, -1.3170,     4,   92.4,  1.9471,  3.7910
 1997,     2,  11,  1.5252, -1.2291,     4,   96.1,  1.9588,  3.8368
 1997,     2,  12,  1.6420, -1.0746,     4,  101.8,  1.9623,  3.8508
 1997,     2,  13,  1.6712, -0.9487,     4,  105.4,  1.9217,  3.6930
 1997,     2,  14,  1.7339, -0.9651,     4,  105.9,  1.9843,  3.9376
 1997,     2,  15,  1.8199, -0.9401,     4,  107.7,  2.0483,  4.1956
 1997,     2,  16,  2.0010, -0.9297,     4,  110.1,  2.2064,  4.8682
 1997,     2,  17,  2.2730, -0.8219,     4,  115.1,  2.4170,  5.8420
 1997,     2,  18,  2.5718, -0.5056,     4,  123.9,  2.6210,  6.8696
 1997,     2,  19,  2.4557, -0.2098,     4,  130.1,  2.4647,  6.0746
 1997,     2,  20,  2.2049,  0.0882,     5,  137.3,  2.2067,  4.8696
 1997,     2,  21,  1.7767,  0.3629,     5,  146.5,  1.8133,  3.2882
 1997,     2,  22,  1.4183,  0.6097,     5,  158.3,  1.5438,  2.3834
 1997,     2,  23,  1.1944,  1.0968,     5,  177.6,  1.6216,  2.6296
 1997,     2,  24,  0.8357,  1.5997,     6,  197.4,  1.8048,  3.2573
 1997,     2,  25,  0.4480,  1.9263,     6,  211.9,  1.9777,  3.9114
 1997,     2,  26,  0.1633,  1.9278,     6,  220.2,  1.9347,  3.7431
 1997,     2,  27, -0.0416,  1.9991,     7,  226.2,  1.9996,  3.9983
 1997,     2,  28, -0.1091,  2.4067,     7,  227.6,  2.4092,  5.8041
 1997,     3,   1,  0.3330,  2.4539,     6,  217.3,  2.4764,  6.1324
 1997,     3,   2,  0.1837,  2.4172,     6,  220.7,  2.4242,  5.8768
 1997,     3,   3,  0.1037,  2.5461,     6,  222.7,  2.5483,  6.4936
 1997,     3,   4,  0.2600,  2.6082,     6,  219.3,  2.6211,  6.8701
 1997,     3,   5,  0.5030,  2.5673,     6,  213.9,  2.6161,  6.8441
 1997,     3,   6,  0.6512,  2.6306,     6,  211.1,  2.7100,  7.3440
 1997,     3,   7,  0.6008,  2.8146,     6,  213.0,  2.8780,  8.2829
 1997,     3,   8,  0.2492,  3.0005,     6,  220.3,  3.0109,  9.0653
 1997,     3,   9, -0.0109,  3.1961,     7,  225.2,  3.1961, 10.2149
 1997,     3,  10, -0.5425,  3.3720,     7,  234.1,  3.4154, 11.6648
 1997,     3,  11, -1.0899,  3.3754,     7,  242.9,  3.5470, 12.5816
 1997,     3,  12, -1.4742,  3.3578,     7,  248.7,  3.6672, 13.4485
 1997,     3,  13, -1.4168,  3.1181,     7,  249.4,  3.4249, 11.7299
 1997,     3,  14, -1.4057,  2.6395,     7,  253.0,  2.9905,  8.9432
 1997,     3,  15, -1.4773,  2.2055,     7,  258.8,  2.6545,  7.0465
 1997,     3,  16, -1.8798,  2.0900,     7,  267.0,  2.8110,  7.9018
 1997,     3,  17, -2.2431,  2.0435,     8,  272.7,  3.0344,  9.2073
 1997,     3,  18, -2.5405,  2.0453,     8,  276.2,  3.2615, 10.6377
 1997,     3,  19, -2.5705,  1.8571,     8,  279.2,  3.1711, 10.0559
 1997,     3,  20, -2.7729,  1.3194,     8,  289.6,  3.0708,  9.4297
 1997,     3,  21, -3.0741,  0.8415,     8,  299.7,  3.1872, 10.1582
 1997,     3,  22, -3.3332,  0.4288,     8,  307.7,  3.3607, 11.2943
 1997,     3,  23, -3.3520,  0.3099,     8,  309.7,  3.3663, 11.3320
 1997,     3,  24, -3.4640, -0.0406,     1,  315.7,  3.4643, 12.0012
 1997,     3,  25, -3.5858, -0.6804,     1,  325.7,  3.6497, 13.3206
 1997,     3,  26, -3.2784, -1.2089,     1,  335.2,  3.4941, 12.2091
 1997,     3,  27, -2.8952, -1.6306,     1,  344.4,  3.3228, 11.0412
 1997,     3,  28, -2.3599, -2.1884,     1,  357.8,  3.2184, 10.3581
 1997,     3,  29, -1.8365, -2.7815,     2,   11.6,  3.3331, 11.1094
 1997,     3,  30, -1.3435, -3.0135,     2,   21.0,  3.2994, 10.8861
 1997,     3,  31, -0.7671, -2.8812,     2,   30.1,  2.9816,  8.8899
 1997,     4,   1,  0.0414, -2.6224,     3,   45.9,  2.6227,  6.8786
 1997,     4,   2,  0.4530, -2.1041,     3,   57.2,  2.1524,  4.6327
 1997,     4,   3,  0.6271, -1.7315,     3,   64.9,  1.8416,  3.3914
 1997,     4,   4,  0.7056, -1.6088,     3,   68.7,  1.7567,  3.0861
 1997,     4,   5,  0.4615, -1.2607,     3,   65.1,  1.3426,  1.8024
 1997,     4,   6,  0.3787, -0.8150,     3,   69.9,  0.8987,  0.8077
 1997,     4,   7,  0.4551, -0.4285,     4,   91.7,  0.6251,  0.3907
 1997,     4,   8,  0.6230, -0.2238,     4,  115.2,  0.6620,  0.4383
 1997,     4,   9,  0.7763,  0.0334,     5,  137.5,  0.7770,  0.6037
 1997,     4,  10,  0.8475,  0.5237,     5,  166.7,  0.9963,  0.9926
 1997,     4,  11,  0.7451,  0.7173,     5,  178.9,  1.0343,  1.0697
 1997,     4,  12,  0.6215,  0.7680,     6,  186.0,  0.9880,  0.9762
 1997,     4,  13,  0.1375,  0.8035,     6,  215.3,  0.8152,  0.6646
 1997,     4,  14, -0.1353,  1.0960,     7,  232.0,  1.1043,  1.2195
 1997,     4,  15, -0.2980,  1.1758,     7,  239.2,  1.2129,  1.4712
 1997,     4,  16, -0.4834,  1.0948,     7,  248.8,  1.1967,  1.4322
 1997,     4,  17, -1.0514,  0.8013,     8,  277.7,  1.3219,  1.7475
 1997,     4,  18, -1.5729,  0.5305,     8,  296.4,  1.6600,  2.7556
 1997,     4,  19, -2.1159,  0.1524,     8,  310.9,  2.1214,  4.5002
 1997,     4,  20, -2.1861, -0.1274,     1,  318.3,  2.1898,  4.7952
 1997,     4,  21, -2.2557, -0.5455,     1,  328.6,  2.3207,  5.3857
 1997,     4,  22, -2.1427, -0.9417,     1,  338.7,  2.3405,  5.4780
 1997,     4,  23, -2.2243, -0.9318,     1,  337.7,  2.4116,  5.8158
 1997,     4,  24, -1.9205, -1.1235,     1,  345.3,  2.2250,  4.9505
 1997,     4,  25, -1.5201, -1.2377,     1,  354.2,  1.9602,  3.8425
 1997,     4,  26, -1.1950, -1.2853,     2,    2.1,  1.7550,  3.0800
 1997,     4,  27, -0.8026, -1.3700,     2,   14.6,  1.5878,  2.5210
 1997,     4,  28, -0.2625, -1.2762,     2,   33.4,  1.3029,  1.6977
 1997,     4,  29,  0.0504, -1.1415,     3,   47.5,  1.1426,  1.3056
 1997,     4,  30,  0.3416, -1.0394,     3,   63.2,  1.0941,  1.1971
 1997,     5,   1,  0.9306, -1.0467,     3,   86.6,  1.4006,  1.9615
 1997,     5,   2,  0.7778, -0.7943,     3,   89.4,  1.1117,  1.2359
 1997,     5,   3,  0.7283, -0.4783,     4,  101.7,  0.8713,  0.7591
 1997,     5,   4,  0.8030, -0.0903,     4,  128.6,  0.8080,  0.6529
 1997,     5,   5,  0.7769,  0.0438,     5,  138.2,  0.7781,  0.6055
 1997,     5,   6,  0.5061, -0.0295,     4,  131.7,  0.5069,  0.2570
 1997,     5,   7,  0.2670, -0.4403,     3,   76.2,  0.5149,  0.2652
 1997,     5,   8,  0.1411, -0.6263,     3,   57.7,  0.6420,  0.4121
 1997,     5,   9,  0.1979, -0.7875,     3,   59.1,  0.8120,  0.6593
 1997,     5,  10,  0.5199, -1.0708,     3,   70.9,  1.1903,  1.4168
 1997,     5,  11,  0.7278, -1.1789,     3,   76.7,  1.3855,  1.9195
 1997,     5,  12,  1.1208, -0.9367,     4,   95.1,  1.4607,  2.1335
 1997,     5,  13,  1.3616, -1.0766,     4,   96.7,  1.7358,  3.0130
 1997,     5,  14,  1.8195, -1.0272,     4,  105.6,  2.0894,  4.3655
 1997,     5,  15,  2.1410, -0.8721,     4,  112.8,  2.3118,  5.3445
 1997,     5,  16,  2.5131, -0.3157,     4,  127.8,  2.5329,  6.4156
 1997,     5,  17,  2.5592,  0.2293,     5,  140.1,  2.5695,  6.6022
 1997,     5,  18,  2.3564,  0.9045,     5,  156.0,  2.5240,  6.3707
 1997,     5,  19,  2.0485,  1.4902,     5,  171.0,  2.5332,  6.4171
 1997,     5,  20,  1.8030,  2.0249,     6,  183.3,  2.7112,  7.3508
 1997,     5,  21,  1.1454,  2.1102,     6,  196.5,  2.4010,  5.7650
 1997,     5,  22,  0.3828,  2.2962,     6,  215.5,  2.3278,  5.4188
 1997,     5,  23, -0.1243,  2.3880,     7,  228.0,  2.3913,  5.7181
 1997,     5,  24, -0.4359,  2.3712,     7,  235.4,  2.4110,  5.8127
 1997,     5,  25, -0.7833,  2.4161,     7,  243.0,  2.5398,  6.4508
 1997,     5,  26, -1.0347,  2.4586,     7,  247.8,  2.6675,  7.1154
 1997,     5,  27, -1.2203,  2.6239,     7,  249.9,  2.8938,  8.3738
 1997,     5,  28, -1.3131,  2.4538,     7,  253.2,  2.7831,  7.7455
 1997,     5,  29, -1.3830,  2.0968,     7,  258.4,  2.5118,  6.3093
 1997,     5,  30, -1.6592,  1.6921,     7,  269.4,  2.3699,  5.6163
 1997,     5,  31, -1.6556,  1.6317,     8,  270.4,  2.3245,  5.4034
 1997,     6,   1, -1.3232,  1.3319,     7,  269.8,  1.8774,  3.5247
 1997,     6,   2, -1.3187,  0.9429,     8,  279.4,  1.6211,  2.6281
 1997,     6,   3, -1.6828,  0.5263,     8,  297.6,  1.7632,  3.1088
 1997,     6,   4, -1.8012,  0.1016,     8,  311.8,  1.8040,  3.2546
 1997,     6,   5, -1.5810, -0.2843,     1,  325.2,  1.6064,  2.5805
 1997,     6,   6, -1.3446, -0.6859,     1,  342.0,  1.5094,  2.2784
 1997,     6,   7, -1.3888, -0.8817,     1,  347.4,  1.6450,  2.7061
 1997,     6,   8, -1.5436, -0.7401,     1,  340.6,  1.7118,  2.9303
 1997,     6,   9, -1.4428, -0.3363,     1,  328.1,  1.4815,  2.1948
 1997,     6,  10, -1.5160, -0.2876,     1,  325.7,  1.5430,  2.3810
 1997,     6,  11, -1.5927, -0.5399,     1,  333.7,  1.6817,  2.8281
 1997,     6,  12, -1.6604, -1.0159,     1,  346.5,  1.9465,  3.7890
 1997,     6,  13, -1.6283, -1.3781,     1,  355.2,  2.1332,  4.5505
 1997,     6,  14, -1.4489, -1.6393,     2,    3.5,  2.1878,  4.7867
 1997,     6,  15, -1.0489, -1.9589,     2,   16.8,  2.2220,  4.9374
 1997,     6,  16, -0.6925, -2.1227,     2,   26.9,  2.2328,  4.9854
 1997,     6,  17, -0.3049, -1.9934,     2,   36.3,  2.0166,  4.0668
 1997,     6,  18,  0.1550, -1.6503,     3,   50.4,  1.6576,  2.7476
 1997,     6,  19,  0.4490, -1.5159,     3,   61.5,  1.5810,  2.4996
 1997,     6,  20,  0.3408, -1.4717,     3,   58.0,  1.5106,  2.2820
 1997,     6,  21,  0.0982, -1.3129,     3,   49.3,  1.3166,  1.7335
 1997,     6,  22,  0.2006, -1.2603,     3,   54.0,  1.2762,  1.6286
 1997,     6,  23,  0.2960, -1.3126,     3,   57.7,  1.3456,  1.8106
 1997,     6,  24,  0.3671, -1.6281,     3,   57.7,  1.6690,  2.7856
 1997,     6,  25,  0.3317, -2.1005,     3,   54.0,  2.1265,  4.5220
 1997,     6,  26,  0.2643, -2.4723,     3,   51.1,  2.4864,  6.1822
 1997,     6,  27,  0.1680, -2.6229,     3,   48.7,  2.6283,  6.9079
 1997,     6,  28,  0.2584, -2.8266,     3,   50.2,  2.8384,  8.0564
 1997,     6,  29,  0.3256, -2.9934,     3,   51.2,  3.0110,  9.0663
 1997,     6,  30,  0.5268, -3.0597,     3,   54.8,  3.1047,  9.6393
 1997,     7,   1,  1.0979, -3.4955,     3,   62.4,  3.6638, 13.4236
 1997,     7,   2,  1.4325, -3.4484,     3,   67.6,  3.7341, 13.9435
 1997,     7,   3,  1.5257, -3.1197,     3,   71.1,  3.4728, 12.0606
 1997,     7,   4,  1.7360, -2.7867,     3,   76.9,  3.2832, 10.7793
 1997,     7,   5,  1.7267, -2.5604,     3,   79.0,  3.0882,  9.5371
 1997,     7,   6,  1.5640, -2.4804,     3,   77.2,  2.9323,  8.5983
 1997,     7,   7,  1.3891, -2.2525,     3,   76.7,  2.6464,  7.0034
 1997,     7,   8,  1.3990, -1.8633,     3,   81.9,  2.3300,  5.4291
 1997,     7,   9,  1.5920, -1.5146,     4,   91.4,  2.1973,  4.8283
 1997,     7,  10,  1.6238, -1.3651,     4,   94.9,  2.1214,  4.5002
 1997,     7,  11,  1.5556, -1.4202,     4,   92.6,  2.1063,  4.4366
 1997,     7,  12,  1.4076, -1.2951,     4,   92.4,  1.9127,  3.6585
 1997,     7,  13,  1.2722, -1.3437,     3,   88.4,  1.8504,  3.4238
 1997,     7,  14,  1.0434, -1.2844,     3,   84.1,  1.6549,  2.7385
 1997,     7,  15,  0.9868, -1.1166,     3,   86.5,  1.4901,  2.2205
 1997,     7,  16,  0.9709, -1.1099,     3,   86.2,  1.4746,  2.1745
 1997,     7,  17,  0.7901, -0.8773,     3,   87.0,  1.1806,  1.3939
 1997,     7,  18,  0.5948, -0.6452,     3,   87.7,  0.8776,  0.7701
 1997,     7,  19,  0.6849, -0.6182,     4,   92.9,  0.9226,  0.8512
 1997,     7,  20,  0.9562, -0.6320,     4,  101.5,  1.1461,  1.3136
 1997,     7,  21,  1.2268, -0.3450,     4,  119.3,  1.2744,  1.6240
 1997,     7,  22,  1.4326, -0.0258,     4,  134.0,  1.4328,  2.0529
 1997,     7,  23,  1.1926,  0.1038,     5,  140.0,  1.1972,  1.4332
 1997,     7,  24,  0.6674,  0.2453,     5,  155.2,  0.7110,  0.5056
 1997,     7,  25,  0.3417,  0.5774,     6,  194.4,  0.6709,  0.4501
 1997,     7,  26,  0.0469,  0.6386,     6,  220.8,  0.6403,  0.4100
 1997,     7,  27, -0.0989,  0.5200,     7,  235.8,  0.5293,  0.2801
 1997,     7,  28, -0.1447,  0.4004,     7,  244.9,  0.4257,  0.1812
 1997,     7,  29, -0.0101,  0.5773,     7,  226.0,  0.5774,  0.3334
 1997,     7,  30,  0.2161,  0.6629,     6,  206.9,  0.6972,  0.4861
 1997,     7,  31,  0.3692,  0.4976,     6,  188.4,  0.6196,  0.3839
 1997,     8,   1,  0.5490, -0.0531,     4,  129.5,  0.5515,  0.3042
 1997,     8,   2,  0.7843, -0.5426,     4,  100.3,  0.9537,  0.9095
 1997,     8,   3,  1.0973, -0.6640,     4,  103.8,  1.2825,  1.6449
 1997,     8,   4,  1.2092, -0.5261,     4,  111.5,  1.3187,  1.7389
 1997,     8,   5,  1.0710, -0.5683,     4,  107.0,  1.2124,  1.4700
 1997,     8,   6,  0.8981, -0.3563,     4,  113.4,  0.9662,  0.9336
 1997,     8,   7,  0.5679, -0.1697,     4,  118.4,  0.5927,  0.3513
 1997,     8,   8,  0.2041, -0.0008,     4,  134.8,  0.2041,  0.0416
 1997,     8,   9,  0.0844,  0.0228,     5,  150.1,  0.0875,  0.0077
 1997,     8,  10, -0.1931,  0.3667,     7,  252.8,  0.4144,  0.1718
 1997,     8,  11, -0.2707,  0.6192,     7,  248.6,  0.6758,  0.4567
 1997,     8,  12, -0.3049,  0.6366,     7,  250.6,  0.7059,  0.4983
 1997,     8,  13, -0.3194,  0.5413,     7,  255.5,  0.6285,  0.3950
 1997,     8,  14, -0.1768,  0.4522,     7,  246.4,  0.4856,  0.2358
 1997,     8,  15, -0.1171,  0.5000,     7,  238.2,  0.5135,  0.2637
 1997,     8,  16,  0.0114,  0.3448,     6,  223.1,  0.3450,  0.1190
 1997,     8,  17,  0.3807,  0.0799,     5,  146.9,  0.3890,  0.1513
 1997,     8,  18,  0.5341, -0.0598,     4,  128.6,  0.5374,  0.2888
 1997,     8,  19,  0.6516, -0.0756,     4,  128.4,  0.6559,  0.4303
 1997,     8,  20,  0.6332, -0.2279,     4,  115.2,  0.6729,  0.4529
 1997,     8,  21,  0.4673, -0.3459,     4,   98.5,  0.5814,  0.3380
 1997,     8,  22,  0.4736, -0.0266,     4,  131.8,  0.4743,  0.2250
 1997,     8,  23,  0.4570,  0.0127,     5,  136.6,  0.4572,  0.2090
 1997,     8,  24,  0.4718,  0.0997,     5,  146.9,  0.4823,  0.2326
 1997,     8,  25,  0.3564, -0.0427,     4,  128.2,  0.3590,  0.1289
 1997,     8,  26,  0.2896, -0.2438,     4,   94.9,  0.3786,  0.1433
 1997,     8,  27,  0.2642, -0.3530,     3,   81.8,  0.4409,  0.1944
 1997,     8,  28,  0.3284, -0.6782,     3,   70.8,  0.7535,  0.5678
 1997,     8,  29,  0.2871, -0.8726,     3,   63.2,  0.9186,  0.8438
 1997,     8,  30,  0.1398, -0.7436,     3,   55.6,  0.7567,  0.5725
 1997,     8,  31, -0.2571, -0.3703,     2,   10.2,  0.4508,  0.2032
 1997,     9,   1, -0.3454, -0.4899,     2,    9.8,  0.5994,  0.3593
 1997,     9,   2, -0.2546, -0.6598,     2,   23.9,  0.7073,  0.5002
 1997,     9,   3, -0.2793, -0.8177,     2,   26.1,  0.8640,  0.7465
 1997,     9,   4, -0.3988, -0.8630,     2,   20.2,  0.9507,  0.9039
 1997,     9,   5, -0.6402, -0.8909,     2,    9.3,  1.0971,  1.2035
 1997,     9,   6, -0.6022, -0.7849,     2,    7.5,  0.9893,  0.9788
 1997,     9,   7, -0.5827, -0.8939,     2,   11.9,  1.0670,  1.1386
 1997,     9,   8, -0.5582, -0.9901,     2,   15.6,  1.1366,  1.2919
 1997,     9,   9, -0.6044, -1.1189,     2,   16.6,  1.2717,  1.6173
 1997,     9,  10, -0.6189, -1.0950,     2,   15.5,  1.2578,  1.5821
 1997,     9,  11, -0.6140, -1.1570,     2,   17.0,  1.3099,  1.7157
 1997,     9,  12, -0.6281, -1.1114,     2,   15.5,  1.2766,  1.6297
 1997,     9,  13, -0.6482, -0.7881,     2,    5.6,  1.0204,  1.0413
 1997,     9,  14, -0.1832, -0.4498,     2,   22.8,  0.4857,  0.2359
 1997,     9,  15,  0.1357, -0.3744,     3,   64.9,  0.3982,  0.1586
 1997,     9,  16,  0.1117, -0.1529,     3,   81.2,  0.1894,  0.0359
 1997,     9,  17, -0.0106, -0.0419,     2,   30.7,  0.0432,  0.0019
 1997,     9,  18,  0.0222,  0.0123,     5,  163.9,  0.0254,  0.0006
 1997,     9,  19,  0.2346,  0.0608,     5,  149.5,  0.2423,  0.0587
 1997,     9,  20,  0.3544,  0.0027,     5,  135.4,  0.3544,  0.1256
 1997,     9,  21,  0.3211, -0.2407,     4,   98.1,  0.4013,  0.1611
 1997,     9,  22,  0.3454, -0.2962,     4,   94.4,  0.4550,  0.2070
 1997,     9,  23,  0.4122, -0.3902,     4,   91.6,  0.5676,  0.3221
 1997,     9,  24,  0.5571, -0.4417,     4,   96.6,  0.7110,  0.5055
 1997,     9,  25,  0.7615, -0.1685,     4,  122.5,  0.7799,  0.6083
 1997,     9,  26,  0.8101, -0.3249,     4,  113.1,  0.8729,  0.7619
 1997,     9,  27,  0.8570, -0.5695,     4,  101.4,  1.0290,  1.0588
 1997,     9,  28,  0.7363, -0.6414,     4,   93.9,  0.9765,  0.9535
 1997,     9,  29,  0.7789, -0.3435,     4,  111.2,  0.8512,  0.7246
 1997,     9,  30,  0.8862, -0.1253,     4,  127.0,  0.8950,  0.8010
 1997,    10,   1,  1.0467, -0.0619,     4,  131.6,  1.0485,  1.0993
 1997,    10,   2,  0.8785,  0.0846,     5,  140.5,  0.8826,  0.7789
 1997,    10,   3,  0.7836,  0.2375,     5,  151.9,  0.8188,  0.6704
 1997,    10,   4,  0.6425,  0.5363,     5,  174.9,  0.8369,  0.7004
 1997,    10,   5,  0.6581,  0.6624,     6,  180.2,  0.9338,  0.8719
 1997,    10,   6,  0.4764,  0.7676,     6,  193.2,  0.9034,  0.8161
 1997,    10,   7,  0.2813,  0.7621,     6,  204.7,  0.8124,  0.6600
 1997,    10,   8,  0.0858,  0.7600,     6,  218.6,  0.7648,  0.5850
 1997,    10,   9, -0.1645,  0.7109,     7,  238.0,  0.7297,  0.5324
 1997,    10,  10, -0.4239,  0.7064,     7,  256.0,  0.8238,  0.6787
 1997,    10,  11, -0.7702,  0.3386,     8,  291.3,  0.8414,  0.7079
 1997,    10,  12, -0.9425,  0.1205,     8,  307.7,  0.9502,  0.9028
 1997,    10,  13, -0.9208, -0.1227,     1,  322.6,  0.9289,  0.8628
 1997,    10,  14, -0.7348, -0.4024,     1,  343.7,  0.8378,  0.7019
 1997,    10,  15, -0.4525, -0.4366,     1,  359.0,  0.6288,  0.3953
 1997,    10,  16, -0.2497, -0.4365,     2,   15.2,  0.5029,  0.2529
 1997,    10,  17, -0.0191, -0.4257,     2,   42.4,  0.4261,  0.1816
 1997,    10,  18,  0.3203, -0.4797,     3,   78.7,  0.5768,  0.3327
 1997,    10,  19,  0.6630, -0.4221,     4,  102.5,  0.7859,  0.6177
 1997,    10,  20,  0.7283, -0.2016,     4,  119.5,  0.7557,  0.5711
 1997,    10,  21,  0.8532,  0.1132,     5,  142.6,  0.8606,  0.7407
 1997,    10,  22,  0.9734,  0.4581,     5,  160.2,  1.0758,  1.1573
 1997,    10,  23,  1.1003,  0.6562,     5,  165.8,  1.2811,  1.6413
 1997,    10,  24,  0.8754,  0.9703,     6,  182.9,  1.3069,  1.7079
 1997,    10,  25,  0.4677,  1.1909,     6,  203.6,  1.2795,  1.6371
 1997,    10,  26,  0.1294,  1.1915,     6,  218.8,  1.1985,  1.4365
 1997,    10,  27, -0.1823,  1.0301,     7,  235.0,  1.0461,  1.0943
 1997,    10,  28, -0.2068,  0.8700,     7,  238.4,  0.8942,  0.7996
 1997,    10,  29, -0.1730,  0.8311,     7,  236.8,  0.8489,  0.7207
 1997,    10,  30, -0.2652,  0.9559,     7,  240.5,  0.9921,  0.9842
 1997,    10,  31, -0.1340,  0.9911,     7,  232.7,  1.0001,  1.0002
 1997,    11,   1, -0.2442,  0.8220,     7,  241.5,  0.8575,  0.7353
 1997,    11,   2, -0.4787,  0.7334,     7,  258.1,  0.8758,  0.7670
 1997,    11,   3, -0.6790,  0.7442,     7,  267.4,  1.0074,  1.0149
 1997,    11,   4, -0.7180,  0.7831,     7,  267.5,  1.0624,  1.1287
 1997,    11,   5, -0.7327,  0.5088,     8,  280.2,  0.8920,  0.7957
 1997,    11,   6, -0.8839,  0.5681,     8,  282.3,  1.0508,  1.1041
 1997,    11,   7, -1.0645,  0.6463,     8,  283.7,  1.2454,  1.5509
 1997,    11,   8, -1.0024,  0.4877,     8,  289.1,  1.1147,  1.2425
 1997,    11,   9, -0.9582,  0.1831,     8,  304.2,  0.9756,  0.9517
 1997,    11,  10, -0.9453, -0.0157,     1,  316.0,  0.9454,  0.8938
 1997,    11,  11, -0.8829, -0.3043,     1,  334.0,  0.9339,  0.8722
 1997,    11,  12, -0.6231, -0.5073,     1,  354.2,  0.8035,  0.6456
 1997,    11,  13, -0.3926, -0.7109,     2,   16.1,  0.8121,  0.6596
 1997,    11,  14, -0.2137, -0.6862,     2,   27.7,  0.7187,  0.5165
 1997,    11,  15, -0.2009, -0.5597,     2,   25.3,  0.5947,  0.3536
 1997,    11,  16,  0.0938, -0.4120,     3,   57.8,  0.4226,  0.1786
 1997,    11,  17,  0.2328, -0.4838,     3,   70.7,  0.5369,  0.2882
 1997,    11,  18,  0.3639, -0.6868,     3,   72.9,  0.7772,  0.6041
 1997,    11,  19,  0.3715, -0.5809,     3,   77.6,  0.6896,  0.4755
 1997,    11,  20,  0.4054, -0.2900,     4,   99.4,  0.4985,  0.2485
 1997,    11,  21,  0.4653,  0.1550,     5,  153.4,  0.4904,  0.2405
 1997,    11,  22,  0.3508,  0.2925,     5,  174.8,  0.4567,  0.2086
 1997,    11,  23,  0.2515,  0.1940,     5,  172.6,  0.3176,  0.1009
 1997,    11,  24, -0.0024, -0.0736,     2,   43.1,  0.0736,  0.0054
 1997,    11,  25, -0.3986, -0.1323,     1,  333.4,  0.4200,  0.1764
 1997,    11,  26, -0.6675, -0.0877,     1,  322.5,  0.6733,  0.4533
 1997,    11,  27, -0.8089, -0.0159,     1,  316.1,  0.8090,  0.6546
 1997,    11,  28, -0.9633,  0.1971,     8,  303.4,  0.9833,  0.9668
 1997,    11,  29, -1.1714,  0.1680,     8,  306.8,  1.1834,  1.4003
 1997,    11,  30, -1.3468, -0.1348,     1,  320.7,  1.3535,  1.8321
 1997,    12,   1, -1.2675, -0.3204,     1,  329.2,  1.3073,  1.7091
 1997,    12,   2, -1.0553, -0.5386,     1,  342.0,  1.1848,  1.4037
 1997,    12,   3, -0.8379, -0.7930,     1,  358.4,  1.1537,  1.3309
 1997,    12,   4, -0.5209, -1.0294,     2,   18.2,  1.1537,  1.3311
 1997,    12,   5, -0.4370, -1.0612,     2,   22.6,  1.1476,  1.3170
 1997,    12,   6, -0.2268, -0.6781,     2,   26.5,  0.7150,  0.5113
 1997,    12,   7, -0.0577, -0.4717,     2,   38.0,  0.4752,  0.2258
 1997,    12,   8, -0.0730, -0.4289,     2,   35.3,  0.4351,  0.1893
 1997,    12,   9, -0.1775, -0.1319,     1,  351.6,  0.2212,  0.0489
 1997,    12,  10, -0.3615, -0.0413,     1,  321.5,  0.3639,  0.1324
 1997,    12,  11, -0.4931, -0.1709,     1,  334.1,  0.5219,  0.2724
 1997,    12,  12, -0.7437, -0.2707,     1,  335.0,  0.7914,  0.6264
 1997,    12,  13, -0.6693, -0.4693,     1,  350.0,  0.8175,  0.6682
 1997,    12,  14, -0.6116, -0.4852,     1,  353.4,  0.7806,  0.6094
 1997,    12,  15, -0.3460, -0.7063,     2,   18.9,  0.7865,  0.6185
 1997,    12,  16, -0.1083, -0.8243,     2,   37.5,  0.8313,  0.6911
 1997,    12,  17,  0.1515, -0.9577,     3,   54.0,  0.9697,  0.9403
 1997,    12,  18,  0.5270, -0.8046,     3,   78.2,  0.9619,  0.9252
 1997,    12,  19,  0.8546, -0.4533,     4,  107.1,  0.9674,  0.9358
 1997,    12,  20,  1.0464, -0.1712,     4,  125.7,  1.0603,  1.1243
 1997,    12,  21,  1.2287,  0.0620,     5,  137.9,  1.2302,  1.5135
 1997,    12,  22,  1.3377,  0.2590,     5,  146.0,  1.3625,  1.8565
 1997,    12,  23,  1.2495,  0.3716,     5,  151.6,  1.3036,  1.6995
 1997,    12,  24,  1.2105,  0.2524,     5,  146.8,  1.2365,  1.5289
 1997,    12,  25,  1.1593,  0.1898,     5,  144.3,  1.1747,  1.3800
 1997,    12,  26,  0.9282,  0.1342,     5,  143.2,  0.9378,  0.8796
 1997,    12,  27,  0.8244,  0.0733,     5,  140.1,  0.8277,  0.6850
 1997,    12,  28,  0.7380,  0.1801,     5,  148.7,  0.7597,  0.5771
 1997,    12,  29,  0.6295,  0.5111,     5,  174.1,  0.8109,  0.6575
 1997,    12,  30,  0.6468,  0.8579,     6,  188.0,  1.0744,  1.1544
 1997,    12,  31,  0.6753,  0.9734,     6,  190.2,  1.1847,  1.4035
 1998,     1,   1,  0.6463,  1.0507,     6,  193.4,  1.2335,  1.5216
 1998,     1,   2,  0.3487,  0.9876,     6,  205.6,  1.0473,  1.0969
 1998,     1,   3, -0.0186,  1.0238,     7,  226.0,  1.0240,  1.0485
 1998,     1,   4, -0.3855,  1.1474,     7,  243.6,  1.2104,  1.4652
 1998,     1,   5, -0.7267,  0.9944,     7,  261.2,  1.2316,  1.5169
 1998,     1,   6, -1.0963,  0.6391,     8,  284.8,  1.2689,  1.6102
 1998,     1,   7, -1.3712,  0.4790,     8,  295.7,  1.4524,  2.1095
 1998,     1,   8, -1.5102,  0.5030,     8,  296.6,  1.5917,  2.5336
 1998,     1,   9, -1.5752,  0.2374,     8,  306.4,  1.5930,  2.5376
 1998,     1,  10, -1.5231, -0.0508,     1,  316.9,  1.5240,  2.3226
 1998,     1,  11, -1.1158, -0.4024,     1,  334.8,  1.1862,  1.4070
 1998,     1,  12, -0.7501, -1.0959,     2,   10.6,  1.3280,  1.7637
 1998,     1,  13, -0.2311, -1.4571,     2,   36.0,  1.4753,  2.1766
 1998,     1,  14, -0.0261, -1.4747,     2,   44.0,  1.4749,  2.1753
 1998,     1,  15,  0.5448, -1.1212,     3,   70.9,  1.2466,  1.5539
 1998,     1,  16,  0.8518, -0.8265,     4,   90.9,  1.1869,  1.4087
 1998,     1,  17,  1.0277, -0.5490,     4,  106.9,  1.1652,  1.3576
 1998,     1,  18,  1.0744, -0.0984,     4,  129.8,  1.0789,  1.1640
 1998,     1,  19,  0.9964,  0.1132,     5,  141.5,  1.0028,  1.0057
 1998,     1,  20,  0.9373,  0.2253,     5,  148.5,  0.9640,  0.9293
 1998,     1,  21,  0.5326,  0.3374,     5,  167.4,  0.6305,  0.3975
 1998,     1,  22,  0.4050,  0.4047,     5,  180.0,  0.5726,  0.3278
 1998,     1,  23,  0.2806,  0.4069,     6,  190.4,  0.4943,  0.2443
 1998,     1,  24, -0.0497,  0.4347,     7,  231.5,  0.4376,  0.1915
 1998,     1,  25, -0.3872,  0.4781,     7,  264.0,  0.6152,  0.3785
 1998,     1,  26, -0.5464,  0.2825,     8,  287.7,  0.6151,  0.3784
 1998,     1,  27, -0.6230, -0.0490,     1,  319.5,  0.6249,  0.3905
 1998,     1,  28, -0.7026, -0.2968,     1,  337.9,  0.7627,  0.5817
 1998,     1,  29, -0.7091, -0.5015,     1,  350.3,  0.8686,  0.7544
 1998,     1,  30, -0.7382, -0.6823,     1,  357.7,  1.0052,  1.0105
 1998,     1,  31, -0.6396, -0.6230,     1,  359.2,  0.8928,  0.7972
 1998,     2,   1, -0.8782, -0.6659,     1,  352.2,  1.1021,  1.2146
 1998,     2,   2, -0.6988, -0.9697,     2,    9.2,  1.1952,  1.4286
 1998,     2,   3, -0.8161, -1.2897,     2,   12.7,  1.5263,  2.3295
 1998,     2,   4, -0.6815, -1.2639,     2,   16.7,  1.4359,  2.0618
 1998,     2,   5, -0.3793, -1.1545,     2,   26.8,  1.2152,  1.4767
 1998,     2,   6, -0.3712, -1.0867,     2,   26.1,  1.1483,  1.3186
 1998,     2,   7, -0.2542, -0.9452,     2,   29.9,  0.9788,  0.9580
 1998,     2,   8, -0.2097, -0.7630,     2,   29.6,  0.7913,  0.6262
 1998,     2,   9, -0.2407, -0.7319,     2,   26.8,  0.7705,  0.5936
 1998,     2,  10, -0.3106, -0.8557,     2,   25.0,  0.9103,  0.8286
 1998,     2,  11, -0.2969, -0.8711,     2,   26.2,  0.9203,  0.8470
 1998,     2,  12, -0.0709, -1.1072,     2,   41.3,  1.1095,  1.2310
 1998,     2,  13,  0.1708, -1.3150,     3,   52.4,  1.3261,  1.7585
 1998,     2,  14,  0.6261, -1.1396,     3,   73.8,  1.3002,  1.6906
 1998,     2,  15,  0.9212, -1.0104,     3,   87.4,  1.3673,  1.8695
 1998,     2,  16,  1.1473, -1.1186,     4,   90.7,  1.6023,  2.5675
 1998,     2,  17,  1.3075, -0.9699,     4,   98.4,  1.6280,  2.6502
 1998,     2,  18,  1.3256, -0.8170,     4,  103.4,  1.5571,  2.4247
 1998,     2,  19,  1.2495, -0.7502,     4,  104.0,  1.4575,  2.1242
 1998,     2,  20,  1.2111, -0.5923,     4,  108.9,  1.3482,  1.8177
 1998,     2,  21,  1.2758, -0.3519,     4,  119.6,  1.3235,  1.7515
 1998,     2,  22,  1.0175, -0.0283,     4,  133.4,  1.0179,  1.0361
 1998,     2,  23,  0.4908,  0.2233,     5,  159.5,  0.5393,  0.2908
 1998,     2,  24,  0.1222,  0.4468,     6,  209.7,  0.4632,  0.2145
 1998,     2,  25,  0.0795,  0.4167,     6,  214.2,  0.4242,  0.1799
 1998,     2,  26, -0.0638, -0.0317,     1,  341.4,  0.0712,  0.0051
 1998,     2,  27, -0.1233, -0.2910,     2,   22.0,  0.3161,  0.0999
 1998,     2,  28,  0.1016, -0.2681,     3,   65.7,  0.2867,  0.0822
 1998,     3,   1, -0.0641, -0.1521,     2,   22.1,  0.1650,  0.0272
 1998,     3,   2, -0.0136, -0.1747,     2,   40.6,  0.1752,  0.0307
 1998,     3,   3, -0.0178,  0.0396,     7,  249.2,  0.0434,  0.0019
 1998,     3,   4, -0.1289,  0.3689,     7,  244.3,  0.3908,  0.1527
 1998,     3,   5, -0.2095,  0.3317,     7,  257.3,  0.3924,  0.1539
 1998,     3,   6, -0.3641,  0.3928,     7,  267.8,  0.5356,  0.2869
 1998,     3,   7, -0.3121,  0.6075,     7,  252.2,  0.6830,  0.4665
 1998,     3,   8, -0.0532,  0.5568,     7,  230.5,  0.5594,  0.3129
 1998,     3,   9,  0.0987,  0.5005,     6,  213.8,  0.5102,  0.2603
 1998,     3,  10,  0.2514,  0.3453,     6,  188.9,  0.4272,  0.1825
 1998,     3,  11,  0.5332,  0.3305,     5,  166.8,  0.6273,  0.3935
 1998,     3,  12,  0.5854,  0.4136,     5,  170.2,  0.7168,  0.5138
 1998,     3,  13,  0.7099,  0.2590,     5,  155.0,  0.7557,  0.5711
 1998,     3,  14,  0.6796,  0.1700,     5,  149.0,  0.7006,  0.4908
 1998,     3,  15,  0.3551,  0.1214,     5,  153.9,  0.3752,  0.1408
 1998,     3,  16, -0.0131,  0.2253,     7,  228.3,  0.2257,  0.0509
 1998,     3,  17, -0.2122,  0.3755,     7,  254.5,  0.4313,  0.1860
 1998,     3,  18, -0.0858,  0.3576,     7,  238.5,  0.3678,  0.1353
 1998,     3,  19, -0.0691,  0.2548,     7,  240.2,  0.2640,  0.0697
 1998,     3,  20, -0.2277,  0.0565,     8,  301.1,  0.2346,  0.0550
 1998,     3,  21, -0.2795,  0.1460,     8,  287.4,  0.3153,  0.0994
 1998,     3,  22, -0.5213,  0.0027,     8,  314.7,  0.5213,  0.2718
 1998,     3,  23, -0.8101, -0.2819,     1,  334.2,  0.8578,  0.7358
 1998,     3,  24, -0.8972, -0.4597,     1,  342.1,  1.0081,  1.0162
 1998,     3,  25, -0.8705, -0.5598,     1,  347.7,  1.0349,  1.0711
 1998,     3,  26, -0.8847, -0.9170,     2,    1.0,  1.2742,  1.6236
 1998,     3,  27, -0.8760, -1.1654,     2,    8.1,  1.4579,  2.1255
 1998,     3,  28, -0.7726, -1.2997,     2,   14.3,  1.5120,  2.2861
 1998,     3,  29, -0.6194, -1.3015,     2,   19.6,  1.4413,  2.0774
 1998,     3,  30, -0.3365, -1.3621,     2,   31.1,  1.4030,  1.9685
 1998,     3,  31, -0.2254, -1.2709,     2,   34.9,  1.2908,  1.6661
 1998,     4,   1, -0.4452, -1.2044,     2,   24.7,  1.2841,  1.6489
 1998,     4,   2, -0.1968, -1.2979,     2,   36.4,  1.3128,  1.7234
 1998,     4,   3, -0.1264, -1.2111,     2,   39.0,  1.2177,  1.4827
 1998,     4,   4, -0.5426, -1.1311,     2,   19.4,  1.2545,  1.5739
 1998,     4,   5, -0.8335, -1.0317,     2,    6.1,  1.3263,  1.7591
 1998,     4,   6, -0.7035, -0.9562,     2,    8.7,  1.1872,  1.4093
 1998,     4,   7, -0.3326, -0.9510,     2,   25.7,  1.0075,  1.0151
 1998,     4,   8, -0.0388, -0.8357,     2,   42.3,  0.8366,  0.6998
 1998,     4,   9,  0.0054, -0.7984,     3,   45.4,  0.7984,  0.6375
 1998,     4,  10,  0.0999, -0.7971,     3,   52.1,  0.8033,  0.6453
 1998,     4,  11,  0.4112, -0.6189,     3,   78.6,  0.7431,  0.5522
 1998,     4,  12,  0.7693, -0.3745,     4,  109.0,  0.8556,  0.7321
 1998,     4,  13,  0.8183, -0.4445,     4,  106.5,  0.9313,  0.8672
 1998,     4,  14,  0.7518, -0.3907,     4,  107.5,  0.8472,  0.7178
 1998,     4,  15,  0.7684, -0.3332,     4,  111.6,  0.8375,  0.7014
 1998,     4,  16,  0.8397, -0.2230,     4,  120.1,  0.8688,  0.7547
 1998,     4,  17,  0.7208, -0.2757,     4,  114.1,  0.7717,  0.5955
 1998,     4,  18,  0.5378, -0.3436,     4,  102.4,  0.6382,  0.4074
 1998,     4,  19,  0.1084, -0.3017,     3,   64.8,  0.3206,  0.1028
 1998,     4,  20, -0.1969,  0.0238,     8,  308.1,  0.1984,  0.0393
 1998,     4,  21, -0.1899,  0.6484,     7,  241.3,  0.6757,  0.4565
 1998,     4,  22, -0.1262,  0.8919,     7,  233.1,  0.9008,  0.8114
 1998,     4,  23, -0.2860,  0.8407,     7,  243.8,  0.8880,  0.7886
 1998,     4,  24, -0.5920,  0.7821,     7,  262.1,  0.9808,  0.9621
 1998,     4,  25, -0.9155,  0.6022,     8,  281.7,  1.0958,  1.2008
 1998,     4,  26, -1.0981,  0.0618,     8,  311.8,  1.0999,  1.2097
 1998,     4,  27, -1.0957, -0.2644,     1,  328.6,  1.1272,  1.2705
 1998,     4,  28, -1.1678, -0.3585,     1,  332.1,  1.2216,  1.4923
 1998,     4,  29, -1.0865, -0.3755,     1,  334.1,  1.1496,  1.3215
 1998,     4,  30, -1.0919, -0.2373,     1,  327.3,  1.1174,  1.2485
 1998,     5,   1, -1.3560, -0.3012,     1,  327.5,  1.3891,  1.9295
 1998,     5,   2, -1.4496, -0.3112,     1,  327.1,  1.4827,  2.1983
 1998,     5,   3, -1.3809, -0.4331,     1,  332.4,  1.4472,  2.0943
 1998,     5,   4, -1.0726, -0.7352,     1,  349.4,  1.3004,  1.6909
 1998,     5,   5, -0.5850, -1.0487,     2,   15.8,  1.2008,  1.4420
 1998,     5,   6, -0.2518, -1.2031,     2,   33.2,  1.2292,  1.5109
 1998,     5,   7,  0.1423, -1.1065,     3,   52.3,  1.1156,  1.2446
 1998,     5,   8,  0.7441, -0.9643,     3,   82.7,  1.2181,  1.4837
 1998,     5,   9,  1.2460, -1.1041,     4,   93.5,  1.6648,  2.7715
 1998,     5,  10,  1.4861, -1.0368,     4,  100.1,  1.8121,  3.2836
 1998,     5,  11,  1.7501, -1.0280,     4,  104.6,  2.0297,  4.1195
 1998,     5,  12,  1.9297, -1.0507,     4,  106.4,  2.1972,  4.8276
 1998,     5,  13,  2.4223, -0.8195,     4,  116.3,  2.5572,  6.5391
 1998,     5,  14,  2.7859, -0.4662,     4,  125.5,  2.8246,  7.9786
 1998,     5,  15,  3.1538,  0.2500,     5,  139.5,  3.1637, 10.0088
 1998,     5,  16,  3.0718,  0.8277,     5,  150.1,  3.1814, 10.1210
 1998,     5,  17,  2.7092,  1.0763,     5,  156.7,  2.9152,  8.4984
 1998,     5,  18,  2.4854,  1.5056,     5,  166.2,  2.9058,  8.4437
 1998,     5,  19,  2.0572,  1.7390,     5,  175.2,  2.6937,  7.2563
 1998,     5,  20,  1.6971,  1.7212,     6,  180.4,  2.4171,  5.8426
 1998,     5,  21,  1.5525,  1.8138,     6,  184.4,  2.3875,  5.7000
 1998,     5,  22,  1.4571,  1.8330,     6,  186.5,  2.3416,  5.4831
 1998,     5,  23,  1.2061,  1.6128,     6,  188.2,  2.0139,  4.0559
 1998,     5,  24,  0.9435,  1.3288,     6,  189.6,  1.6297,  2.6559
 1998,     5,  25,  0.7714,  1.2550,     6,  193.4,  1.4731,  2.1700
 1998,     5,  26,  0.4548,  1.0377,     6,  201.3,  1.1330,  1.2836
 1998,     5,  27,  0.2377,  1.0922,     6,  212.7,  1.1178,  1.2495
 1998,     5,  28,  0.3570,  1.0317,     6,  205.9,  1.0918,  1.1920
 1998,     5,  29,  0.4668,  0.8931,     6,  197.4,  1.0077,  1.0155
 1998,     5,  30,  0.1471,  0.6370,     6,  212.0,  0.6538,  0.4275
 1998,     5,  31, -0.2223,  0.1941,     8,  273.9,  0.2951,  0.0871
 1998,     6,   1, -0.5857,  0.2759,     8,  289.8,  0.6474,  0.4192
 1998,     6,   2, -0.2262,  0.1423,     8,  282.8,  0.2672,  0.0714
 1998,     6,   3,  0.0370, -0.0759,     3,   71.0,  0.0845,  0.0071
 1998,     6,   4,  0.2404, -0.0908,     4,  114.3,  0.2569,  0.0660
 1998,     6,   5,  0.4023, -0.0305,     4,  130.7,  0.4034,  0.1627
 1998,     6,   6,  0.6360,  0.1243,     5,  146.1,  0.6480,  0.4199
 1998,     6,   7,  0.8357,  0.2678,     5,  152.8,  0.8775,  0.7701
 1998,     6,   8,  1.0454,  0.3859,     5,  155.3,  1.1143,  1.2417
 1998,     6,   9,  1.2566,  0.5236,     5,  157.6,  1.3613,  1.8531
 1998,     6,  10,  1.2429,  0.4647,     5,  155.5,  1.3269,  1.7607
 1998,     6,  11,  0.7670,  0.5285,     5,  169.6,  0.9314,  0.8675
 1998,     6,  12,  0.4056,  0.6147,     6,  191.6,  0.7364,  0.5424
 1998,     6,  13,  0.1265,  0.4950,     6,  210.7,  0.5109,  0.2611
 1998,     6,  14, -0.1783,  0.4195,     7,  248.0,  0.4558,  0.2077
 1998,     6,  15, -0.2721,  0.3959,     7,  259.5,  0.4804,  0.2308
 1998,     6,  16, -0.2899,  0.3708,     7,  263.0,  0.4706,  0.2215
 1998,     6,  17, -0.2059,  0.1618,     8,  276.8,  0.2619,  0.0686
 1998,     6,  18, -0.2493, -0.1227,     1,  341.2,  0.2779,  0.0772
 1998,     6,  19, -0.1685, -0.1620,     1,  358.9,  0.2338,  0.0546
 1998,     6,  20,  0.0654, -0.4707,     3,   52.9,  0.4752,  0.2258
 1998,     6,  21,  0.3025, -0.4314,     3,   80.0,  0.5268,  0.2776
 1998,     6,  22,  0.6345, -0.4280,     4,  101.0,  0.7654,  0.5858
 1998,     6,  23,  0.6714, -0.3800,     4,  105.5,  0.7714,  0.5951
 1998,     6,  24,  0.5490, -0.3943,     4,   99.3,  0.6760,  0.4569
 1998,     6,  25,  0.5500, -0.4248,     4,   97.3,  0.6949,  0.4829
 1998,     6,  26,  0.6014, -0.6381,     3,   88.3,  0.8768,  0.7688
 1998,     6,  27,  0.3462, -0.7965,     3,   68.5,  0.8685,  0.7542
 1998,     6,  28,  0.3405, -0.5234,     3,   78.1,  0.6244,  0.3899
 1998,     6,  29,  0.3266, -0.2011,     4,  103.4,  0.3836,  0.1471
 1998,     6,  30,  0.4302,  0.0799,     5,  145.5,  0.4375,  0.1914
 1998,     7,   1,  0.3179,  0.2024,     5,  167.5,  0.3769,  0.1420
 1998,     7,   2,  0.1530,  0.0852,     5,  164.1,  0.1751,  0.0307
 1998,     7,   3, -0.2087, -0.1882,     1,  357.0,  0.2810,  0.0790
 1998,     7,   4, -0.3516, -0.4202,     2,    5.1,  0.5478,  0.3001
 1998,     7,   5, -0.3630, -0.5111,     2,    9.6,  0.6269,  0.3930
 1998,     7,   6, -0.3364, -0.4682,     2,    9.3,  0.5765,  0.3324
 1998,     7,   7, -0.3168, -0.4509,     2,    9.9,  0.5510,  0.3036
 1998,     7,   8, -0.3430, -0.4909,     2,   10.1,  0.5988,  0.3586
 1998,     7,   9, -0.5095, -0.3562,     1,  350.0,  0.6217,  0.3865
 1998,     7,  10, -0.5592, -0.2247,     1,  336.9,  0.6026,  0.3632
 1998,     7,  11, -0.5174, -0.1724,     1,  333.4,  0.5454,  0.2974
 1998,     7,  12, -0.5649, -0.2480,     1,  338.7,  0.6170,  0.3806
 1998,     7,  13, -0.7414, -0.3291,     1,  338.9,  0.8112,  0.6580
 1998,     7,  14, -0.7148, -0.2513,     1,  334.4,  0.7577,  0.5741
 1998,     7,  15, -0.5961, -0.3427,     1,  344.9,  0.6876,  0.4728
 1998,     7,  16, -0.5312, -0.5854,     2,    2.8,  0.7904,  0.6248
 1998,     7,  17, -0.5016, -0.6258,     2,    6.3,  0.8020,  0.6431
 1998,     7,  18, -0.6608, -0.5481,     1,  354.7,  0.8585,  0.7370
 1998,     7,  19, -0.7215, -0.2847,     1,  336.5,  0.7756,  0.6016
 1998,     7,  20, -0.3899,  0.1613,     8,  292.5,  0.4219,  0.1780
 1998,     7,  21, -0.0937,  0.2223,     7,  247.9,  0.2412,  0.0582
 1998,     7,  22,  0.2979,  0.0826,     5,  150.5,  0.3091,  0.0956
 1998,     7,  23,  0.4166, -0.0491,     4,  128.3,  0.4194,  0.1759
 1998,     7,  24,  0.4888, -0.0300,     4,  131.5,  0.4897,  0.2398
 1998,     7,  25,  0.4789,  0.0604,     5,  142.2,  0.4827,  0.2330
 1998,     7,  26,  0.3917, -0.1230,     4,  117.6,  0.4106,  0.1686
 1998,     7,  27,  0.4609, -0.1062,     4,  122.0,  0.4729,  0.2237
 1998,     7,  28,  0.5601, -0.0329,     4,  131.6,  0.5611,  0.3148
 1998,     7,  29,  0.4429, -0.0311,     4,  131.0,  0.4439,  0.1971
 1998,     7,  30,  0.4954,  0.1368,     5,  150.4,  0.5139,  0.2641
 1998,     7,  31,  0.3558,  0.3637,     6,  180.6,  0.5088,  0.2589
 1998,     8,   1, -0.0274,  0.5220,     7,  228.0,  0.5228,  0.2733
 1998,     8,   2, -0.4211,  0.4456,     7,  268.4,  0.6131,  0.3759
 1998,     8,   3, -0.5500,  0.4994,     8,  272.8,  0.7429,  0.5519
 1998,     8,   4, -0.3703,  0.4155,     7,  266.7,  0.5566,  0.3098
 1998,     8,   5, -0.4160,  0.3878,     8,  272.0,  0.5687,  0.3234
 1998,     8,   6, -0.5028,  0.3033,     8,  283.9,  0.5872,  0.3448
 1998,     8,   7, -0.6294,  0.0924,     8,  306.7,  0.6361,  0.4046
 1998,     8,   8, -0.3519, -0.1479,     1,  337.8,  0.3817,  0.1457
 1998,     8,   9, -0.3344, -0.2497,     1,  351.7,  0.4173,  0.1742
 1998,     8,  10, -0.5591, -0.1786,     1,  332.7,  0.5869,  0.3445
 1998,     8,  11, -0.6243, -0.2773,     1,  339.0,  0.6831,  0.4667
 1998,     8,  12, -0.6405, -0.3710,     1,  345.1,  0.7402,  0.5478
 1998,     8,  13, -0.7205, -0.6426,     1,  356.7,  0.9654,  0.9321
 1998,     8,  14, -0.8341, -0.8539,     2,    0.7,  1.1937,  1.4248
 1998,     8,  15, -0.8530, -1.1992,     2,    9.6,  1.4716,  2.1656
 1998,     8,  16, -0.6894, -1.1100,     2,   13.2,  1.3067,  1.7074
 1998,     8,  17, -0.2320, -1.0274,     2,   32.3,  1.0533,  1.1095
 1998,     8,  18, -0.1864, -1.0951,     2,   35.3,  1.1108,  1.2340
 1998,     8,  19,  0.0295, -1.0272,     3,   46.6,  1.0277,  1.0561
 1998,     8,  20,  0.1995, -1.0158,     3,   56.1,  1.0352,  1.0717
 1998,     8,  21,  0.1626, -0.8362,     3,   56.0,  0.8519,  0.7257
 1998,     8,  22, -0.0573, -0.8409,     2,   41.1,  0.8428,  0.7104
 1998,     8,  23, -0.4240, -0.8628,     2,   18.8,  0.9614,  0.9242
 1998,     8,  24, -0.7206, -0.6934,     1,  358.9,  1.0000,  1.0001
 1998,     8,  25, -0.6354, -0.5905,     1,  357.9,  0.8674,  0.7525
 1998,     8,  26, -0.7542, -0.6315,     1,  354.9,  0.9837,  0.9677
 1998,     8,  27, -1.1127, -0.3570,     1,  332.8,  1.1685,  1.3655
 1998,     8,  28, -1.2771,  0.2996,     8,  301.8,  1.3118,  1.7208
 1998,     8,  29, -1.2917,  0.5712,     8,  291.1,  1.4123,  1.9947
 1998,     8,  30, -1.2975,  0.5491,     8,  292.1,  1.4089,  1.9850
 1998,     8,  31, -1.3691,  0.2775,     8,  303.5,  1.3969,  1.9514
 1998,     9,   1, -1.4843,  0.1367,     8,  309.7,  1.4906,  2.2219
 1998,     9,   2, -1.5374, -0.2906,     1,  325.7,  1.5646,  2.4480
 1998,     9,   3, -1.6418, -0.4621,     1,  330.7,  1.7056,  2.9091
 1998,     9,   4, -1.7963, -0.1250,     1,  319.0,  1.8006,  3.2422
 1998,     9,   5, -1.8888, -0.0100,     1,  315.3,  1.8888,  3.5675
 1998,     9,   6, -1.8699, -0.2810,     1,  323.5,  1.8909,  3.5756
 1998,     9,   7, -1.7524, -0.4832,     1,  330.4,  1.8178,  3.3044
 1998,     9,   8, -1.5468, -0.4797,     1,  332.2,  1.6195,  2.6227
 1998,     9,   9, -1.2461, -0.2209,     1,  325.1,  1.2655,  1.6015
 1998,     9,  10, -0.8386, -0.1901,     1,  327.8,  0.8598,  0.7393
 1998,     9,  11, -0.5245, -0.2370,     1,  339.3,  0.5755,  0.3312
 1998,     9,  12, -0.2842, -0.4251,     2,   11.2,  0.5114,  0.2615
 1998,     9,  13, -0.1928, -0.4999,     2,   23.9,  0.5358,  0.2870
 1998,     9,  14, -0.0711, -0.4983,     2,   36.9,  0.5034,  0.2534
 1998,     9,  15,  0.4562, -0.5978,     3,   82.4,  0.7520,  0.5655
 1998,     9,  16,  0.7111, -0.6275,     4,   93.6,  0.9484,  0.8994
 1998,     9,  17,  0.9506, -0.5863,     4,  103.3,  1.1169,  1.2474
 1998,     9,  18,  1.0657, -0.4995,     4,  109.9,  1.1770,  1.3853
 1998,     9,  19,  1.1242, -0.5995,     4,  106.9,  1.2740,  1.6231
 1998,     9,  20,  1.2821, -0.3462,     4,  119.9,  1.3280,  1.7636
 1998,     9,  21,  1.4310, -0.1555,     4,  128.8,  1.4395,  2.0721
 1998,     9,  22,  1.5106, -0.1451,     4,  129.5,  1.5175,  2.3029
 1998,     9,  23,  1.4771, -0.1264,     4,  130.1,  1.4825,  2.1978
 1998,     9,  24,  1.3886, -0.0609,     4,  132.5,  1.3899,  1.9318
 1998,     9,  25,  1.3857, -0.1169,     4,  130.2,  1.3906,  1.9339
 1998,     9,  26,  1.5512, -0.1816,     4,  128.3,  1.5618,  2.4391
 1998,     9,  27,  1.6912, -0.1061,     4,  131.4,  1.6945,  2.8715
 1998,     9,  28,  1.9136,  0.1576,     5,  139.7,  1.9200,  3.6866
 1998,     9,  29,  2.1488,  0.3785,     5,  145.0,  2.1818,  4.7604
 1998,     9,  30,  2.2928,  0.3290,     5,  143.2,  2.3162,  5.3650
 1998,    10,   1,  2.0111,  0.6510,     5,  152.9,  2.1139,  4.4685
 1998,    10,   2,  1.9317,  0.6755,     5,  154.3,  2.0464,  4.1879
 1998,    10,   3,  1.8515,  0.8013,     5,  158.4,  2.0174,  4.0699
 1998,    10,   4,  1.5763,  0.8665,     5,  163.8,  1.7988,  3.2357
 1998,    10,   5,  1.2249,  1.0831,     5,  176.5,  1.6350,  2.6734
 1998,    10,   6,  0.9893,  1.1450,     6,  184.2,  1.5132,  2.2896
 1998,    10,   7,  0.8068,  1.0735,     6,  188.1,  1.3429,  1.8034
 1998,    10,   8,  0.6089,  1.3041,     6,  200.0,  1.4392,  2.0714
 1998,    10,   9,  0.3342,  1.4098,     6,  211.7,  1.4489,  2.0993
 1998,    10,  10,  0.0769,  1.3571,     6,  221.8,  1.3593,  1.8478
 1998,    10,  11, -0.2019,  0.9451,     7,  237.1,  0.9664,  0.9339
 1998,    10,  12, -0.2994,  0.8565,     7,  244.3,  0.9074,  0.8233
 1998,    10,  13, -0.0319,  1.1250,     7,  226.6,  1.1254,  1.2666
 1998,    10,  14,  0.3185,  1.2313,     6,  210.5,  1.2718,  1.6175
 1998,    10,  15,  0.4440,  1.1793,     6,  204.4,  1.2601,  1.5878
 1998,    10,  16,  0.5284,  1.3102,     6,  203.0,  1.4128,  1.9960
 1998,    10,  17,  0.4947,  1.4770,     6,  206.5,  1.5577,  2.4263
 1998,    10,  18,  0.3053,  1.4380,     6,  213.0,  1.4701,  2.1611
 1998,    10,  19, -0.1537,  1.1970,     7,  232.3,  1.2069,  1.4565
 1998,    10,  20, -0.4280,  0.9100,     7,  250.2,  1.0057,  1.0114
 1998,    10,  21, -0.3899,  0.7159,     7,  253.6,  0.8152,  0.6645
 1998,    10,  22, -0.3325,  0.3911,     7,  265.4,  0.5133,  0.2635
 1998,    10,  23, -0.1649,  0.2026,     7,  264.1,  0.2612,  0.0682
 1998,    10,  24, -0.0151,  0.0860,     7,  235.0,  0.0873,  0.0076
 1998,    10,  25,  0.3235,  0.0272,     5,  139.8,  0.3246,  0.1054
 1998,    10,  26,  0.4249,  0.0467,     5,  141.3,  0.4275,  0.1827
 1998,    10,  27,  0.4253,  0.0835,     5,  146.1,  0.4334,  0.1879
 1998,    10,  28,  0.5354,  0.3366,     5,  167.2,  0.6324,  0.4000
 1998,    10,  29,  0.5546,  0.3862,     5,  169.9,  0.6758,  0.4567
 1998,    10,  30,  0.3859,  0.3128,     5,  174.0,  0.4968,  0.2468
 1998,    10,  31,  0.1584,  0.1075,     5,  169.2,  0.1914,  0.0366
 1998,    11,   1, -0.0537,  0.2787,     7,  235.9,  0.2838,  0.0806
 1998,    11,   2,  0.0343,  0.2937,     6,  218.3,  0.2957,  0.0875
 1998,    11,   3,  0.0235,  0.3490,     6,  221.2,  0.3498,  0.1224
 1998,    11,   4,  0.0158,  0.2703,     6,  221.7,  0.2707,  0.0733
 1998,    11,   5,  0.0968,  0.0514,     5,  162.9,  0.1096,  0.0120
 1998,    11,   6,  0.1704, -0.0716,     4,  112.2,  0.1848,  0.0342
 1998,    11,   7,  0.4453,  0.1565,     5,  154.4,  0.4720,  0.2228
 1998,    11,   8,  0.9114,  0.2541,     5,  150.6,  0.9462,  0.8952
 1998,    11,   9,  1.3173,  0.4170,     5,  152.6,  1.3817,  1.9090
 1998,    11,  10,  1.4731,  0.7579,     5,  162.2,  1.6566,  2.7445
 1998,    11,  11,  1.4133,  0.8217,     5,  165.2,  1.6348,  2.6727
 1998,    11,  12,  1.6344,  0.9749,     5,  165.8,  1.9031,  3.6217
 1998,    11,  13,  1.6526,  1.1108,     5,  168.9,  1.9913,  3.9652
 1998,    11,  14,  1.4893,  1.4269,     5,  178.8,  2.0626,  4.2541
 1998,    11,  15,  1.1520,  1.7531,     6,  191.7,  2.0977,  4.4004
 1998,    11,  16,  0.9111,  1.9239,     6,  199.7,  2.1287,  4.5314
 1998,    11,  17,  0.5965,  1.9089,     6,  207.6,  1.9999,  3.9997
 1998,    11,  18,  0.2927,  1.9506,     6,  216.5,  1.9724,  3.8904
 1998,    11,  19,  0.2762,  2.0271,     6,  217.2,  2.0458,  4.1852
 1998,    11,  20,  0.5429,  2.1825,     6,  211.0,  2.2490,  5.0581
 1998,    11,  21,  0.4217,  2.1643,     6,  214.0,  2.2050,  4.8620
 1998,    11,  22,  0.2024,  2.0960,     6,  219.5,  2.1057,  4.4341
 1998,    11,  23, -0.0987,  1.8481,     7,  228.1,  1.8507,  3.4251
 1998,    11,  24, -0.1709,  1.7830,     7,  230.5,  1.7912,  3.2082
 1998,    11,  25, -0.1950,  1.8105,     7,  231.1,  1.8210,  3.3159
 1998,    11,  26, -0.3194,  1.6824,     7,  235.7,  1.7124,  2.9324
 1998,    11,  27, -0.4811,  1.6767,     7,  241.0,  1.7444,  3.0429
 1998,    11,  28, -0.5409,  1.5618,     7,  244.1,  1.6528,  2.7318
 1998,    11,  29, -0.3809,  1.5498,     7,  238.8,  1.5959,  2.5470
 1998,    11,  30, -0.3530,  1.5347,     7,  238.0,  1.5748,  2.4799
 1998,    12,   1, -0.4734,  1.1820,     7,  246.8,  1.2733,  1.6213
 1998,    12,   2, -0.6181,  0.9914,     7,  256.9,  1.1683,  1.3650
 1998,    12,   3, -0.6668,  0.5698,     8,  274.5,  0.8771,  0.7693
 1998,    12,   4, -0.4526,  0.0979,     8,  302.8,  0.4631,  0.2145
 1998,    12,   5, -0.2721, -0.3481,     2,    7.0,  0.4418,  0.1952
 1998,    12,   6,  0.0302, -0.5621,     3,   48.1,  0.5629,  0.3168
 1998,    12,   7,  0.2120, -0.7104,     3,   61.6,  0.7414,  0.5496
 1998,    12,   8,  0.4543, -0.7295,     3,   76.9,  0.8594,  0.7385
 1998,    12,   9,  0.6257, -0.6893,     3,   87.2,  0.9309,  0.8666
 1998,    12,  10,  0.8033, -0.4521,     4,  105.6,  0.9218,  0.8497
 1998,    12,  11,  0.7736, -0.2611,     4,  116.4,  0.8165,  0.6667
 1998,    12,  12,  0.5698, -0.1418,     4,  121.0,  0.5872,  0.3448
 1998,    12,  13,  0.4660,  0.1985,     5,  158.1,  0.5065,  0.2566
 1998,    12,  14,  0.3932,  0.4924,     6,  186.4,  0.6301,  0.3971
 1998,    12,  15,  0.3214,  0.6218,     6,  197.7,  0.7000,  0.4900
 1998,    12,  16,  0.3736,  0.4798,     6,  187.1,  0.6081,  0.3698
 1998,    12,  17,  0.1153,  0.6456,     6,  214.9,  0.6558,  0.4301
 1998,    12,  18, -0.2322,  0.8091,     7,  241.0,  0.8417,  0.7085
 1998,    12,  19, -0.2651,  0.8465,     7,  242.4,  0.8870,  0.7868
 1998,    12,  20, -0.2552,  0.8409,     7,  241.9,  0.8788,  0.7723
 1998,    12,  21, -0.3524,  0.9765,     7,  244.8,  1.0381,  1.0776
 1998,    12,  22, -0.4460,  0.8917,     7,  251.6,  0.9970,  0.9940
 1998,    12,  23, -0.4505,  0.6158,     7,  261.2,  0.7630,  0.5821
 1998,    12,  24, -0.5349,  0.4512,     8,  274.8,  0.6998,  0.4897
 1998,    12,  25, -0.6297,  0.0849,     8,  307.3,  0.6354,  0.4037
 1998,    12,  26, -0.5653, -0.1274,     1,  327.7,  0.5795,  0.3358
 1998,    12,  27, -0.7682, -0.1894,     1,  328.9,  0.7912,  0.6259
 1998,    12,  28, -0.6186, -0.0434,     1,  319.0,  0.6201,  0.3845
 1998,    12,  29, -0.3649, -0.1006,     1,  330.4,  0.3785,  0.1433
 1998,    12,  30, -0.1929, -0.1716,     1,  356.6,  0.2582,  0.0667
 1998,    12,  31, -0.2713, -0.1352,     1,  341.5,  0.3031,  0.0919
 1999,     1,   1, -0.4015, -0.1985,     1,  341.3,  0.4479,  0.2007
 1999,     1,   2, -0.5509, -0.5098,     1,  357.8,  0.7505,  0.5633
 1999,     1,   3, -0.8155, -0.4101,     1,  341.7,  0.9128,  0.8333
 1999,     1,   4, -1.1815, -0.0204,     1,  316.0,  1.1817,  1.3963
 1999,     1,   5, -1.3314,  0.3544,     8,  300.1,  1.3778,  1.8982
 1999,     1,   6, -1.0754,  0.5336,     8,  288.6,  1.2005,  1.4412
 1999,     1,   7, -0.8070,  0.6024,     8,  278.3,  1.0070,  1.0141
 1999,     1,   8, -0.7989,  0.5048,     8,  282.7,  0.9450,  0.8931
 1999,     1,   9, -1.1951,  0.1007,     8,  310.2,  1.1993,  1.4384
 1999,     1,  10, -1.6251, -0.1065,     1,  318.7,  1.6285,  2.6521
 1999,     1,  11, -1.9407, -0.1200,     1,  318.5,  1.9444,  3.7807
 1999,     1,  12, -2.0454, -0.2926,     1,  323.1,  2.0662,  4.2693
 1999,     1,  13, -2.2319, -0.8172,     1,  335.1,  2.3768,  5.6490
 1999,     1,  14, -2.1355, -1.0934,     1,  342.1,  2.3992,  5.7561
 1999,     1,  15, -2.0191, -1.3061,     1,  347.9,  2.4047,  5.7827
 1999,     1,  16, -1.7372, -1.5617,     1,  357.0,  2.3360,  5.4567
 1999,     1,  17, -1.3008, -1.5463,     2,    4.9,  2.0207,  4.0830
 1999,     1,  18, -0.4859, -1.5923,     2,   28.0,  1.6648,  2.7714
 1999,     1,  19,  0.2305, -1.6391,     3,   53.0,  1.6553,  2.7399
 1999,     1,  20,  0.7888, -1.8011,     3,   68.6,  1.9663,  3.8661
 1999,     1,  21,  1.3604, -1.7146,     3,   83.4,  2.1888,  4.7908
 1999,     1,  22,  1.5587, -1.6491,     3,   88.4,  2.2692,  5.1493
 1999,     1,  23,  1.5071, -1.4051,     4,   92.0,  2.0606,  4.2459
 1999,     1,  24,  1.2658, -0.7503,     4,  104.3,  1.4715,  2.1653
 1999,     1,  25,  1.4242, -0.2228,     4,  126.1,  1.4415,  2.0779
 1999,     1,  26,  1.5804,  0.2125,     5,  142.7,  1.5946,  2.5427
 1999,     1,  27,  1.5022,  0.5278,     5,  154.4,  1.5922,  2.5350
 1999,     1,  28,  1.2857,  0.8626,     5,  168.9,  1.5483,  2.3972
 1999,     1,  29,  1.0670,  1.2034,     6,  183.4,  1.6083,  2.5868
 1999,     1,  30,  0.7581,  1.2694,     6,  194.2,  1.4786,  2.1861
 1999,     1,  31,  0.4554,  1.2549,     6,  205.1,  1.3350,  1.7821
 1999,     2,   1,  0.5374,  1.2060,     6,  201.0,  1.3203,  1.7433
 1999,     2,   2,  0.3210,  1.0146,     6,  207.4,  1.0641,  1.1324
 1999,     2,   3,  0.2225,  0.7078,     6,  207.5,  0.7419,  0.5504
 1999,     2,   4,  0.1576,  0.5782,     6,  209.8,  0.5993,  0.3592
 1999,     2,   5,  0.1196,  0.6013,     6,  213.7,  0.6131,  0.3759
 1999,     2,   6,  0.3319,  0.8776,     6,  204.3,  0.9383,  0.8804
 1999,     2,   7,  0.6086,  0.8855,     6,  190.5,  1.0745,  1.1545
 1999,     2,   8,  0.7295,  0.8472,     6,  184.3,  1.1180,  1.2499
 1999,     2,   9,  0.7135,  0.9232,     6,  187.3,  1.1668,  1.3614
 1999,     2,  10,  0.5327,  0.8758,     6,  193.7,  1.0251,  1.0508
 1999,     2,  11,  0.1697,  1.0671,     6,  216.0,  1.0806,  1.1676
 1999,     2,  12, -0.1506,  1.4664,     7,  230.9,  1.4741,  2.1730
 1999,     2,  13, -0.2723,  1.4168,     7,  235.9,  1.4428,  2.0815
 1999,     2,  14, -0.6816,  1.4776,     7,  249.8,  1.6272,  2.6479
 1999,     2,  15, -1.4785,  1.4347,     8,  270.9,  2.0602,  4.2444
 1999,     2,  16, -2.0117,  1.2413,     8,  283.3,  2.3639,  5.5878
 1999,     2,  17, -2.2945,  1.1634,     8,  288.1,  2.5726,  6.6183
 1999,     2,  18, -2.4088,  1.3208,     8,  286.3,  2.7471,  7.5467
 1999,     2,  19, -2.4816,  1.0550,     8,  292.0,  2.6966,  7.2714
 1999,     2,  20, -2.1912,  0.6068,     8,  299.5,  2.2737,  5.1697
 1999,     2,  21, -1.8609,  0.0020,     8,  314.9,  1.8609,  3.4628
 1999,     2,  22, -1.3323, -0.3442,     1,  329.5,  1.3760,  1.8934
 1999,     2,  23, -0.9034, -0.4882,     1,  343.4,  1.0268,  1.0544
 1999,     2,  24, -0.9418, -0.4921,     1,  342.6,  1.0626,  1.1292
 1999,     2,  25, -0.7078, -0.5861,     1,  354.6,  0.9190,  0.8445
 1999,     2,  26, -0.8140, -0.9033,     2,    3.0,  1.2160,  1.4786
 1999,     2,  27, -0.8630, -1.3600,     2,   12.6,  1.6107,  2.5943
 1999,     2,  28, -0.7949, -1.6694,     2,   19.5,  1.8490,  3.4188
 1999,     3,   1, -0.1992, -1.7932,     2,   38.7,  1.8042,  3.2552
 1999,     3,   2,  0.1438, -1.7639,     3,   49.7,  1.7698,  3.1320
 1999,     3,   3,  0.4450, -1.5693,     3,   60.8,  1.6312,  2.6607
 1999,     3,   4,  0.6674, -1.5007,     3,   69.0,  1.6424,  2.6975
 1999,     3,   5,  0.9307, -1.2741,     3,   81.1,  1.5779,  2.4896
 1999,     3,   6,  0.8554, -1.1966,     3,   80.6,  1.4709,  2.1635
 1999,     3,   7,  0.6166, -1.0351,     3,   75.8,  1.2048,  1.4515
 1999,     3,   8,  0.4015, -0.9018,     3,   69.0,  0.9871,  0.9744
 1999,     3,   9,  0.3119, -1.1240,     3,   60.5,  1.1665,  1.3607
 1999,     3,  10,  0.1940, -1.2363,     3,   53.9,  1.2514,  1.5660
 1999,     3,  11,  0.3995, -1.2115,     3,   63.3,  1.2756,  1.6272
 1999,     3,  12,  0.5013, -1.3864,     3,   64.9,  1.4743,  2.1735
 1999,     3,  13,  0.3910, -1.5593,     3,   59.1,  1.6076,  2.5844
 1999,     3,  14,  0.3442, -1.6765,     3,   56.6,  1.7115,  2.9292
 1999,     3,  15,  0.4259, -1.6978,     3,   59.1,  1.7504,  3.0638
 1999,     3,  16,  0.7443, -1.7875,     3,   67.6,  1.9363,  3.7493
 1999,     3,  17,  1.1310, -2.0092,     3,   74.4,  2.3056,  5.3160
 1999,     3,  18,  1.2872, -1.9460,     3,   78.5,  2.3332,  5.4437
 1999,     3,  19,  1.5335, -1.5575,     3,   89.6,  2.1857,  4.7775
 1999,     3,  20,  2.1186, -1.2673,     4,  104.1,  2.4688,  6.0948
 1999,     3,  21,  2.3766, -1.0319,     4,  111.5,  2.5909,  6.7130
 1999,     3,  22,  2.3170, -1.2009,     4,  107.6,  2.6097,  6.8104
 1999,     3,  23,  2.0648, -1.1791,     4,  105.3,  2.3777,  5.6535
 1999,     3,  24,  1.8063, -0.8111,     4,  110.8,  1.9801,  3.9207
 1999,     3,  25,  1.5648, -0.3856,     4,  121.2,  1.6116,  2.5973
 1999,     3,  26,  1.2089, -0.2408,     4,  123.7,  1.2326,  1.5194
 1999,     3,  27,  1.1018, -0.0074,     4,  134.6,  1.1018,  1.2140
 1999,     3,  28,  0.9950,  0.0821,     5,  139.7,  0.9983,  0.9967
 1999,     3,  29,  0.7378,  0.0406,     5,  138.1,  0.7389,  0.5459
 1999,     3,  30,  0.6315,  0.1428,     5,  147.7,  0.6475,  0.4192
 1999,     3,  31,  0.9202,  0.2802,     5,  151.9,  0.9620,  0.9254
 1999,     4,   1,  0.7272,  0.2045,     5,  150.7,  0.7554,  0.5706
 1999,     4,   2,  0.6470,  0.2806,     5,  158.4,  0.7052,  0.4973
 1999,     4,   3,  0.6054,  0.1350,     5,  147.6,  0.6203,  0.3848
 1999,     4,   4,  0.7379,  0.3097,     5,  157.8,  0.8003,  0.6405
 1999,     4,   5,  0.9211,  0.4385,     5,  160.5,  1.0202,  1.0408
 1999,     4,   6,  1.0823,  0.5495,     5,  161.9,  1.2138,  1.4733
 1999,     4,   7,  0.9289,  0.3613,     5,  156.3,  0.9967,  0.9934
 1999,     4,   8,  0.9241,  0.4165,     5,  159.3,  1.0136,  1.0275
 1999,     4,   9,  1.0838,  0.3719,     5,  153.9,  1.1459,  1.3130
 1999,     4,  10,  1.1994,  0.0792,     5,  138.8,  1.2020,  1.4448
 1999,     4,  11,  1.3828, -0.0679,     4,  132.2,  1.3845,  1.9168
 1999,     4,  12,  1.9346, -0.0010,     4,  135.0,  1.9347,  3.7429
 1999,     4,  13,  2.3030, -0.0484,     4,  133.8,  2.3035,  5.3062
 1999,     4,  14,  2.3246, -0.1476,     4,  131.4,  2.3293,  5.4257
 1999,     4,  15,  2.1111,  0.0548,     5,  136.5,  2.1118,  4.4597
 1999,     4,  16,  1.7409,  0.3693,     5,  147.0,  1.7797,  3.1672
 1999,     4,  17,  1.6501,  0.5772,     5,  154.3,  1.7482,  3.0562
 1999,     4,  18,  1.5067,  0.8446,     5,  164.3,  1.7273,  2.9834
 1999,     4,  19,  1.3782,  1.0488,     5,  172.3,  1.7319,  2.9995
 1999,     4,  20,  0.9942,  0.9865,     5,  179.8,  1.4006,  1.9617
 1999,     4,  21,  0.7061,  0.9767,     6,  189.1,  1.2053,  1.4527
 1999,     4,  22,  0.5443,  1.1575,     6,  199.8,  1.2791,  1.6360
 1999,     4,  23,  0.1784,  1.2912,     6,  217.1,  1.3035,  1.6990
 1999,     4,  24, -0.3983,  1.3529,     7,  241.4,  1.4103,  1.9890
 1999,     4,  25, -0.7394,  1.3675,     7,  253.4,  1.5546,  2.4167
 1999,     4,  26, -0.9629,  1.2820,     7,  261.9,  1.6033,  2.5707
 1999,     4,  27, -1.1181,  1.1643,     7,  268.8,  1.6142,  2.6056
 1999,     4,  28, -1.1214,  1.2605,     7,  266.7,  1.6871,  2.8464
 1999,     4,  29, -1.2581,  1.1009,     8,  273.8,  1.6718,  2.7948
 1999,     4,  30, -1.4383,  0.8819,     8,  283.5,  1.6871,  2.8465
 1999,     5,   1, -1.4995,  0.6874,     8,  290.4,  1.6496,  2.7211
 1999,     5,   2, -1.3571,  0.3605,     8,  300.1,  1.4042,  1.9716
 1999,     5,   3, -1.1908,  0.1608,     8,  307.3,  1.2016,  1.4438
 1999,     5,   4, -1.0574, -0.1368,     1,  322.4,  1.0662,  1.1368
 1999,     5,   5, -1.1624, -0.2146,     1,  325.5,  1.1820,  1.3972
 1999,     5,   6, -1.2518, -0.3637,     1,  331.2,  1.3036,  1.6994
 1999,     5,   7, -1.2138, -0.4095,     1,  333.6,  1.2810,  1.6410
 1999,     5,   8, -1.2948, -0.5825,     1,  339.2,  1.4198,  2.0159
 1999,     5,   9, -1.2438, -0.5501,     1,  338.9,  1.3600,  1.8496
 1999,     5,  10, -0.9633, -0.6692,     1,  349.8,  1.1729,  1.3757
 1999,     5,  11, -1.0118, -0.8667,     1,  355.6,  1.3322,  1.7748
 1999,     5,  12, -1.0061, -0.8347,     1,  354.7,  1.3073,  1.7091
 1999,     5,  13, -0.8181, -0.6478,     1,  353.4,  1.0435,  1.0889
 1999,     5,  14, -0.5098, -0.5369,     2,    1.5,  0.7404,  0.5482
 1999,     5,  15, -0.3119, -0.6602,     2,   19.7,  0.7302,  0.5332
 1999,     5,  16, -0.3325, -0.6066,     2,   16.3,  0.6918,  0.4785
 1999,     5,  17, -0.1947, -0.4610,     2,   22.1,  0.5004,  0.2504
 1999,     5,  18,  0.1653, -0.4049,     3,   67.2,  0.4373,  0.1913
 1999,     5,  19,  0.5766, -0.3683,     4,  102.4,  0.6842,  0.4681
 1999,     5,  20,  0.5841, -0.3209,     4,  106.2,  0.6665,  0.4442
 1999,     5,  21,  0.6057, -0.2464,     4,  112.9,  0.6539,  0.4276
 1999,     5,  22,  0.5604,  0.0435,     5,  139.4,  0.5621,  0.3160
 1999,     5,  23,  0.8431,  0.3061,     5,  155.0,  0.8970,  0.8046
 1999,     5,  24,  1.0780,  0.2215,     5,  146.6,  1.1005,  1.2111
 1999,     5,  25,  1.1099,  0.0597,     5,  138.1,  1.1115,  1.2355
 1999,     5,  26,  0.7474,  0.1447,     5,  146.0,  0.7613,  0.5795
 1999,     5,  27,  0.6221,  0.5789,     5,  177.9,  0.8497,  0.7220
 1999,     5,  28,  0.7307,  1.0683,     6,  190.6,  1.2943,  1.6753
 1999,     5,  29,  0.6637,  1.1910,     6,  195.9,  1.3635,  1.8590
 1999,     5,  30,  0.3220,  1.2495,     6,  210.5,  1.2904,  1.6650
 1999,     5,  31, -0.0252,  1.5451,     7,  225.9,  1.5453,  2.3880
 1999,     6,   1, -0.4235,  1.6937,     7,  239.0,  1.7458,  3.0478
 1999,     6,   2, -0.5084,  1.4571,     7,  244.2,  1.5432,  2.3816
 1999,     6,   3, -0.4314,  1.3606,     7,  242.6,  1.4274,  2.0374
 1999,     6,   4, -0.3393,  1.2984,     7,  239.6,  1.3420,  1.8009
 1999,     6,   5, -0.1220,  1.0662,     7,  231.5,  1.0732,  1.1518
 1999,     6,   6, -0.1278,  0.9376,     7,  232.8,  0.9463,  0.8955
 1999,     6,   7,  0.0590,  0.8830,     6,  221.2,  0.8849,  0.7831
 1999,     6,   8,  0.1953,  0.7829,     6,  211.0,  0.8069,  0.6510
 1999,     6,   9,  0.2924,  0.6029,     6,  199.1,  0.6701,  0.4490
 1999,     6,  10, -0.1046,  0.6343,     7,  234.4,  0.6429,  0.4133
 1999,     6,  11, -0.4535,  0.5490,     7,  264.6,  0.7121,  0.5070
 1999,     6,  12, -0.5200,  0.4946,     8,  271.4,  0.7177,  0.5150
 1999,     6,  13, -0.3841,  0.4802,     7,  263.7,  0.6149,  0.3781
 1999,     6,  14, -0.2892,  0.4235,     7,  259.3,  0.5128,  0.2629
 1999,     6,  15, -0.4476,  0.3435,     8,  277.5,  0.5642,  0.3183
 1999,     6,  16, -0.6134,  0.2151,     8,  295.7,  0.6500,  0.4225
 1999,     6,  17, -0.7528,  0.2831,     8,  294.4,  0.8043,  0.6468
 1999,     6,  18, -0.8488,  0.3492,     8,  292.6,  0.9178,  0.8424
 1999,     6,  19, -1.0464,  0.3244,     8,  297.8,  1.0955,  1.2001
 1999,     6,  20, -1.2207,  0.2871,     8,  301.8,  1.2540,  1.5725
 1999,     6,  21, -1.3668,  0.2560,     8,  304.4,  1.3906,  1.9338
 1999,     6,  22, -1.4157,  0.2433,     8,  305.2,  1.4364,  2.0634
 1999,     6,  23, -1.4629,  0.0271,     8,  313.9,  1.4632,  2.1408
 1999,     6,  24, -1.6105, -0.0574,     1,  317.0,  1.6116,  2.5972
 1999,     6,  25, -1.8422, -0.3268,     1,  325.1,  1.8710,  3.5006
 1999,     6,  26, -2.0257, -0.4413,     1,  327.3,  2.0732,  4.2982
 1999,     6,  27, -1.9124, -0.4803,     1,  329.1,  1.9718,  3.8881
 1999,     6,  28, -1.8162, -0.4781,     1,  329.7,  1.8780,  3.5270
 1999,     6,  29, -1.8722, -0.3988,     1,  327.0,  1.9142,  3.6643
 1999,     6,  30, -1.6589, -0.4708,     1,  330.8,  1.7244,  2.9736
 1999,     7,   1, -1.5187, -0.5887,     1,  336.2,  1.6288,  2.6531
 1999,     7,   2, -1.4060, -0.7873,     1,  344.2,  1.6114,  2.5967
 1999,     7,   3, -1.0874, -1.1726,     2,    2.2,  1.5992,  2.5576
 1999,     7,   4, -0.9265, -1.1678,     2,    6.6,  1.4907,  2.2220
 1999,     7,   5, -0.7884, -1.0634,     2,    8.4,  1.3238,  1.7524
 1999,     7,   6, -0.6832, -0.8471,     2,    6.1,  1.0883,  1.1844
 1999,     7,   7, -0.5334, -0.5893,     2,    2.8,  0.7948,  0.6318
 1999,     7,   8, -0.2908, -0.2469,     1,  355.3,  0.3815,  0.1456
 1999,     7,   9, -0.0209,  0.0079,     8,  294.3,  0.0223,  0.0005
 1999,     7,  10,  0.2829,  0.2574,     5,  177.3,  0.3825,  0.1463
 1999,     7,  11,  0.3245,  0.4364,     6,  188.4,  0.5438,  0.2957
 1999,     7,  12,  0.3830,  0.4668,     6,  185.6,  0.6038,  0.3646
 1999,     7,  13,  0.3050,  0.4875,     6,  193.0,  0.5750,  0.3306
 1999,     7,  14,  0.0563,  0.2539,     6,  212.5,  0.2601,  0.0677
 1999,     7,  15, -0.0267,  0.0260,     8,  270.7,  0.0373,  0.0014
 1999,     7,  16,  0.0034, -0.1533,     3,   46.3,  0.1533,  0.0235
 1999,     7,  17,  0.1011, -0.0669,     4,  101.5,  0.1212,  0.0147
 1999,     7,  18,  0.1896,  0.0374,     5,  146.2,  0.1932,  0.0373
 1999,     7,  19,  0.3039,  0.1878,     5,  166.7,  0.3573,  0.1276
 1999,     7,  20,  0.6824,  0.1207,     5,  145.0,  0.6930,  0.4803
 1999,     7,  21,  1.0520,  0.1228,     5,  141.7,  1.0592,  1.1218
 1999,     7,  22,  1.1554,  0.1969,     5,  144.7,  1.1721,  1.3738
 1999,     7,  23,  1.1129,  0.2171,     5,  146.0,  1.1338,  1.2856
 1999,     7,  24,  0.8732,  0.3682,     5,  157.9,  0.9476,  0.8980
 1999,     7,  25,  0.6958,  0.5638,     5,  174.0,  0.8955,  0.8020
 1999,     7,  26,  0.4501,  0.7378,     6,  193.6,  0.8643,  0.7471
 1999,     7,  27,  0.4806,  1.0536,     6,  200.5,  1.1581,  1.3411
 1999,     7,  28,  0.4932,  1.2027,     6,  202.7,  1.2999,  1.6897
 1999,     7,  29,  0.4070,  1.1243,     6,  205.1,  1.1957,  1.4296
 1999,     7,  30,  0.1179,  0.6994,     6,  215.4,  0.7092,  0.5030
 1999,     7,  31, -0.3333,  0.3411,     7,  269.3,  0.4769,  0.2275
 1999,     8,   1, -0.5065,  0.4200,     8,  275.3,  0.6580,  0.4330
 1999,     8,   2, -0.5647,  0.4232,     8,  278.1,  0.7057,  0.4980
 1999,     8,   3, -0.4304,  0.3657,     8,  274.6,  0.5649,  0.3191
 1999,     8,   4, -0.3407,  0.2632,     8,  277.3,  0.4305,  0.1853
 1999,     8,   5, -0.3584,  0.2726,     8,  277.7,  0.4503,  0.2028
 1999,     8,   6, -0.4176,  0.2268,     8,  286.5,  0.4752,  0.2258
 1999,     8,   7, -0.4240,  0.3918,     8,  272.3,  0.5773,  0.3333
 1999,     8,   8, -0.3506,  0.3452,     8,  270.4,  0.4920,  0.2421
 1999,     8,   9, -0.3765,  0.2190,     8,  284.8,  0.4356,  0.1897
 1999,     8,  10, -0.5658, -0.1450,     1,  329.4,  0.5841,  0.3411
 1999,     8,  11, -0.6008, -0.1094,     1,  325.3,  0.6107,  0.3729
 1999,     8,  12, -0.6630, -0.1605,     1,  328.6,  0.6822,  0.4653
 1999,     8,  13, -0.7314, -0.2992,     1,  337.3,  0.7902,  0.6244
 1999,     8,  14, -0.9883, -0.4073,     1,  337.4,  1.0689,  1.1426
 1999,     8,  15, -1.1915, -0.3652,     1,  332.0,  1.2462,  1.5530
 1999,     8,  16, -1.2131, -0.3734,     1,  332.1,  1.2693,  1.6110
 1999,     8,  17, -1.3467, -0.5634,     1,  337.7,  1.4598,  2.1311
 1999,     8,  18, -1.3462, -0.8391,     1,  346.9,  1.5863,  2.5162
 1999,     8,  19, -1.3341, -1.0645,     1,  353.6,  1.7068,  2.9132
 1999,     8,  20, -1.1275, -0.8666,     1,  352.5,  1.4220,  2.0221
 1999,     8,  21, -0.9608, -1.0751,     2,    3.2,  1.4419,  2.0791
 1999,     8,  22, -0.6929, -1.5754,     2,   21.3,  1.7210,  2.9618
 1999,     8,  23, -0.6425, -1.9171,     2,   26.5,  2.0219,  4.0882
 1999,     8,  24, -0.4737, -1.8529,     2,   30.7,  1.9125,  3.6575
 1999,     8,  25, -0.1425, -1.8309,     2,   40.6,  1.8364,  3.3725
 1999,     8,  26,  0.2357, -1.5343,     3,   53.7,  1.5523,  2.4095
 1999,     8,  27,  0.4141, -1.1725,     3,   64.5,  1.2435,  1.5463
 1999,     8,  28,  0.3542, -0.7365,     3,   70.7,  0.8172,  0.6679
 1999,     8,  29,  0.2056, -0.3020,     3,   79.2,  0.3654,  0.1335
 1999,     8,  30, -0.0969, -0.0677,     1,  349.9,  0.1182,  0.0140
 1999,     8,  31, -0.1201,  0.1264,     7,  268.5,  0.1743,  0.0304
 1999,     9,   1, -0.2578,  0.3126,     7,  264.5,  0.4052,  0.1642
 1999,     9,   2, -0.2788,  0.3707,     7,  261.9,  0.4638,  0.2151
 1999,     9,   3, -0.2542,  0.3126,     7,  264.1,  0.4030,  0.1624
 1999,     9,   4, -0.3923,  0.3133,     8,  276.4,  0.5020,  0.2520
 1999,     9,   5, -0.6473,  0.5072,     8,  276.9,  0.8224,  0.6763
 1999,     9,   6, -0.8342,  0.4400,     8,  287.2,  0.9431,  0.8895
 1999,     9,   7, -1.1101,  0.1199,     8,  308.8,  1.1165,  1.2466
 1999,     9,   8, -1.2467,  0.1537,     8,  308.0,  1.2561,  1.5778
 1999,     9,   9, -1.0773,  0.3007,     8,  299.4,  1.1185,  1.2511
 1999,     9,  10, -0.8601,  0.3838,     8,  291.0,  0.9418,  0.8870
 1999,     9,  11, -0.7235,  0.0993,     8,  307.2,  0.7302,  0.5332
 1999,     9,  12, -0.7995, -0.0488,     1,  318.5,  0.8010,  0.6415
 1999,     9,  13, -0.8247,  0.1034,     8,  307.9,  0.8311,  0.6907
 1999,     9,  14, -0.7746,  0.1079,     8,  307.1,  0.7821,  0.6117
 1999,     9,  15, -0.6508,  0.0094,     8,  314.2,  0.6509,  0.4237
 1999,     9,  16, -0.7469, -0.0792,     1,  321.1,  0.7511,  0.5641
 1999,     9,  17, -0.8278, -0.1749,     1,  326.9,  0.8461,  0.7158
 1999,     9,  18, -0.8971, -0.3661,     1,  337.2,  0.9690,  0.9389
 1999,     9,  19, -1.2544, -0.5321,     1,  338.0,  1.3626,  1.8568
 1999,     9,  20, -1.4668, -0.6604,     1,  339.2,  1.6086,  2.5876
 1999,     9,  21, -1.5180, -0.7004,     1,  339.8,  1.6718,  2.7948
 1999,     9,  22, -1.4451, -0.7543,     1,  342.6,  1.6301,  2.6572
 1999,     9,  23, -1.5541, -1.0740,     1,  349.6,  1.8891,  3.5686
 1999,     9,  24, -1.5686, -1.3653,     1,  356.0,  2.0796,  4.3246
 1999,     9,  25, -1.5047, -1.6864,     2,    3.3,  2.2602,  5.1083
 1999,     9,  26, -1.5103, -1.7369,     2,    4.0,  2.3017,  5.2979
 1999,     9,  27, -1.4580, -1.9298,     2,    7.9,  2.4187,  5.8499
 1999,     9,  28, -1.3213, -2.0454,     2,   12.1,  2.4351,  5.9296
 1999,     9,  29, -1.0562, -2.1459,     2,   18.8,  2.3917,  5.7204
 1999,     9,  30, -0.9677, -2.1407,     2,   20.7,  2.3493,  5.5192
 1999,    10,   1, -0.9451, -1.8170,     2,   17.5,  2.0481,  4.1948
 1999,    10,   2, -0.8724, -1.5526,     2,   15.7,  1.7809,  3.1716
 1999,    10,   3, -0.8087, -1.3750,     2,   14.5,  1.5952,  2.5447
 1999,    10,   4, -0.8687, -1.3327,     2,   11.9,  1.5908,  2.5307
 1999,    10,   5, -0.8263, -1.3184,     2,   12.9,  1.5560,  2.4210
 1999,    10,   6, -0.6860, -1.0413,     2,   11.6,  1.2470,  1.5549
 1999,    10,   7, -0.3923, -0.9820,     2,   23.2,  1.0575,  1.1183
 1999,    10,   8, -0.1213, -1.0412,     2,   38.4,  1.0482,  1.0988
 1999,    10,   9,  0.0232, -0.7932,     3,   46.7,  0.7936,  0.6298
 1999,    10,  10,  0.2389, -0.5176,     3,   69.8,  0.5701,  0.3250
 1999,    10,  11,  0.2597, -0.4421,     3,   75.4,  0.5127,  0.2629
 1999,    10,  12,  0.1355, -0.3116,     3,   68.5,  0.3398,  0.1155
 1999,    10,  13, -0.0206, -0.2285,     2,   39.8,  0.2294,  0.0526
 1999,    10,  14,  0.0544, -0.2089,     3,   59.6,  0.2159,  0.0466
 1999,    10,  15,  0.3383, -0.2660,     4,   96.8,  0.4303,  0.1852
 1999,    10,  16,  0.6266, -0.2036,     4,  117.0,  0.6589,  0.4341
 1999,    10,  17,  0.8240, -0.3091,     4,  114.4,  0.8801,  0.7745
 1999,    10,  18,  0.8952, -0.4044,     4,  110.7,  0.9824,  0.9650
 1999,    10,  19,  0.8342, -0.3381,     4,  112.9,  0.9001,  0.8102
 1999,    10,  20,  0.9991, -0.1219,     4,  128.0,  1.0065,  1.0131
 1999,    10,  21,  1.1030, -0.1329,     4,  128.1,  1.1110,  1.2344
 1999,    10,  22,  1.0279,  0.0788,     5,  139.4,  1.0309,  1.0628
 1999,    10,  23,  0.8682,  0.1167,     5,  142.7,  0.8761,  0.7675
 1999,    10,  24,  0.9031,  0.2487,     5,  150.4,  0.9368,  0.8775
 1999,    10,  25,  0.9791,  0.3306,     5,  153.7,  1.0334,  1.0680
 1999,    10,  26,  1.0933,  0.4993,     5,  159.5,  1.2019,  1.4445
 1999,    10,  27,  1.2589,  0.3159,     5,  149.1,  1.2979,  1.6845
 1999,    10,  28,  1.4681,  0.2652,     5,  145.2,  1.4918,  2.2255
 1999,    10,  29,  1.5598,  0.3889,     5,  149.0,  1.6075,  2.5842
 1999,    10,  30,  1.7176,  0.3508,     5,  146.5,  1.7531,  3.0733
 1999,    10,  31,  1.7951,  0.6124,     5,  153.8,  1.8967,  3.5973
 1999,    11,   1,  1.6084,  0.9200,     5,  164.8,  1.8529,  3.4332
 1999,    11,   2,  1.7552,  1.1132,     5,  167.4,  2.0784,  4.3199
 1999,    11,   3,  1.7503,  1.5078,     5,  175.7,  2.3102,  5.3370
 1999,    11,   4,  1.6533,  1.7861,     6,  182.2,  2.4339,  5.9237
 1999,    11,   5,  1.2873,  1.9659,     6,  191.8,  2.3499,  5.5221
 1999,    11,   6,  0.9716,  2.4334,     6,  203.2,  2.6202,  6.8653
 1999,    11,   7,  0.6815,  2.6108,     6,  210.4,  2.6983,  7.2809
 1999,    11,   8,  0.3745,  2.6434,     6,  216.9,  2.6698,  7.1280
 1999,    11,   9, -0.0154,  2.5401,     7,  225.3,  2.5402,  6.4525
 1999,    11,  10, -0.2874,  2.2240,     7,  232.4,  2.2425,  5.0290
 1999,    11,  11, -0.5319,  2.0985,     7,  239.2,  2.1649,  4.6867
 1999,    11,  12, -0.7935,  1.7594,     7,  249.3,  1.9300,  3.7250
 1999,    11,  13, -0.9566,  1.6098,     7,  255.7,  1.8726,  3.5067
 1999,    11,  14, -1.1725,  1.4122,     7,  264.7,  1.8355,  3.3691
 1999,    11,  15, -1.4187,  1.0788,     8,  277.8,  1.7823,  3.1766
 1999,    11,  16, -1.3752,  0.9503,     8,  280.4,  1.6716,  2.7943
 1999,    11,  17, -1.1968,  0.9619,     8,  276.2,  1.5354,  2.3575
 1999,    11,  18, -1.0477,  0.9924,     8,  271.6,  1.4431,  2.0825
 1999,    11,  19, -0.9352,  0.7584,     8,  276.0,  1.2040,  1.4497
 1999,    11,  20, -0.8445,  0.5470,     8,  282.1,  1.0062,  1.0125
 1999,    11,  21, -0.6912,  0.1864,     8,  299.9,  0.7159,  0.5125
 1999,    11,  22, -0.9021, -0.1333,     1,  323.4,  0.9119,  0.8316
 1999,    11,  23, -1.0380, -0.4274,     1,  337.4,  1.1225,  1.2600
 1999,    11,  24, -0.6413, -0.3870,     1,  346.1,  0.7490,  0.5610
 1999,    11,  25, -0.1428, -0.4161,     2,   26.1,  0.4400,  0.1936
 1999,    11,  26,  0.0057, -0.2814,     3,   46.2,  0.2815,  0.0792
 1999,    11,  27, -0.0096, -0.0764,     2,   37.9,  0.0770,  0.0059
 1999,    11,  28,  0.0662, -0.1201,     3,   73.9,  0.1371,  0.0188
 1999,    11,  29,  0.4132, -0.1582,     4,  114.1,  0.4425,  0.1958
 1999,    11,  30,  0.6860, -0.2865,     4,  112.3,  0.7434,  0.5526
 1999,    12,   1,  0.7995, -0.4725,     4,  104.4,  0.9287,  0.8625
 1999,    12,   2,  0.9603, -0.4856,     4,  108.2,  1.0761,  1.1581
 1999,    12,   3,  0.8299, -0.6912,     4,   95.2,  1.0800,  1.1664
 1999,    12,   4,  0.8048, -0.5816,     4,   99.1,  0.9930,  0.9860
 1999,    12,   5,  1.1457, -0.2979,     4,  120.4,  1.1838,  1.4015
 1999,    12,   6,  1.3598, -0.0059,     4,  134.7,  1.3598,  1.8490
 1999,    12,   7,  1.6747,  0.2216,     5,  142.5,  1.6893,  2.8536
 1999,    12,   8,  1.5694,  0.1860,     5,  141.8,  1.5803,  2.4975
 1999,    12,   9,  1.3817,  0.3261,     5,  148.3,  1.4197,  2.0154
 1999,    12,  10,  1.3563,  0.4952,     5,  155.1,  1.4439,  2.0848
 1999,    12,  11,  1.1964,  0.5592,     5,  160.1,  1.3207,  1.7442
 1999,    12,  12,  1.0058,  0.5625,     5,  164.2,  1.1524,  1.3280
 1999,    12,  13,  1.0128,  0.5642,     5,  164.1,  1.1594,  1.3441
 1999,    12,  14,  1.0844,  0.7450,     5,  169.5,  1.3157,  1.7310
 1999,    12,  15,  0.9914,  0.8596,     5,  175.9,  1.3122,  1.7218
 1999,    12,  16,  0.8655,  1.1643,     6,  188.4,  1.4508,  2.1048
 1999,    12,  17,  0.6360,  1.3264,     6,  199.4,  1.4710,  2.1638
 1999,    12,  18,  0.2542,  1.1447,     6,  212.5,  1.1726,  1.3750
 1999,    12,  19, -0.1623,  1.2000,     7,  232.7,  1.2109,  1.4662
 1999,    12,  20, -0.6974,  1.0134,     7,  259.5,  1.2302,  1.5134
 1999,    12,  21, -1.0605,  0.6640,     8,  282.9,  1.2512,  1.5655
 1999,    12,  22, -1.1119,  0.7313,     8,  281.7,  1.3309,  1.7713
 1999,    12,  23, -1.0190,  0.9832,     8,  271.0,  1.4160,  2.0050
 1999,    12,  24, -1.0250,  1.0914,     7,  268.2,  1.4972,  2.2417
 1999,    12,  25, -1.0164,  1.0256,     7,  269.7,  1.4440,  2.0850
 1999,    12,  26, -0.9382,  0.7901,     8,  274.9,  1.2266,  1.5044
 1999,    12,  27, -0.9395,  0.5392,     8,  285.1,  1.0832,  1.1734
 1999,    12,  28, -1.0517,  0.4155,     8,  293.4,  1.1308,  1.2787
 1999,    12,  29, -0.7483,  0.2705,     8,  295.1,  0.7957,  0.6331
 1999,    12,  30, -0.5953, -0.0660,     1,  321.3,  0.5989,  0.3587
 1999,    12,  31, -0.6663, -0.3567,     1,  343.2,  0.7557,  0.5711
 2000,     1,   1, -0.5957, -0.5748,     1,  359.0,  0.8278,  0.6852
 2000,     1,   2, -0.4343, -0.6607,     2,   11.7,  0.7906,  0.6250
 2000,     1,   3, -0.2668, -0.8385,     2,   27.4,  0.8800,  0.7743
 2000,     1,   4, -0.1790, -1.0239,     2,   35.1,  1.0394,  1.0804
 2000,     1,   5, -0.3002, -1.0292,     2,   28.7,  1.0721,  1.1494
 2000,     1,   6,  0.0223, -1.1672,     3,   46.1,  1.1674,  1.3629
 2000,     1,   7,  0.0992, -1.4308,     3,   49.0,  1.4343,  2.0571
 2000,     1,   8,  0.1923, -1.4662,     3,   52.5,  1.4787,  2.1867
 2000,     1,   9,  0.3351, -1.1247,     3,   61.6,  1.1735,  1.3772
 2000,     1,  10,  0.4460, -0.9494,     3,   70.2,  1.0490,  1.1004
 2000,     1,  11,  0.5406, -0.7266,     3,   81.7,  0.9057,  0.8202
 2000,     1,  12,  0.4575, -0.4895,     3,   88.1,  0.6700,  0.4489
 2000,     1,  13,  0.4982, -0.2845,     4,  105.3,  0.5737,  0.3292
 2000,     1,  14,  0.5167, -0.1590,     4,  117.9,  0.5406,  0.2923
 2000,     1,  15,  0.3927, -0.1347,     4,  116.1,  0.4152,  0.1724
 2000,     1,  16,  0.1822, -0.1525,     4,   95.1,  0.2376,  0.0564
 2000,     1,  17,  0.0289, -0.2308,     3,   52.1,  0.2326,  0.0541
 2000,     1,  18, -0.2261, -0.0871,     1,  336.1,  0.2423,  0.0587
 2000,     1,  19, -0.3192,  0.0366,     8,  308.5,  0.3213,  0.1032
 2000,     1,  20, -0.3875, -0.1541,     1,  336.7,  0.4170,  0.1739
 2000,     1,  21, -0.6407, -0.1611,     1,  329.1,  0.6606,  0.4364
 2000,     1,  22, -0.8259, -0.3671,     1,  339.0,  0.9038,  0.8169
 2000,     1,  23, -0.8744, -0.5640,     1,  347.8,  1.0406,  1.0828
 2000,     1,  24, -0.6438, -0.5750,     1,  356.8,  0.8632,  0.7450
 2000,     1,  25, -0.5981, -0.5273,     1,  356.4,  0.7973,  0.6358
 2000,     1,  26, -0.6343, -0.8206,     2,    7.3,  1.0372,  1.0758
 2000,     1,  27, -0.5621, -0.9034,     2,   13.1,  1.0640,  1.1321
 2000,     1,  28, -0.4279, -0.9106,     2,   19.8,  1.0061,  1.0122
 2000,     1,  29, -0.3587, -0.9829,     2,   24.9,  1.0463,  1.0948
 2000,     1,  30, -0.1530, -1.0772,     2,   36.9,  1.0881,  1.1839
 2000,     1,  31,  0.1161, -1.1096,     3,   51.0,  1.1156,  1.2446
 2000,     2,   1,  0.4105, -1.3074,     3,   62.4,  1.3703,  1.8778
 2000,     2,   2,  0.3938, -1.4780,     3,   59.9,  1.5296,  2.3397
 2000,     2,   3,  0.3983, -1.3684,     3,   61.2,  1.4252,  2.0312
 2000,     2,   4,  0.5475, -1.3776,     3,   66.7,  1.4824,  2.1976
 2000,     2,   5,  0.7979, -1.0442,     3,   82.4,  1.3142,  1.7270
 2000,     2,   6,  1.0299, -0.6537,     4,  102.6,  1.2198,  1.4879
 2000,     2,   7,  1.2139, -0.2674,     4,  122.6,  1.2430,  1.5450
 2000,     2,   8,  1.1719, -0.2095,     4,  124.9,  1.1905,  1.4173
 2000,     2,   9,  0.9901, -0.2303,     4,  121.9,  1.0165,  1.0333
 2000,     2,  10,  0.6021, -0.1190,     4,  123.8,  0.6137,  0.3766
 2000,     2,  11,  0.1961, -0.1639,     4,   95.1,  0.2555,  0.0653
 2000,     2,  12,  0.1056, -0.2729,     3,   66.2,  0.2926,  0.0856
 2000,     2,  13, -0.1917, -0.6217,     2,   27.9,  0.6506,  0.4233
 2000,     2,  14, -0.4391, -0.9905,     2,   21.1,  1.0835,  1.1739
 2000,     2,  15, -0.4489, -1.4123,     2,   27.4,  1.4819,  2.1962
 2000,     2,  16,  0.0534, -1.4950,     3,   47.0,  1.4959,  2.2377
 2000,     2,  17,  0.4177, -1.5893,     3,   59.7,  1.6433,  2.7005
 2000,     2,  18,  0.7598, -1.7195,     3,   68.8,  1.8799,  3.5340
 2000,     2,  19,  1.2683, -1.5177,     3,   84.9,  1.9779,  3.9122
 2000,     2,  20,  1.6648, -1.3310,     4,   96.4,  2.1314,  4.5431
 2000,     2,  21,  1.8345, -0.8626,     4,  109.8,  2.0272,  4.1096
 2000,     2,  22,  1.8038, -0.6143,     4,  116.2,  1.9056,  3.6313
 2000,     2,  23,  1.6488, -0.6547,     4,  113.3,  1.7741,  3.1473
 2000,     2,  24,  1.4863, -0.8283,     4,  105.9,  1.7015,  2.8953
 2000,     2,  25,  1.5448, -0.9423,     4,  103.6,  1.8095,  3.2742
 2000,     2,  26,  1.4881, -1.1231,     4,   98.0,  1.8643,  3.4757
 2000,     2,  27,  1.3913, -1.1544,     4,   95.3,  1.8079,  3.2684
 2000,     2,  28,  1.4367, -0.9871,     4,  100.5,  1.7431,  3.0383
 2000,     2,  29,  1.4764, -0.9085,     4,  103.4,  1.7336,  3.0053
 2000,     3,   1,  1.8363, -0.9576,     4,  107.5,  2.0710,  4.2891
 2000,     3,   2,  1.7311, -0.8258,     4,  109.5,  1.9180,  3.6788
 2000,     3,   3,  1.8320, -0.8201,     4,  110.9,  2.0072,  4.0287
 2000,     3,   4,  1.4196, -0.6606,     4,  110.0,  1.5658,  2.4517
 2000,     3,   5,  1.1413, -0.3047,     4,  120.1,  1.1813,  1.3955
 2000,     3,   6,  1.1402, -0.1632,     4,  126.9,  1.1519,  1.3268
 2000,     3,   7,  1.0924,  0.1253,     5,  141.5,  1.0995,  1.2090
 2000,     3,   8,  1.0124,  0.4246,     5,  157.8,  1.0978,  1.2052
 2000,     3,   9,  0.9481,  0.3484,     5,  155.2,  1.0101,  1.0203
 2000,     3,  10,  0.9290,  0.3328,     5,  154.7,  0.9868,  0.9737
 2000,     3,  11,  1.1016,  0.5264,     5,  160.5,  1.2209,  1.4907
 2000,     3,  12,  1.2096,  0.5229,     5,  158.4,  1.3178,  1.7365
 2000,     3,  13,  1.2815,  0.4181,     5,  153.1,  1.3479,  1.8169
 2000,     3,  14,  0.9731,  0.3173,     5,  153.1,  1.0235,  1.0476
 2000,     3,  15,  0.7926,  0.3360,     5,  158.0,  0.8609,  0.7411
 2000,     3,  16,  0.8814,  0.1736,     5,  146.1,  0.8983,  0.8070
 2000,     3,  17,  0.8218,  0.1154,     5,  143.0,  0.8298,  0.6886
 2000,     3,  18,  0.8209,  0.2772,     5,  153.7,  0.8664,  0.7507
 2000,     3,  19,  0.4420,  0.1815,     5,  157.3,  0.4778,  0.2283
 2000,     3,  20, -0.0963,  0.0124,     8,  307.7,  0.0971,  0.0094
 2000,     3,  21, -0.3450,  0.0121,     8,  313.0,  0.3452,  0.1192
 2000,     3,  22, -0.5498, -0.1156,     1,  326.9,  0.5618,  0.3157
 2000,     3,  23, -0.8643, -0.2420,     1,  330.6,  0.8975,  0.8055
 2000,     3,  24, -1.1473, -0.5083,     1,  338.9,  1.2549,  1.5747
 2000,     3,  25, -1.1510, -0.7638,     1,  348.6,  1.3813,  1.9081
 2000,     3,  26, -0.8138, -0.8579,     2,    1.5,  1.1825,  1.3982
 2000,     3,  27, -0.5223, -0.7820,     2,   11.3,  0.9404,  0.8844
 2000,     3,  28, -0.4483, -0.7973,     2,   15.7,  0.9147,  0.8366
 2000,     3,  29, -0.5187, -0.4216,     1,  354.1,  0.6684,  0.4467
 2000,     3,  30, -0.3914, -0.3514,     1,  356.9,  0.5260,  0.2766
 2000,     3,  31,  0.0860, -0.2717,     3,   62.6,  0.2850,  0.0812
 2000,     4,   1,  0.6370, -0.5877,     4,   92.3,  0.8667,  0.7512
 2000,     4,   2,  0.7698, -0.5636,     4,   98.8,  0.9540,  0.9101
 2000,     4,   3,  0.9586, -0.3251,     4,  116.3,  1.0122,  1.0246
 2000,     4,   4,  1.0656, -0.1954,     4,  124.6,  1.0834,  1.1737
 2000,     4,   5,  1.2737, -0.1691,     4,  127.4,  1.2848,  1.6508
 2000,     4,   6,  1.1104, -0.1959,     4,  125.0,  1.1275,  1.2713
 2000,     4,   7,  0.8909, -0.1753,     4,  123.9,  0.9080,  0.8245
 2000,     4,   8,  0.7678, -0.0023,     4,  134.8,  0.7678,  0.5895
 2000,     4,   9,  0.6764,  0.0583,     5,  139.9,  0.6789,  0.4609
 2000,     4,  10,  0.6256, -0.0061,     4,  134.4,  0.6256,  0.3914
 2000,     4,  11,  0.4525, -0.1419,     4,  117.6,  0.4742,  0.2249
 2000,     4,  12,  0.6211,  0.0338,     5,  138.1,  0.6220,  0.3869
 2000,     4,  13,  0.8967,  0.1395,     5,  143.8,  0.9074,  0.8235
 2000,     4,  14,  1.1205,  0.2453,     5,  147.3,  1.1470,  1.3157
 2000,     4,  15,  1.3864,  0.2320,     5,  144.5,  1.4057,  1.9759
 2000,     4,  16,  1.7327,  0.2581,     5,  143.5,  1.7519,  3.0690
 2000,     4,  17,  1.7272,  0.4660,     5,  150.1,  1.7890,  3.2004
 2000,     4,  18,  1.6682,  0.7793,     5,  160.0,  1.8413,  3.3903
 2000,     4,  19,  1.4952,  0.9887,     5,  168.5,  1.7925,  3.2130
 2000,     4,  20,  1.3461,  0.9163,     5,  169.2,  1.6284,  2.6516
 2000,     4,  21,  1.2025,  0.8029,     5,  168.7,  1.4459,  2.0905
 2000,     4,  22,  0.9740,  0.8604,     5,  176.5,  1.2995,  1.6888
 2000,     4,  23,  0.9009,  0.8571,     5,  178.6,  1.2435,  1.5462
 2000,     4,  24,  0.7523,  0.7918,     6,  181.5,  1.0922,  1.1929
 2000,     4,  25,  0.6545,  0.9220,     6,  189.6,  1.1307,  1.2784
 2000,     4,  26,  0.6164,  1.2099,     6,  198.0,  1.3579,  1.8438
 2000,     4,  27,  0.5762,  1.1370,     6,  198.1,  1.2746,  1.6246
 2000,     4,  28,  0.6008,  0.8663,     6,  190.3,  1.0543,  1.1115
 2000,     4,  29,  0.6541,  0.8656,     6,  187.9,  1.0849,  1.1771
 2000,     4,  30,  0.6907,  1.1596,     6,  194.2,  1.3497,  1.8218
 2000,     5,   1,  0.7098,  1.5268,     6,  200.1,  1.6837,  2.8348
 2000,     5,   2,  0.6595,  1.8353,     6,  205.2,  1.9502,  3.8032
 2000,     5,   3,  0.6500,  2.0249,     6,  207.2,  2.1267,  4.5228
 2000,     5,   4,  0.4902,  1.8342,     6,  210.0,  1.8986,  3.6045
 2000,     5,   5,  0.1990,  1.6022,     6,  217.9,  1.6145,  2.6066
 2000,     5,   6, -0.0845,  1.5134,     7,  228.2,  1.5157,  2.2975
 2000,     5,   7, -0.1969,  1.5815,     7,  232.1,  1.5937,  2.5398
 2000,     5,   8, -0.2067,  1.5630,     7,  232.5,  1.5766,  2.4858
 2000,     5,   9, -0.2745,  1.5637,     7,  235.0,  1.5876,  2.5205
 2000,     5,  10, -0.2893,  1.4522,     7,  236.3,  1.4807,  2.1925
 2000,     5,  11, -0.2111,  1.4335,     7,  233.4,  1.4490,  2.0996
 2000,     5,  12, -0.1136,  1.4571,     7,  229.5,  1.4616,  2.1362
 2000,     5,  13, -0.0393,  1.3202,     7,  226.7,  1.3208,  1.7444
 2000,     5,  14, -0.1751,  1.1989,     7,  233.3,  1.2116,  1.4680
 2000,     5,  15, -0.0498,  1.0850,     7,  227.6,  1.0861,  1.1796
 2000,     5,  16,  0.0347,  0.6327,     6,  221.9,  0.6336,  0.4015
 2000,     5,  17,  0.0579,  0.2964,     6,  213.9,  0.3020,  0.0912
 2000,     5,  18,  0.0418,  0.1830,     6,  212.1,  0.1877,  0.0352
 2000,     5,  19,  0.0137,  0.0549,     6,  210.9,  0.0566,  0.0032
 2000,     5,  20, -0.0295,  0.0199,     8,  281.0,  0.0356,  0.0013
 2000,     5,  21, -0.3075,  0.0747,     8,  301.3,  0.3165,  0.1002
 2000,     5,  22, -0.5388,  0.0372,     8,  311.0,  0.5401,  0.2917
 2000,     5,  23, -0.5798,  0.0400,     8,  311.1,  0.5812,  0.3378
 2000,     5,  24, -0.4199,  0.0430,     8,  309.1,  0.4221,  0.1782
 2000,     5,  25, -0.1872,  0.0550,     8,  298.6,  0.1951,  0.0381
 2000,     5,  26, -0.1167,  0.0198,     8,  305.4,  0.1184,  0.0140
 2000,     5,  27, -0.1279, -0.2016,     2,   12.6,  0.2388,  0.0570
 2000,     5,  28, -0.2164, -0.3024,     2,    9.4,  0.3718,  0.1383
 2000,     5,  29, -0.2421, -0.3809,     2,   12.6,  0.4513,  0.2037
 2000,     5,  30, -0.2026, -0.4730,     2,   21.8,  0.5145,  0.2648
 2000,     5,  31, -0.0607, -0.4996,     2,   38.1,  0.5033,  0.2533
 2000,     6,   1,  0.1449, -0.6193,     3,   58.2,  0.6360,  0.4045
 2000,     6,   2,  0.0266, -0.4998,     3,   48.0,  0.5005,  0.2505
 2000,     6,   3, -0.0750, -0.3607,     2,   33.2,  0.3684,  0.1357
 2000,     6,   4, -0.0604, -0.4260,     2,   36.9,  0.4302,  0.1851
 2000,     6,   5, -0.0608, -0.5499,     2,   38.7,  0.5533,  0.3061
 2000,     6,   6, -0.0302, -0.6723,     2,   42.4,  0.6730,  0.4529
 2000,     6,   7,  0.1995, -0.5212,     3,   65.9,  0.5581,  0.3114
 2000,     6,   8,  0.1287,  0.0104,     5,  139.6,  0.1291,  0.0167
 2000,     6,   9,  0.0716,  0.4248,     6,  215.4,  0.4308,  0.1856
 2000,     6,  10,  0.1110,  0.6025,     6,  214.6,  0.6127,  0.3754
 2000,     6,  11,  0.1077,  0.6047,     6,  214.9,  0.6143,  0.3773
 2000,     6,  12,  0.0591,  0.7480,     6,  220.5,  0.7503,  0.5630
 2000,     6,  13, -0.2001,  0.6269,     7,  242.7,  0.6581,  0.4331
 2000,     6,  14, -0.5766,  0.5733,     8,  270.2,  0.8131,  0.6611
 2000,     6,  15, -0.9702,  0.3753,     8,  293.9,  1.0403,  1.0822
 2000,     6,  16, -1.2532,  0.1297,     8,  309.1,  1.2599,  1.5874
 2000,     6,  17, -1.1532, -0.0246,     1,  316.2,  1.1534,  1.3304
 2000,     6,  18, -0.9858, -0.3909,     1,  336.6,  1.0605,  1.1246
 2000,     6,  19, -0.8749, -0.4986,     1,  344.7,  1.0070,  1.0141
 2000,     6,  20, -0.7998, -0.5603,     1,  350.0,  0.9766,  0.9537
 2000,     6,  21, -0.7348, -0.7014,     1,  358.7,  1.0158,  1.0319
 2000,     6,  22, -0.6843, -0.5562,     1,  354.1,  0.8818,  0.7776
 2000,     6,  23, -0.3660, -0.2730,     1,  351.7,  0.4566,  0.2085
 2000,     6,  24, -0.0829, -0.0956,     2,    4.1,  0.1266,  0.0160
 2000,     6,  25,  0.1442,  0.2545,     6,  195.5,  0.2925,  0.0856
 2000,     6,  26,  0.2453,  0.3295,     6,  188.3,  0.4108,  0.1687
 2000,     6,  27,  0.2995,  0.3409,     6,  183.7,  0.4538,  0.2059
 2000,     6,  28,  0.4752,  0.3609,     5,  172.2,  0.5967,  0.3561
 2000,     6,  29,  0.5401,  0.3478,     5,  167.8,  0.6424,  0.4127
 2000,     6,  30,  0.5832,  0.3910,     5,  168.8,  0.7021,  0.4930
 2000,     7,   1,  0.2717,  0.4040,     6,  191.1,  0.4869,  0.2371
 2000,     7,   2,  0.2966,  0.4207,     6,  189.8,  0.5148,  0.2650
 2000,     7,   3,  0.6013,  0.5754,     5,  178.7,  0.8322,  0.6926
 2000,     7,   4,  0.9502,  0.6781,     5,  170.5,  1.1673,  1.3626
 2000,     7,   5,  1.1000,  0.8392,     5,  172.3,  1.3835,  1.9142
 2000,     7,   6,  1.2490,  1.4163,     6,  183.6,  1.8883,  3.5657
 2000,     7,   7,  1.2738,  2.0010,     6,  192.5,  2.3720,  5.6265
 2000,     7,   8,  1.2659,  2.1014,     6,  193.9,  2.4532,  6.0184
 2000,     7,   9,  1.2530,  2.0547,     6,  193.6,  2.4066,  5.7919
 2000,     7,  10,  0.7311,  1.9685,     6,  204.6,  2.0998,  4.4093
 2000,     7,  11,  0.0667,  1.7239,     6,  222.8,  1.7252,  2.9764
 2000,     7,  12, -0.5299,  1.7540,     7,  241.8,  1.8323,  3.3572
 2000,     7,  13, -1.1316,  1.7727,     7,  257.6,  2.1031,  4.4229
 2000,     7,  14, -1.4107,  1.8201,     7,  262.8,  2.3028,  5.3030
 2000,     7,  15, -1.4526,  1.5760,     7,  267.7,  2.1433,  4.5938
 2000,     7,  16, -1.5692,  1.3396,     8,  274.5,  2.0632,  4.2569
 2000,     7,  17, -1.5836,  1.0994,     8,  280.2,  1.9278,  3.7165
 2000,     7,  18, -1.4592,  0.7320,     8,  288.4,  1.6326,  2.6652
 2000,     7,  19, -1.4868,  0.4989,     8,  296.5,  1.5683,  2.4596
 2000,     7,  20, -1.6607,  0.3020,     8,  304.7,  1.6879,  2.8491
 2000,     7,  21, -1.7104,  0.2038,     8,  308.2,  1.7225,  2.9669
 2000,     7,  22, -1.5486,  0.1114,     8,  310.9,  1.5525,  2.4104
 2000,     7,  23, -1.5218,  0.1585,     8,  309.1,  1.5300,  2.3410
 2000,     7,  24, -1.7235,  0.1236,     8,  310.9,  1.7279,  2.9857
 2000,     7,  25, -1.7568,  0.0489,     8,  313.4,  1.7575,  3.0888
 2000,     7,  26, -1.8089, -0.2355,     1,  322.4,  1.8242,  3.3277
 2000,     7,  27, -1.8072, -0.3140,     1,  324.9,  1.8343,  3.3646
 2000,     7,  28, -1.9310, -0.4176,     1,  327.2,  1.9756,  3.9031
 2000,     7,  29, -2.0985, -0.5373,     1,  329.4,  2.1662,  4.6925
 2000,     7,  30, -2.2030, -0.6193,     1,  330.7,  2.2883,  5.2365
 2000,     7,  31, -2.1180, -0.6781,     1,  332.8,  2.2239,  4.9457
 2000,     8,   1, -1.8629, -0.5374,     1,  331.1,  1.9389,  3.7592
 2000,     8,   2, -1.6919, -0.5329,     1,  332.5,  1.7738,  3.1464
 2000,     8,   3, -1.4154, -0.6211,     1,  338.7,  1.5457,  2.3892
 2000,     8,   4, -1.1525, -0.5112,     1,  338.9,  1.2608,  1.5895
 2000,     8,   5, -0.9673, -0.5147,     1,  343.0,  1.0957,  1.2006
 2000,     8,   6, -0.8615, -0.6237,     1,  350.9,  1.0635,  1.1311
 2000,     8,   7, -0.9352, -0.8180,     1,  356.2,  1.2424,  1.5436
 2000,     8,   8, -0.8896, -0.9599,     2,    2.2,  1.3087,  1.7128
 2000,     8,   9, -0.5760, -0.9993,     2,   15.0,  1.1534,  1.3303
 2000,     8,  10, -0.1456, -0.9728,     2,   36.5,  0.9837,  0.9676
 2000,     8,  11,  0.1465, -0.9123,     3,   54.1,  0.9240,  0.8537
 2000,     8,  12,  0.4044, -0.7159,     3,   74.5,  0.8222,  0.6761
 2000,     8,  13,  0.4814, -0.4807,     4,   90.0,  0.6803,  0.4628
 2000,     8,  14,  0.5081, -0.0483,     4,  129.6,  0.5104,  0.2605
 2000,     8,  15,  0.8023,  0.2534,     5,  152.5,  0.8414,  0.7079
 2000,     8,  16,  1.0041,  0.3185,     5,  152.6,  1.0535,  1.1098
 2000,     8,  17,  1.2270,  0.2730,     5,  147.5,  1.2570,  1.5801
 2000,     8,  18,  1.3865,  0.3409,     5,  148.8,  1.4278,  2.0385
 2000,     8,  19,  1.6876,  0.7634,     5,  159.3,  1.8523,  3.4309
 2000,     8,  20,  2.0247,  1.2470,     5,  166.6,  2.3779,  5.6545
 2000,     8,  21,  1.9975,  1.3597,     5,  169.2,  2.4164,  5.8389
 2000,     8,  22,  1.6482,  1.6649,     6,  180.3,  2.3427,  5.4882
 2000,     8,  23,  1.4966,  1.7445,     6,  184.4,  2.2984,  5.2828
 2000,     8,  24,  1.3507,  1.8173,     6,  188.4,  2.2643,  5.1269
 2000,     8,  25,  1.1284,  1.9325,     6,  194.7,  2.2379,  5.0080
 2000,     8,  26,  0.7489,  2.1401,     6,  205.7,  2.2674,  5.1409
 2000,     8,  27,  0.3710,  2.1682,     6,  215.3,  2.1997,  4.8388
 2000,     8,  28,  0.1210,  1.9784,     6,  221.5,  1.9821,  3.9287
 2000,     8,  29, -0.1898,  1.9276,     7,  230.6,  1.9370,  3.7518
 2000,     8,  30, -0.4638,  1.8290,     7,  239.2,  1.8869,  3.5603
 2000,     8,  31, -0.7503,  1.3449,     7,  254.2,  1.5400,  2.3716
 2000,     9,   1, -1.1296,  1.0477,     8,  272.2,  1.5407,  2.3737
 2000,     9,   2, -1.3989,  0.6152,     8,  291.3,  1.5282,  2.3353
 2000,     9,   3, -1.6784,  0.4091,     8,  301.3,  1.7275,  2.9842
 2000,     9,   4, -1.7371,  0.3430,     8,  303.8,  1.7706,  3.1351
 2000,     9,   5, -1.6923,  0.3214,     8,  304.2,  1.7226,  2.9673
 2000,     9,   6, -1.6252,  0.0714,     8,  312.5,  1.6268,  2.6464
 2000,     9,   7, -1.6200, -0.0978,     1,  318.5,  1.6230,  2.6341
 2000,     9,   8, -1.6911, -0.1698,     1,  320.7,  1.6996,  2.8886
 2000,     9,   9, -1.5266, -0.0712,     1,  317.7,  1.5282,  2.3355
 2000,     9,  10, -1.2608,  0.0596,     8,  312.3,  1.2622,  1.5932
 2000,     9,  11, -1.1740, -0.0443,     1,  317.2,  1.1748,  1.3802
 2000,     9,  12, -1.2613, -0.3966,     1,  332.5,  1.3222,  1.7482
 2000,     9,  13, -1.3164, -0.6020,     1,  339.6,  1.4475,  2.0952
 2000,     9,  14, -1.1541, -0.7670,     1,  348.6,  1.3857,  1.9201
 2000,     9,  15, -1.0871, -1.0004,     1,  357.6,  1.4774,  2.1826
 2000,     9,  16, -0.8745, -1.1183,     2,    7.0,  1.4196,  2.0153
 2000,     9,  17, -0.9194, -1.1906,     2,    7.3,  1.5043,  2.2628
 2000,     9,  18, -0.9788, -1.2106,     2,    6.0,  1.5568,  2.4237
 2000,     9,  19, -1.0339, -1.2883,     2,    6.3,  1.6519,  2.7288
 2000,     9,  20, -0.9026, -1.3047,     2,   10.3,  1.5864,  2.5168
 2000,     9,  21, -0.9090, -1.1371,     2,    6.4,  1.4558,  2.1193
 2000,     9,  22, -0.8481, -0.9950,     2,    4.6,  1.3074,  1.7093
 2000,     9,  23, -0.7293, -0.8917,     2,    5.7,  1.1520,  1.3271
 2000,     9,  24, -0.3200, -0.7957,     2,   23.1,  0.8576,  0.7355
 2000,     9,  25, -0.3416, -0.6595,     2,   17.6,  0.7427,  0.5516
 2000,     9,  26, -0.3496, -0.6193,     2,   15.6,  0.7112,  0.5058
 2000,     9,  27, -0.4183, -0.7421,     2,   15.6,  0.8519,  0.7257
 2000,     9,  28, -0.3321, -1.0777,     2,   27.9,  1.1277,  1.2717
 2000,     9,  29, -0.2678, -1.4735,     2,   34.7,  1.4976,  2.2428
 2000,     9,  30, -0.2713, -1.8566,     2,   36.7,  1.8763,  3.5206
 2000,    10,   1, -0.2237, -1.9796,     2,   38.6,  1.9922,  3.9688
 2000,    10,   2,  0.1622, -1.9529,     3,   49.7,  1.9596,  3.8402
 2000,    10,   3,  0.5312, -1.7498,     3,   61.9,  1.8286,  3.3439
 2000,    10,   4,  0.7862, -1.4292,     3,   73.8,  1.6312,  2.6607
 2000,    10,   5,  0.9505, -1.2208,     3,   82.9,  1.5472,  2.3937
 2000,    10,   6,  1.0926, -0.6231,     4,  105.3,  1.2578,  1.5820
 2000,    10,   7,  1.0990,  0.1016,     5,  140.3,  1.1036,  1.2180
 2000,    10,   8,  1.2095,  0.7124,     5,  165.5,  1.4037,  1.9705
 2000,    10,   9,  1.1738,  1.1676,     5,  179.8,  1.6557,  2.7412
 2000,    10,  10,  1.0950,  1.3835,     6,  186.6,  1.7644,  3.1131
 2000,    10,  11,  1.0807,  1.3738,     6,  186.8,  1.7479,  3.0553
 2000,    10,  12,  1.1925,  1.3587,     6,  183.7,  1.8078,  3.2681
 2000,    10,  13,  1.4884,  1.2509,     5,  175.0,  1.9442,  3.7800
 2000,    10,  14,  1.5102,  1.1528,     5,  172.4,  1.8999,  3.6096
 2000,    10,  15,  1.3623,  1.0302,     5,  172.1,  1.7080,  2.9173
 2000,    10,  16,  1.2516,  0.7526,     5,  166.0,  1.4604,  2.1328
 2000,    10,  17,  1.4844,  0.7614,     5,  162.2,  1.6683,  2.7832
 2000,    10,  18,  1.4820,  0.7302,     5,  161.2,  1.6521,  2.7296
 2000,    10,  19,  1.3132,  0.9129,     5,  169.8,  1.5993,  2.5579
 2000,    10,  20,  1.1358,  1.1690,     6,  180.8,  1.6299,  2.6564
 2000,    10,  21,  0.9410,  1.5123,     6,  193.1,  1.7812,  3.1726
 2000,    10,  22,  1.0242,  1.5631,     6,  191.8,  1.8688,  3.4923
 2000,    10,  23,  1.0363,  1.5368,     6,  191.0,  1.8535,  3.4355
 2000,    10,  24,  0.7987,  1.6588,     6,  199.3,  1.8411,  3.3896
 2000,    10,  25,  0.5848,  1.5368,     6,  204.2,  1.6443,  2.7039
 2000,    10,  26,  0.5845,  1.5152,     6,  203.9,  1.6240,  2.6375
 2000,    10,  27,  0.4997,  1.5501,     6,  207.1,  1.6287,  2.6525
 2000,    10,  28,  0.5054,  1.5306,     6,  206.7,  1.6119,  2.5982
 2000,    10,  29,  0.3846,  1.5363,     6,  210.9,  1.5837,  2.5082
 2000,    10,  30,  0.0881,  1.6312,     6,  221.9,  1.6335,  2.6684
 2000,    10,  31, -0.0831,  1.4621,     7,  228.3,  1.4644,  2.1445
 2000,    11,   1, -0.4759,  1.2143,     7,  246.4,  1.3042,  1.7009
 2000,    11,   2, -0.8662,  1.2789,     7,  259.1,  1.5446,  2.3859
 2000,    11,   3, -1.1967,  1.3724,     7,  266.1,  1.8208,  3.3155
 2000,    11,   4, -1.2857,  1.4328,     7,  266.9,  1.9250,  3.7058
 2000,    11,   5, -1.2497,  1.2280,     8,  270.5,  1.7521,  3.0699
 2000,    11,   6, -1.1667,  0.8445,     8,  279.1,  1.4402,  2.0743
 2000,    11,   7, -1.4966,  0.6290,     8,  292.2,  1.6234,  2.6356
 2000,    11,   8, -1.6786,  0.3203,     8,  304.2,  1.7089,  2.9203
 2000,    11,   9, -1.6731, -0.1587,     1,  320.4,  1.6806,  2.8245
 2000,    11,  10, -1.6899, -0.4890,     1,  331.1,  1.7593,  3.0950
 2000,    11,  11, -1.4952, -0.5931,     1,  336.6,  1.6085,  2.5873
 2000,    11,  12, -0.9665, -0.5349,     1,  344.0,  1.1046,  1.2202
 2000,    11,  13, -0.6973, -0.8760,     2,    6.5,  1.1196,  1.2536
 2000,    11,  14, -0.4762, -1.3061,     2,   25.0,  1.3902,  1.9328
 2000,    11,  15, -0.2846, -1.7038,     2,   35.5,  1.7274,  2.9839
 2000,    11,  16, -0.1343, -1.9726,     2,   41.1,  1.9771,  3.9091
 2000,    11,  17,  0.1784, -1.8781,     3,   50.4,  1.8866,  3.5591
 2000,    11,  18,  0.5874, -1.8936,     3,   62.2,  1.9826,  3.9309
 2000,    11,  19,  0.9679, -1.6789,     3,   75.0,  1.9380,  3.7557
 2000,    11,  20,  1.2998, -1.3891,     3,   88.1,  1.9024,  3.6191
 2000,    11,  21,  1.3253, -1.2575,     4,   91.5,  1.8270,  3.3378
 2000,    11,  22,  1.3248, -1.0469,     4,   96.7,  1.6885,  2.8510
 2000,    11,  23,  1.5288, -0.6882,     4,  110.8,  1.6765,  2.8108
 2000,    11,  24,  1.7346, -0.1586,     4,  129.8,  1.7419,  3.0341
 2000,    11,  25,  1.4970,  0.0903,     5,  138.5,  1.4997,  2.2492
 2000,    11,  26,  1.2570,  0.3616,     5,  151.0,  1.3080,  1.7109
 2000,    11,  27,  1.2562,  0.4863,     5,  156.2,  1.3470,  1.8145
 2000,    11,  28,  1.4628,  0.6242,     5,  158.1,  1.5904,  2.5294
 2000,    11,  29,  1.4680,  0.6808,     5,  159.9,  1.6181,  2.6183
 2000,    11,  30,  1.4447,  0.9063,     5,  167.1,  1.7055,  2.9086
 2000,    12,   1,  1.3932,  1.1214,     5,  173.8,  1.7884,  3.1985
 2000,    12,   2,  1.1187,  1.3285,     6,  184.9,  1.7368,  3.0164
 2000,    12,   3,  0.9620,  1.6770,     6,  195.2,  1.9333,  3.7377
 2000,    12,   4,  0.7901,  1.7573,     6,  200.8,  1.9267,  3.7123
 2000,    12,   5,  0.4475,  1.6343,     6,  209.7,  1.6945,  2.8713
 2000,    12,   6,  0.2818,  1.7420,     6,  215.8,  1.7646,  3.1138
 2000,    12,   7, -0.0611,  1.6171,     7,  227.2,  1.6183,  2.6188
 2000,    12,   8, -0.2167,  1.5638,     7,  232.9,  1.5787,  2.4924
 2000,    12,   9, -0.2986,  1.5329,     7,  236.0,  1.5617,  2.4390
 2000,    12,  10, -0.5760,  1.3372,     7,  248.3,  1.4560,  2.1200
 2000,    12,  11, -0.7724,  1.2322,     7,  257.1,  1.4542,  2.1148
 2000,    12,  12, -0.8521,  1.2909,     7,  258.4,  1.5468,  2.3926
 2000,    12,  13, -1.2015,  0.9425,     8,  276.9,  1.5270,  2.3319
 2000,    12,  14, -1.5168,  0.6946,     8,  290.4,  1.6683,  2.7831
 2000,    12,  15, -1.5322,  0.3996,     8,  300.4,  1.5834,  2.5073
 2000,    12,  16, -1.4122, -0.0483,     1,  317.0,  1.4130,  1.9966
 2000,    12,  17, -1.3797, -0.1743,     1,  322.2,  1.3907,  1.9340
 2000,    12,  18, -1.0432, -0.3500,     1,  333.5,  1.1003,  1.2107
 2000,    12,  19, -0.7905, -0.7359,     1,  358.0,  1.0800,  1.1664
 2000,    12,  20, -0.4832, -0.7351,     2,   11.7,  0.8797,  0.7739
 2000,    12,  21, -0.2156, -0.6855,     2,   27.5,  0.7187,  0.5165
 2000,    12,  22,  0.1237, -0.6456,     3,   55.8,  0.6573,  0.4321
 2000,    12,  23,  0.2768, -0.4753,     3,   75.2,  0.5501,  0.3026
 2000,    12,  24,  0.4454, -0.3725,     4,   95.1,  0.5806,  0.3371
 2000,    12,  25,  0.5198, -0.4659,     4,   93.1,  0.6981,  0.4873
 2000,    12,  26,  0.3733, -0.6598,     3,   74.5,  0.7581,  0.5747
 2000,    12,  27,  0.0643, -0.8723,     3,   49.2,  0.8747,  0.7651
 2000,    12,  28, -0.0175, -1.0037,     2,   44.0,  1.0038,  1.0076
 2000,    12,  29,  0.1082, -0.7002,     3,   53.8,  0.7085,  0.5019
 2000,    12,  30, -0.0351, -0.5114,     2,   41.1,  0.5126,  0.2627
 2000,    12,  31, -0.1799, -0.6583,     2,   29.7,  0.6824,  0.4656
 2001,     1,   1, -0.3238, -0.9750,     2,   26.6,  1.0274,  1.0554
 2001,     1,   2, -0.3288, -0.8891,     2,   24.7,  0.9479,  0.8986
 2001,     1,   3, -0.1732, -0.8759,     2,   33.8,  0.8928,  0.7971
 2001,     1,   4, -0.1583, -1.1479,     2,   37.1,  1.1588,  1.3428
 2001,     1,   5, -0.0693, -1.2607,     2,   41.9,  1.2626,  1.5942
 2001,     1,   6, -0.1290, -1.4117,     2,   39.8,  1.4175,  2.0094
 2001,     1,   7,  0.0735, -1.6386,     3,   47.6,  1.6403,  2.6905
 2001,     1,   8,  0.2667, -1.8863,     3,   53.0,  1.9050,  3.6291
 2001,     1,   9,  0.6637, -1.9523,     3,   63.8,  2.0621,  4.2522
 2001,     1,  10,  0.9273, -1.8184,     3,   72.0,  2.0412,  4.1667
 2001,     1,  11,  1.2731, -1.5062,     3,   85.2,  1.9721,  3.8892
 2001,     1,  12,  1.3078, -1.2256,     4,   91.9,  1.7924,  3.2125
 2001,     1,  13,  1.1459, -1.1424,     4,   90.1,  1.6181,  2.6182
 2001,     1,  14,  1.3143, -1.3107,     4,   90.1,  1.8562,  3.4453
 2001,     1,  15,  0.9271, -1.6482,     3,   74.4,  1.8911,  3.5762
 2001,     1,  16,  0.3437, -1.8679,     3,   55.4,  1.8993,  3.6073
 2001,     1,  17, -0.2280, -1.8175,     2,   37.8,  1.8317,  3.3552
 2001,     1,  18, -0.2212, -1.9375,     2,   38.5,  1.9501,  3.8029
 2001,     1,  19, -0.3448, -2.2468,     2,   36.3,  2.2731,  5.1669
 2001,     1,  20, -0.4008, -2.5341,     2,   36.0,  2.5656,  6.5825
 2001,     1,  21,  0.1527, -2.7950,     3,   48.1,  2.7992,  7.8353
 2001,     1,  22,  0.6509, -2.8251,     3,   58.0,  2.8991,  8.4046
 2001,     1,  23,  0.9025, -2.7054,     3,   63.4,  2.8520,  8.1340
 2001,     1,  24,  1.0144, -2.4517,     3,   67.5,  2.6532,  7.0396
 2001,     1,  25,  1.3503, -2.0317,     3,   78.6,  2.4395,  5.9509
 2001,     1,  26,  1.5229, -2.2083,     3,   79.6,  2.6825,  7.1959
 2001,     1,  27,  1.5165, -2.3287,     3,   78.1,  2.7789,  7.7226
 2001,     1,  28,  1.5743, -2.3600,     3,   78.7,  2.8369,  8.0482
 2001,     1,  29,  1.5339, -2.3064,     3,   78.6,  2.7699,  7.6726
 2001,     1,  30,  1.3222, -2.0646,     3,   77.6,  2.4517,  6.0108
 2001,     1,  31,  1.2444, -1.9172,     3,   78.0,  2.2857,  5.2242
 2001,     2,   1,  1.5557, -1.7624,     3,   86.4,  2.3508,  5.5262
 2001,     2,   2,  1.7004, -1.7280,     3,   89.5,  2.4243,  5.8773
 2001,     2,   3,  2.0178, -1.6883,     4,   95.1,  2.6309,  6.9218
 2001,     2,   4,  2.1403, -1.5072,     4,   99.8,  2.6177,  6.8524
 2001,     2,   5,  2.3250, -1.1298,     4,  109.1,  2.5850,  6.6822
 2001,     2,   6,  2.2807, -0.7575,     4,  116.6,  2.4032,  5.7752
 2001,     2,   7,  2.1139, -0.4989,     4,  121.7,  2.1720,  4.7175
 2001,     2,   8,  2.0628,  0.0195,     5,  135.5,  2.0629,  4.2554
 2001,     2,   9,  2.2265,  0.5411,     5,  148.7,  2.2913,  5.2503
 2001,     2,  10,  2.2857,  0.8090,     5,  154.5,  2.4247,  5.8789
 2001,     2,  11,  2.0465,  1.0930,     5,  163.1,  2.3201,  5.3829
 2001,     2,  12,  1.5963,  1.5043,     5,  178.3,  2.1934,  4.8110
 2001,     2,  13,  1.5503,  1.8451,     6,  185.0,  2.4099,  5.8079
 2001,     2,  14,  1.1074,  2.0099,     6,  196.1,  2.2948,  5.2660
 2001,     2,  15,  0.7012,  2.0014,     6,  205.7,  2.1206,  4.4971
 2001,     2,  16,  0.1628,  2.0484,     6,  220.5,  2.0549,  4.2224
 2001,     2,  17, -0.0009,  2.0280,     7,  225.0,  2.0280,  4.1129
 2001,     2,  18,  0.2028,  2.2854,     6,  219.9,  2.2944,  5.2643
 2001,     2,  19,  0.4083,  2.1718,     6,  214.4,  2.2098,  4.8833
 2001,     2,  20,  0.5574,  1.9357,     6,  208.9,  2.0144,  4.0578
 2001,     2,  21,  0.5184,  2.0711,     6,  210.9,  2.1350,  4.5582
 2001,     2,  22,  0.1943,  2.2284,     6,  220.0,  2.2369,  5.0036
 2001,     2,  23, -0.0244,  2.4007,     7,  225.6,  2.4008,  5.7640
 2001,     2,  24, -0.3359,  2.3717,     7,  233.1,  2.3954,  5.7378
 2001,     2,  25, -0.7856,  2.2826,     7,  244.0,  2.4140,  5.8274
 2001,     2,  26, -1.2677,  2.1416,     7,  255.6,  2.4886,  6.1933
 2001,     2,  27, -1.5401,  1.9668,     7,  263.1,  2.4980,  6.2401
 2001,     2,  28, -1.7560,  1.6021,     8,  272.6,  2.3771,  5.6504
 2001,     3,   1, -1.6697,  1.0529,     8,  282.8,  1.9740,  3.8966
 2001,     3,   2, -1.6774,  0.6710,     8,  293.2,  1.8067,  3.2640
 2001,     3,   3, -1.4890,  0.4239,     8,  299.1,  1.5482,  2.3970
 2001,     3,   4, -1.1773,  0.2692,     8,  302.1,  1.2077,  1.4586
 2001,     3,   5, -0.5681,  0.2654,     8,  290.0,  0.6271,  0.3932
 2001,     3,   6, -0.3057,  0.4660,     7,  258.3,  0.5573,  0.3106
 2001,     3,   7, -0.0705,  0.3422,     7,  236.6,  0.3493,  0.1220
 2001,     3,   8,  0.1657, -0.0183,     4,  128.7,  0.1667,  0.0278
 2001,     3,   9,  0.1951, -0.5244,     3,   65.4,  0.5595,  0.3131
 2001,     3,  10,  0.2233, -0.7731,     3,   61.1,  0.8047,  0.6476
 2001,     3,  11,  0.3578, -0.5457,     3,   78.2,  0.6525,  0.4258
 2001,     3,  12,  0.4151, -0.1887,     4,  110.6,  0.4560,  0.2079
 2001,     3,  13,  0.2544, -0.0510,     4,  123.7,  0.2594,  0.0673
 2001,     3,  14, -0.1171,  0.1081,     8,  272.3,  0.1593,  0.0254
 2001,     3,  15, -0.3097,  0.1045,     8,  296.4,  0.3269,  0.1068
 2001,     3,  16, -0.3108,  0.0925,     8,  298.4,  0.3243,  0.1051
 2001,     3,  17, -0.2980,  0.2033,     8,  280.7,  0.3607,  0.1301
 2001,     3,  18, -0.4433,  0.0317,     8,  310.9,  0.4444,  0.1975
 2001,     3,  19, -0.6299, -0.0785,     1,  322.1,  0.6348,  0.4030
 2001,     3,  20, -0.5360, -0.0353,     1,  318.8,  0.5371,  0.2885
 2001,     3,  21, -0.2702,  0.1312,     8,  289.1,  0.3004,  0.0902
 2001,     3,  22, -0.1349,  0.0816,     8,  283.8,  0.1576,  0.0249
 2001,     3,  23,  0.0046,  0.0757,     6,  221.6,  0.0758,  0.0057
 2001,     3,  24, -0.0794,  0.0967,     7,  264.4,  0.1251,  0.0157
 2001,     3,  25, -0.0738,  0.1661,     7,  248.9,  0.1818,  0.0330
 2001,     3,  26, -0.1656,  0.0456,     8,  299.6,  0.1718,  0.0295
 2001,     3,  27, -0.3020, -0.3142,     2,    1.1,  0.4358,  0.1899
 2001,     3,  28, -0.2862, -0.4163,     2,   10.5,  0.5052,  0.2552
 2001,     3,  29, -0.1810, -0.5243,     2,   26.0,  0.5547,  0.3077
 2001,     3,  30, -0.2332, -0.6892,     2,   26.3,  0.7276,  0.5294
 2001,     3,  31, -0.3932, -0.8097,     2,   19.1,  0.9002,  0.8103
 2001,     4,   1, -0.6436, -0.7313,     2,    3.7,  0.9742,  0.9490
 2001,     4,   2, -0.5420, -0.7381,     2,    8.7,  0.9157,  0.8385
 2001,     4,   3, -0.2817, -0.5792,     2,   19.1,  0.6440,  0.4148
 2001,     4,   4,  0.0219, -0.4780,     3,   47.6,  0.4785,  0.2290
 2001,     4,   5,  0.2292, -0.5282,     3,   68.5,  0.5758,  0.3316
 2001,     4,   6,  0.1768, -0.3761,     3,   70.2,  0.4155,  0.1727
 2001,     4,   7,  0.3705, -0.2870,     4,   97.2,  0.4687,  0.2197
 2001,     4,   8,  0.6701, -0.3067,     4,  110.4,  0.7370,  0.5432
 2001,     4,   9,  0.6658, -0.2828,     4,  112.0,  0.7234,  0.5233
 2001,     4,  10,  0.3392, -0.2529,     4,   98.3,  0.4231,  0.1790
 2001,     4,  11,  0.0848, -0.0104,     4,  128.0,  0.0855,  0.0073
 2001,     4,  12, -0.1839, -0.1780,     1,  359.1,  0.2560,  0.0655
 2001,     4,  13, -0.4774, -0.3074,     1,  347.8,  0.5678,  0.3224
 2001,     4,  14, -0.9003, -0.0901,     1,  320.7,  0.9048,  0.8187
 2001,     4,  15, -1.1427,  0.0512,     8,  312.4,  1.1439,  1.3085
 2001,     4,  16, -1.1063,  0.1032,     8,  309.7,  1.1111,  1.2345
 2001,     4,  17, -0.8086,  0.1629,     8,  303.6,  0.8248,  0.6804
 2001,     4,  18, -0.6163,  0.3315,     8,  286.7,  0.6998,  0.4897
 2001,     4,  19, -0.2636,  0.2401,     8,  272.7,  0.3565,  0.1271
 2001,     4,  20, -0.2655,  0.0850,     8,  297.2,  0.2787,  0.0777
 2001,     4,  21,  0.0509, -0.0735,     3,   79.7,  0.0894,  0.0080
 2001,     4,  22,  0.3275, -0.2328,     4,   99.6,  0.4018,  0.1614
 2001,     4,  23,  0.5107, -0.4839,     4,   91.5,  0.7035,  0.4949
 2001,     4,  24,  0.5730, -0.5566,     4,   90.8,  0.7988,  0.6381
 2001,     4,  25,  0.6226, -0.4388,     4,   99.8,  0.7616,  0.5801
 2001,     4,  26,  0.8094, -0.3627,     4,  110.9,  0.8869,  0.7867
 2001,     4,  27,  0.7679, -0.1443,     4,  124.4,  0.7813,  0.6105
 2001,     4,  28,  0.9284, -0.1088,     4,  128.3,  0.9347,  0.8737
 2001,     4,  29,  0.8011, -0.0758,     4,  129.6,  0.8047,  0.6475
 2001,     4,  30,  0.7494,  0.2741,     5,  155.1,  0.7980,  0.6368
 2001,     5,   1,  0.3127,  0.6156,     6,  198.1,  0.6905,  0.4768
 2001,     5,   2,  0.2222,  0.8494,     6,  210.3,  0.8780,  0.7709
 2001,     5,   3, -0.0660,  0.8619,     7,  229.4,  0.8645,  0.7473
 2001,     5,   4, -0.2449,  0.9164,     7,  240.0,  0.9486,  0.8999
 2001,     5,   5, -0.3473,  0.9955,     7,  244.2,  1.0543,  1.1116
 2001,     5,   6, -0.3921,  0.9891,     7,  246.6,  1.0640,  1.1321
 2001,     5,   7, -0.3546,  0.8676,     7,  247.2,  0.9373,  0.8785
 2001,     5,   8, -0.1566,  1.1059,     7,  233.1,  1.1169,  1.2475
 2001,     5,   9,  0.0034,  1.4403,     6,  224.9,  1.4403,  2.0744
 2001,     5,  10,  0.0893,  1.7759,     6,  222.1,  1.7781,  3.1616
 2001,     5,  11,  0.1593,  1.8954,     6,  220.2,  1.9021,  3.6181
 2001,     5,  12,  0.1531,  1.9204,     6,  220.4,  1.9265,  3.7114
 2001,     5,  13, -0.0999,  1.8999,     7,  228.0,  1.9025,  3.6194
 2001,     5,  14, -0.4306,  1.7043,     7,  239.2,  1.7578,  3.0900
 2001,     5,  15, -0.7670,  1.3731,     7,  254.2,  1.5728,  2.4737
 2001,     5,  16, -0.9940,  1.0564,     7,  268.3,  1.4505,  2.1040
 2001,     5,  17, -1.3210,  0.9638,     8,  278.9,  1.6352,  2.6739
 2001,     5,  18, -1.7510,  0.9425,     8,  286.7,  1.9885,  3.9543
 2001,     5,  19, -2.0812,  1.0372,     8,  288.5,  2.3253,  5.4071
 2001,     5,  20, -2.0284,  0.9173,     8,  290.7,  2.2262,  4.9559
 2001,     5,  21, -2.1002,  0.8205,     8,  293.7,  2.2548,  5.0840
 2001,     5,  22, -2.0898,  0.6204,     8,  298.5,  2.1799,  4.7522
 2001,     5,  23, -1.9177,  0.4541,     8,  301.7,  1.9707,  3.8836
 2001,     5,  24, -1.4938, -0.0548,     1,  317.1,  1.4948,  2.2344
 2001,     5,  25, -1.1736, -0.6769,     1,  345.0,  1.3548,  1.8356
 2001,     5,  26, -1.0756, -0.9474,     1,  356.4,  1.4333,  2.0545
 2001,     5,  27, -1.0390, -0.9431,     1,  357.2,  1.4032,  1.9689
 2001,     5,  28, -0.9824, -0.9275,     1,  358.4,  1.3510,  1.8252
 2001,     5,  29, -1.0282, -0.9740,     1,  358.4,  1.4162,  2.0057
 2001,     5,  30, -1.0519, -1.0305,     1,  359.4,  1.4726,  2.1685
 2001,     5,  31, -0.8868, -1.2220,     2,    9.0,  1.5099,  2.2798
 2001,     6,   1, -0.7140, -1.6835,     2,   22.0,  1.8286,  3.3438
 2001,     6,   2, -0.6792, -1.7509,     2,   23.8,  1.8780,  3.5268
 2001,     6,   3, -0.4715, -1.4911,     2,   27.5,  1.5638,  2.4456
 2001,     6,   4,  0.1550, -1.1869,     3,   52.4,  1.1970,  1.4328
 2001,     6,   5,  0.3739, -0.9413,     3,   66.7,  1.0128,  1.0258
 2001,     6,   6,  0.2086, -0.8330,     3,   59.1,  0.8587,  0.7373
 2001,     6,   7,  0.2385, -0.7419,     3,   62.8,  0.7793,  0.6073
 2001,     6,   8,  0.4860, -0.6619,     3,   81.3,  0.8212,  0.6744
 2001,     6,   9,  0.6928, -0.6207,     4,   93.1,  0.9302,  0.8652
 2001,     6,  10,  0.8026, -0.7018,     4,   93.8,  1.0662,  1.1367
 2001,     6,  11,  0.7054, -0.5944,     4,   94.9,  0.9225,  0.8510
 2001,     6,  12,  0.3879, -0.2288,     4,  104.5,  0.4504,  0.2028
 2001,     6,  13,  0.4273,  0.1146,     5,  150.0,  0.4424,  0.1957
 2001,     6,  14,  0.6513,  0.3557,     5,  163.6,  0.7421,  0.5507
 2001,     6,  15,  0.7281,  0.4316,     5,  165.7,  0.8464,  0.7164
 2001,     6,  16,  0.4933,  0.3389,     5,  169.5,  0.5984,  0.3581
 2001,     6,  17,  0.3773,  0.4902,     6,  187.4,  0.6186,  0.3827
 2001,     6,  18,  0.1800,  0.3032,     6,  194.3,  0.3526,  0.1243
 2001,     6,  19,  0.2504,  0.1291,     5,  162.3,  0.2817,  0.0794
 2001,     6,  20,  0.4387, -0.0182,     4,  132.6,  0.4391,  0.1928
 2001,     6,  21,  0.7405,  0.0797,     5,  141.1,  0.7448,  0.5547
 2001,     6,  22,  0.8756,  0.0098,     5,  135.6,  0.8757,  0.7668
 2001,     6,  23,  0.6783,  0.1545,     5,  147.8,  0.6957,  0.4840
 2001,     6,  24,  0.7205,  0.4830,     5,  168.8,  0.8674,  0.7524
 2001,     6,  25,  0.7197,  0.8053,     6,  183.2,  1.0800,  1.1665
 2001,     6,  26,  0.8376,  0.9815,     6,  184.5,  1.2903,  1.6650
 2001,     6,  27,  0.9210,  1.3547,     6,  190.8,  1.6381,  2.6835
 2001,     6,  28,  0.9145,  1.4659,     6,  193.0,  1.7278,  2.9852
 2001,     6,  29,  0.6256,  1.5156,     6,  202.6,  1.6396,  2.6884
 2001,     6,  30,  0.3337,  1.7248,     6,  214.0,  1.7568,  3.0863
 2001,     7,   1,  0.4533,  1.8140,     6,  211.0,  1.8698,  3.4962
 2001,     7,   2,  0.5048,  2.0549,     6,  211.2,  2.1160,  4.4775
 2001,     7,   3,  0.2334,  2.1482,     6,  218.8,  2.1609,  4.6693
 2001,     7,   4, -0.2224,  1.9450,     7,  231.5,  1.9576,  3.8324
 2001,     7,   5, -0.5439,  1.7079,     7,  242.7,  1.7925,  3.2129
 2001,     7,   6, -0.8609,  1.4783,     7,  255.2,  1.7106,  2.9263
 2001,     7,   7, -0.7882,  1.3721,     7,  254.9,  1.5824,  2.5040
 2001,     7,   8, -0.6400,  1.1800,     7,  253.5,  1.3425,  1.8022
 2001,     7,   9, -0.7899,  1.1332,     7,  259.9,  1.3813,  1.9079
 2001,     7,  10, -1.0239,  1.2299,     7,  264.8,  1.6003,  2.5609
 2001,     7,  11, -1.1420,  0.9515,     8,  275.2,  1.4864,  2.2095
 2001,     7,  12, -1.3827,  0.7097,     8,  287.8,  1.5542,  2.4156
 2001,     7,  13, -1.4936,  0.6670,     8,  290.9,  1.6358,  2.6758
 2001,     7,  14, -1.6694,  0.3932,     8,  301.7,  1.7151,  2.9415
 2001,     7,  15, -1.6967,  0.2700,     8,  306.0,  1.7180,  2.9515
 2001,     7,  16, -1.6814, -0.0785,     1,  317.7,  1.6832,  2.8332
 2001,     7,  17, -1.5740, -0.1598,     1,  320.8,  1.5821,  2.5029
 2001,     7,  18, -1.5020, -0.1758,     1,  321.7,  1.5123,  2.2869
 2001,     7,  19, -1.3211, -0.1653,     1,  322.1,  1.3314,  1.7726
 2001,     7,  20, -1.2047, -0.3671,     1,  331.9,  1.2594,  1.5861
 2001,     7,  21, -1.0658, -0.7036,     1,  348.4,  1.2771,  1.6311
 2001,     7,  22, -1.0528, -0.8545,     1,  354.1,  1.3560,  1.8386
 2001,     7,  23, -1.1112, -0.9999,     1,  357.0,  1.4949,  2.2347
 2001,     7,  24, -0.8319, -1.1620,     2,    9.4,  1.4291,  2.0424
 2001,     7,  25, -0.7930, -1.3432,     2,   14.4,  1.5598,  2.4330
 2001,     7,  26, -0.6228, -1.1636,     2,   16.8,  1.3198,  1.7420
 2001,     7,  27, -0.2404, -0.9666,     2,   31.0,  0.9960,  0.9921
 2001,     7,  28, -0.0480, -0.9018,     2,   42.0,  0.9031,  0.8156
 2001,     7,  29,  0.0634, -0.5987,     3,   51.0,  0.6021,  0.3625
 2001,     7,  30, -0.0536, -0.4402,     2,   38.1,  0.4434,  0.1966
 2001,     7,  31, -0.0438, -0.1763,     2,   31.0,  0.1816,  0.0330
 2001,     8,   1,  0.0979,  0.0234,     5,  148.5,  0.1007,  0.0101
 2001,     8,   2,  0.7226, -0.2763,     4,  114.1,  0.7736,  0.5984
 2001,     8,   3,  0.9816, -0.6289,     4,  102.4,  1.1658,  1.3591
 2001,     8,   4,  0.9593, -0.5963,     4,  103.1,  1.1295,  1.2758
 2001,     8,   5,  0.8861, -0.4644,     4,  107.3,  1.0005,  1.0009
 2001,     8,   6,  1.1028, -0.1146,     4,  129.1,  1.1087,  1.2293
 2001,     8,   7,  1.1238,  0.2011,     5,  145.1,  1.1417,  1.3034
 2001,     8,   8,  0.9874,  0.3270,     5,  153.3,  1.0401,  1.0819
 2001,     8,   9,  0.9575,  0.5068,     5,  162.9,  1.0834,  1.1737
 2001,     8,  10,  1.0405,  0.5980,     5,  164.9,  1.2001,  1.4402
 2001,     8,  11,  1.1920,  0.8228,     5,  169.6,  1.4484,  2.0980
 2001,     8,  12,  1.3043,  1.0828,     5,  174.7,  1.6952,  2.8737
 2001,     8,  13,  1.4290,  1.3663,     5,  178.7,  1.9771,  3.9087
 2001,     8,  14,  1.2819,  1.6185,     6,  186.6,  2.0646,  4.2627
 2001,     8,  15,  1.0113,  1.9899,     6,  198.1,  2.2321,  4.9823
 2001,     8,  16,  0.8536,  2.2008,     6,  203.8,  2.3606,  5.5723
 2001,     8,  17,  0.6172,  2.1105,     6,  208.7,  2.1989,  4.8353
 2001,     8,  18,  0.2533,  2.1705,     6,  218.3,  2.1852,  4.7753
 2001,     8,  19, -0.1075,  2.0241,     7,  228.0,  2.0269,  4.1084
 2001,     8,  20, -0.6779,  1.7195,     7,  246.5,  1.8483,  3.4161
 2001,     8,  21, -1.2040,  1.6480,     7,  261.1,  2.0410,  4.1655
 2001,     8,  22, -1.3003,  1.3508,     7,  268.9,  1.8750,  3.5155
 2001,     8,  23, -1.2929,  1.1284,     8,  273.9,  1.7160,  2.9447
 2001,     8,  24, -1.3049,  0.8000,     8,  283.5,  1.5306,  2.3428
 2001,     8,  25, -1.3275,  0.8149,     8,  283.5,  1.5577,  2.4265
 2001,     8,  26, -0.9252,  0.7903,     8,  274.5,  1.2168,  1.4806
 2001,     8,  27, -0.6566,  0.7114,     7,  267.7,  0.9681,  0.9372
 2001,     8,  28, -0.5538,  0.8369,     7,  258.5,  1.0035,  1.0070
 2001,     8,  29, -0.5292,  0.7162,     7,  261.5,  0.8905,  0.7930
 2001,     8,  30, -0.4745,  0.6031,     7,  263.2,  0.7674,  0.5889
 2001,     8,  31, -0.2936,  0.4270,     7,  259.5,  0.5182,  0.2685
 2001,     9,   1, -0.3378,  0.6340,     7,  253.1,  0.7184,  0.5160
 2001,     9,   2, -0.5048,  0.5912,     7,  265.5,  0.7774,  0.6043
 2001,     9,   3, -0.8519,  0.4440,     8,  287.5,  0.9606,  0.9228
 2001,     9,   4, -1.0806,  0.3351,     8,  297.8,  1.1314,  1.2800
 2001,     9,   5, -1.2821,  0.1110,     8,  310.1,  1.2869,  1.6562
 2001,     9,   6, -1.5627, -0.1016,     1,  318.7,  1.5660,  2.4525
 2001,     9,   7, -1.6005, -0.0972,     1,  318.5,  1.6035,  2.5711
 2001,     9,   8, -1.5788, -0.1827,     1,  321.6,  1.5893,  2.5259
 2001,     9,   9, -1.2619, -0.1681,     1,  322.6,  1.2730,  1.6206
 2001,     9,  10, -1.0248, -0.5017,     1,  341.1,  1.1411,  1.3020
 2001,     9,  11, -1.0792, -0.6922,     1,  347.7,  1.2821,  1.6439
 2001,     9,  12, -1.2231, -0.8408,     1,  349.5,  1.4842,  2.2030
 2001,     9,  13, -1.1194, -0.9497,     1,  355.3,  1.4680,  2.1550
 2001,     9,  14, -1.1505, -1.0131,     1,  356.4,  1.5329,  2.3499
 2001,     9,  15, -1.2276, -1.0168,     1,  354.6,  1.5940,  2.5409
 2001,     9,  16, -1.2031, -1.0545,     1,  356.2,  1.5998,  2.5594
 2001,     9,  17, -0.9467, -1.1993,     2,    6.7,  1.5279,  2.3345
 2001,     9,  18, -0.8256, -1.1785,     2,   10.0,  1.4389,  2.0705
 2001,     9,  19, -0.4977, -1.0074,     2,   18.7,  1.1236,  1.2625
 2001,     9,  20, -0.3005, -0.9381,     2,   27.2,  0.9851,  0.9704
 2001,     9,  21, -0.3337, -0.9034,     2,   24.7,  0.9631,  0.9275
 2001,     9,  22, -0.4491, -0.8754,     2,   17.8,  0.9839,  0.9680
 2001,     9,  23, -0.4547, -0.9721,     2,   19.9,  1.0732,  1.1517
 2001,     9,  24, -0.4578, -0.9663,     2,   19.6,  1.0692,  1.1432
 2001,     9,  25, -0.3615, -1.0498,     2,   26.0,  1.1103,  1.2328
 2001,     9,  26, -0.2126, -1.4019,     2,   36.4,  1.4179,  2.0105
 2001,     9,  27, -0.0512, -1.6888,     2,   43.3,  1.6896,  2.8547
 2001,     9,  28, -0.0098, -1.8568,     2,   44.7,  1.8568,  3.4477
 2001,     9,  29,  0.3516, -1.8130,     3,   56.0,  1.8468,  3.4106
 2001,     9,  30,  0.6198, -1.3605,     3,   69.5,  1.4950,  2.2350
 2001,    10,   1,  0.8003, -1.0722,     3,   81.7,  1.3379,  1.7901
 2001,    10,   2,  0.8681, -0.6903,     4,   96.5,  1.1091,  1.2301
 2001,    10,   3,  1.1153, -0.3553,     4,  117.3,  1.1706,  1.3702
 2001,    10,   4,  1.2041, -0.1674,     4,  127.1,  1.2157,  1.4779
 2001,    10,   5,  1.4749, -0.0656,     4,  132.5,  1.4764,  2.1797
 2001,    10,   6,  1.5577,  0.2977,     5,  145.8,  1.5859,  2.5150
 2001,    10,   7,  1.4383,  0.8641,     5,  166.0,  1.6779,  2.8155
 2001,    10,   8,  1.3159,  1.3346,     6,  180.4,  1.8742,  3.5127
 2001,    10,   9,  0.8974,  1.2063,     6,  188.4,  1.5035,  2.2605
 2001,    10,  10,  0.4314,  1.2061,     6,  205.3,  1.2809,  1.6407
 2001,    10,  11, -0.0391,  1.3497,     7,  226.7,  1.3503,  1.8232
 2001,    10,  12, -0.3611,  1.2932,     7,  240.6,  1.3427,  1.8028
 2001,    10,  13, -0.6217,  1.4225,     7,  248.6,  1.5525,  2.4101
 2001,    10,  14, -0.6794,  1.3289,     7,  252.1,  1.4925,  2.2276
 2001,    10,  15, -0.6351,  1.0775,     7,  255.5,  1.2507,  1.5643
 2001,    10,  16, -0.5493,  0.7868,     7,  259.9,  0.9596,  0.9208
 2001,    10,  17, -0.3383,  0.7566,     7,  249.1,  0.8288,  0.6869
 2001,    10,  18, -0.3179,  0.7651,     7,  247.6,  0.8285,  0.6864
 2001,    10,  19, -0.6350,  0.7419,     7,  265.6,  0.9765,  0.9536
 2001,    10,  20, -0.8208,  0.6495,     8,  276.6,  1.0467,  1.0955
 2001,    10,  21, -0.9260,  0.4402,     8,  289.6,  1.0253,  1.0512
 2001,    10,  22, -1.1219,  0.4281,     8,  294.1,  1.2008,  1.4419
 2001,    10,  23, -1.2527,  0.3316,     8,  300.2,  1.2959,  1.6793
 2001,    10,  24, -1.3567,  0.5072,     8,  294.5,  1.4484,  2.0979
 2001,    10,  25, -1.2945,  0.5510,     8,  291.9,  1.4069,  1.9793
 2001,    10,  26, -1.2889,  0.1801,     8,  307.0,  1.3014,  1.6937
 2001,    10,  27, -1.0218, -0.4428,     1,  338.4,  1.1136,  1.2401
 2001,    10,  28, -0.7359, -1.2083,     2,   13.7,  1.4147,  2.0014
 2001,    10,  29, -0.5612, -1.6993,     2,   26.7,  1.7895,  3.2025
 2001,    10,  30, -0.3456, -1.7977,     2,   34.1,  1.8306,  3.3512
 2001,    10,  31,  0.0283, -1.8315,     3,   45.9,  1.8317,  3.3552
 2001,    11,   1,  0.3554, -1.7512,     3,   56.5,  1.7869,  3.1931
 2001,    11,   2,  0.3779, -1.2858,     3,   61.4,  1.3402,  1.7962
 2001,    11,   3,  0.4324, -0.8229,     3,   72.7,  0.9295,  0.8641
 2001,    11,   4,  0.4873, -0.6938,     3,   80.1,  0.8478,  0.7188
 2001,    11,   5,  0.4748, -0.6834,     3,   79.8,  0.8321,  0.6924
 2001,    11,   6,  0.4663, -0.5290,     3,   86.4,  0.7052,  0.4973
 2001,    11,   7,  0.5909, -0.4359,     4,   98.6,  0.7343,  0.5391
 2001,    11,   8,  0.8205, -0.3408,     4,  112.4,  0.8884,  0.7893
 2001,    11,   9,  0.9090, -0.1566,     4,  125.2,  0.9224,  0.8509
 2001,    11,  10,  1.0756,  0.0355,     5,  136.9,  1.0762,  1.1583
 2001,    11,  11,  0.8113,  0.1992,     5,  148.8,  0.8353,  0.6978
 2001,    11,  12,  0.5166,  0.1195,     5,  148.0,  0.5302,  0.2812
 2001,    11,  13,  0.4984, -0.1902,     4,  114.1,  0.5334,  0.2845
 2001,    11,  14,  0.4199, -0.5224,     3,   83.8,  0.6703,  0.4493
 2001,    11,  15,  0.5606, -0.6316,     3,   86.6,  0.8445,  0.7132
 2001,    11,  16,  0.7854, -0.4644,     4,  104.4,  0.9124,  0.8325
 2001,    11,  17,  0.8195, -0.1952,     4,  121.6,  0.8424,  0.7096
 2001,    11,  18,  0.9647, -0.0821,     4,  130.1,  0.9682,  0.9373
 2001,    11,  19,  0.9987, -0.1505,     4,  126.4,  1.0100,  1.0201
 2001,    11,  20,  0.9117,  0.0698,     5,  139.4,  0.9144,  0.8360
 2001,    11,  21,  0.8958,  0.5303,     5,  165.6,  1.0410,  1.0838
 2001,    11,  22,  0.6432,  0.8365,     6,  187.4,  1.0552,  1.1135
 2001,    11,  23,  0.3130,  1.0696,     6,  208.7,  1.1145,  1.2420
 2001,    11,  24, -0.1100,  0.9777,     7,  231.4,  0.9838,  0.9679
 2001,    11,  25, -0.4220,  0.9061,     7,  250.0,  0.9995,  0.9991
 2001,    11,  26, -0.7800,  0.9156,     7,  265.4,  1.2028,  1.4468
 2001,    11,  27, -0.9302,  0.8514,     8,  272.5,  1.2610,  1.5902
 2001,    11,  28, -0.6599,  0.5360,     8,  275.9,  0.8501,  0.7227
 2001,    11,  29, -0.2847,  0.4457,     7,  257.6,  0.5289,  0.2797
 2001,    11,  30, -0.1543,  0.2829,     7,  253.6,  0.3222,  0.1038
 2001,    12,   1,  0.1593,  0.2738,     6,  194.8,  0.3168,  0.1004
 2001,    12,   2,  0.3438,  0.4033,     6,  184.6,  0.5300,  0.2809
 2001,    12,   3,  0.5393,  0.5445,     6,  180.3,  0.7664,  0.5873
 2001,    12,   4,  0.8308,  0.7545,     5,  177.2,  1.1223,  1.2596
 2001,    12,   5,  1.0053,  1.0454,     6,  181.1,  1.4503,  2.1034
 2001,    12,   6,  1.0109,  1.2254,     6,  185.5,  1.5886,  2.5235
 2001,    12,   7,  0.8498,  1.3120,     6,  192.1,  1.5632,  2.4437
 2001,    12,   8,  0.6174,  1.3541,     6,  200.5,  1.4882,  2.2146
 2001,    12,   9,  0.2994,  1.6962,     6,  215.0,  1.7224,  2.9667
 2001,    12,  10,  0.2198,  1.9451,     6,  218.6,  1.9575,  3.8316
 2001,    12,  11, -0.3726,  2.1238,     7,  235.0,  2.1562,  4.6492
 2001,    12,  12, -0.8270,  1.8110,     7,  249.5,  1.9910,  3.9639
 2001,    12,  13, -1.2142,  1.5641,     7,  262.8,  1.9801,  3.9207
 2001,    12,  14, -1.3260,  1.2852,     8,  270.9,  1.8466,  3.4100
 2001,    12,  15, -1.0761,  1.2441,     7,  265.9,  1.6449,  2.7058
 2001,    12,  16, -1.3499,  1.1527,     8,  274.5,  1.7750,  3.1508
 2001,    12,  17, -1.4649,  1.1557,     8,  276.7,  1.8659,  3.4815
 2001,    12,  18, -1.6201,  1.1587,     8,  279.4,  1.9919,  3.9675
 2001,    12,  19, -1.9008,  1.0184,     8,  286.8,  2.1565,  4.6504
 2001,    12,  20, -1.8781,  0.7528,     8,  293.2,  2.0233,  4.0938
 2001,    12,  21, -1.8968,  0.5678,     8,  298.3,  1.9800,  3.9204
 2001,    12,  22, -1.9613,  0.4551,     8,  301.9,  2.0134,  4.0539
 2001,    12,  23, -1.8635,  0.5387,     8,  298.9,  1.9398,  3.7629
 2001,    12,  24, -1.8075,  0.6004,     8,  296.6,  1.9046,  3.6277
 2001,    12,  25, -1.9465,  0.6105,     8,  297.6,  2.0400,  4.1617
 2001,    12,  26, -2.0106,  0.7731,     8,  294.0,  2.1541,  4.6400
 2001,    12,  27, -2.1760,  1.0255,     8,  289.8,  2.4056,  5.7867
 2001,    12,  28, -2.1081,  0.9306,     8,  291.2,  2.3043,  5.3100
 2001,    12,  29, -1.8761,  0.7128,     8,  294.2,  2.0069,  4.0277
 2001,    12,  30, -1.5308,  0.5748,     8,  294.4,  1.6351,  2.6737
 2001,    12,  31, -1.3107,  0.5600,     8,  291.9,  1.4254,  2.0317
 2002,     1,   1, -1.1674,  0.7287,     8,  283.0,  1.3761,  1.8937
 2002,     1,   2, -1.2804,  0.6525,     8,  288.0,  1.4371,  2.0653
 2002,     1,   3, -1.3200,  0.3125,     8,  301.7,  1.3565,  1.8401
 2002,     1,   4, -1.2048,  0.2616,     8,  302.7,  1.2329,  1.5201
 2002,     1,   5, -1.1677, -0.1519,     1,  322.4,  1.1775,  1.3866
 2002,     1,   6, -1.3302, -0.2786,     1,  326.8,  1.3590,  1.8470
 2002,     1,   7, -1.4165, -0.3172,     1,  327.6,  1.4516,  2.1070
 2002,     1,   8, -1.5926, -0.4579,     1,  331.0,  1.6572,  2.7461
 2002,     1,   9, -1.6552, -0.7779,     1,  340.2,  1.8289,  3.3448
 2002,     1,  10, -1.4135, -0.7622,     1,  343.3,  1.6059,  2.5791
 2002,     1,  11, -1.1269, -0.7993,     1,  350.3,  1.3816,  1.9087
 2002,     1,  12, -0.7801, -1.3431,     2,   14.8,  1.5532,  2.4125
 2002,     1,  13, -0.7268, -1.7566,     2,   22.5,  1.9010,  3.6139
 2002,     1,  14, -0.8045, -2.0767,     2,   23.8,  2.2270,  4.9596
 2002,     1,  15, -0.6064, -2.1906,     2,   29.5,  2.2730,  5.1663
 2002,     1,  16, -0.3903, -2.1595,     2,   34.8,  2.1945,  4.8160
 2002,     1,  17,  0.0890, -2.1086,     3,   47.4,  2.1105,  4.4542
 2002,     1,  18,  0.3318, -2.2768,     3,   53.3,  2.3008,  5.2939
 2002,     1,  19,  0.3537, -2.5309,     3,   53.0,  2.5555,  6.5306
 2002,     1,  20,  0.4473, -2.6861,     3,   54.5,  2.7231,  7.4150
 2002,     1,  21,  0.6854, -2.6472,     3,   59.5,  2.7345,  7.4776
 2002,     1,  22,  1.0349, -2.6997,     3,   66.0,  2.8913,  8.3596
 2002,     1,  23,  1.0621, -2.5263,     3,   67.8,  2.7404,  7.5100
 2002,     1,  24,  1.3933, -2.2291,     3,   77.0,  2.6287,  6.9102
 2002,     1,  25,  1.6236, -1.7562,     3,   87.8,  2.3917,  5.7202
 2002,     1,  26,  1.7595, -0.9915,     4,  105.6,  2.0197,  4.0791
 2002,     1,  27,  1.6256, -0.4452,     4,  119.7,  1.6854,  2.8407
 2002,     1,  28,  1.3359, -0.1267,     4,  129.6,  1.3419,  1.8007
 2002,     1,  29,  0.8249, -0.1529,     4,  124.5,  0.8389,  0.7038
 2002,     1,  30,  0.2104,  0.2568,     6,  185.7,  0.3320,  0.1102
 2002,     1,  31,  0.0194,  0.6384,     6,  223.3,  0.6387,  0.4080
 2002,     2,   1,  0.2420,  0.6409,     6,  204.3,  0.6850,  0.4693
 2002,     2,   2,  0.2203,  0.5112,     6,  201.7,  0.5566,  0.3098
 2002,     2,   3,  0.2761,  0.0149,     5,  138.1,  0.2765,  0.0765
 2002,     2,   4,  0.5003, -0.1919,     4,  114.0,  0.5358,  0.2871
 2002,     2,   5,  0.8010, -0.4653,     4,  104.8,  0.9264,  0.8582
 2002,     2,   6,  1.0579, -0.4183,     4,  113.4,  1.1376,  1.2941
 2002,     2,   7,  0.9881, -0.0858,     4,  130.0,  0.9919,  0.9838
 2002,     2,   8,  0.9340,  0.3073,     5,  153.2,  0.9833,  0.9668
 2002,     2,   9,  0.9408,  0.5617,     5,  165.8,  1.0957,  1.2006
 2002,     2,  10,  0.8342,  0.5085,     5,  166.4,  0.9769,  0.9544
 2002,     2,  11,  0.4735,  0.4626,     5,  179.3,  0.6619,  0.4382
 2002,     2,  12,  0.1117,  0.3134,     6,  205.4,  0.3327,  0.1107
 2002,     2,  13, -0.2065,  0.0315,     8,  306.3,  0.2088,  0.0436
 2002,     2,  14, -0.3702,  0.0080,     8,  313.8,  0.3703,  0.1371
 2002,     2,  15,  0.0021, -0.0664,     3,   46.8,  0.0665,  0.0044
 2002,     2,  16,  0.5862, -0.0014,     4,  134.9,  0.5862,  0.3436
 2002,     2,  17,  1.0550,  0.3595,     5,  153.8,  1.1146,  1.2423
 2002,     2,  18,  1.1459,  0.5192,     5,  159.4,  1.2580,  1.5826
 2002,     2,  19,  1.2854,  0.6868,     5,  163.1,  1.4574,  2.1240
 2002,     2,  20,  0.9773,  0.7385,     5,  172.1,  1.2250,  1.5005
 2002,     2,  21,  0.6342,  0.8825,     6,  189.3,  1.0867,  1.1810
 2002,     2,  22, -0.0523,  1.3368,     7,  227.2,  1.3379,  1.7899
 2002,     2,  23, -0.4686,  1.6945,     7,  240.5,  1.7581,  3.0910
 2002,     2,  24, -0.7807,  1.3663,     7,  254.7,  1.5736,  2.4762
 2002,     2,  25, -1.0872,  1.1833,     7,  267.6,  1.6070,  2.5823
 2002,     2,  26, -1.2777,  1.1350,     8,  273.4,  1.7090,  2.9207
 2002,     2,  27, -1.2931,  0.6028,     8,  290.0,  1.4267,  2.0354
 2002,     2,  28, -1.0952,  0.3840,     8,  295.7,  1.1605,  1.3469
 2002,     3,   1, -0.5691,  0.2188,     8,  294.0,  0.6097,  0.3718
 2002,     3,   2, -0.4089,  0.2035,     8,  288.5,  0.4567,  0.2086
 2002,     3,   3, -0.3751,  0.1076,     8,  299.0,  0.3902,  0.1523
 2002,     3,   4, -0.0893,  0.0618,     8,  280.3,  0.1086,  0.0118
 2002,     3,   5,  0.4405,  0.0072,     5,  135.9,  0.4406,  0.1941
 2002,     3,   6,  0.8513, -0.0344,     4,  132.7,  0.8520,  0.7259
 2002,     3,   7,  0.8598, -0.0221,     4,  133.5,  0.8601,  0.7398
 2002,     3,   8,  0.3253, -0.1901,     4,  104.7,  0.3768,  0.1420
 2002,     3,   9, -0.2433, -0.1887,     1,  352.8,  0.3079,  0.0948
 2002,     3,  10, -0.3893, -0.2971,     1,  352.3,  0.4897,  0.2398
 2002,     3,  11, -0.2603, -0.7496,     2,   25.8,  0.7935,  0.6296
 2002,     3,  12, -0.1556, -1.0763,     2,   36.8,  1.0875,  1.1826
 2002,     3,  13, -0.0513, -1.2255,     2,   42.6,  1.2266,  1.5046
 2002,     3,  14, -0.1777, -1.3024,     2,   37.2,  1.3145,  1.7278
 2002,     3,  15, -0.2629, -1.4921,     2,   35.0,  1.5150,  2.2953
 2002,     3,  16, -0.1817, -1.7179,     2,   39.0,  1.7274,  2.9840
 2002,     3,  17, -0.3389, -1.8785,     2,   34.8,  1.9088,  3.6435
 2002,     3,  18, -0.4313, -2.0312,     2,   33.0,  2.0765,  4.3117
 2002,     3,  19, -0.3421, -2.1146,     2,   35.8,  2.1421,  4.5884
 2002,     3,  20,  0.0263, -1.9243,     3,   45.8,  1.9244,  3.7035
 2002,     3,  21,  0.4778, -1.7055,     3,   60.7,  1.7712,  3.1370
 2002,     3,  22,  0.8709, -1.5902,     3,   73.7,  1.8131,  3.2874
 2002,     3,  23,  1.1538, -1.4754,     3,   83.0,  1.8730,  3.5081
 2002,     3,  24,  1.1572, -1.4895,     3,   82.8,  1.8862,  3.5576
 2002,     3,  25,  1.0110, -1.5166,     3,   78.7,  1.8227,  3.3224
 2002,     3,  26,  0.8814, -1.4461,     3,   76.4,  1.6936,  2.8682
 2002,     3,  27,  1.1028, -1.2260,     3,   87.0,  1.6491,  2.7194
 2002,     3,  28,  1.3720, -1.0670,     4,   97.1,  1.7380,  3.0208
 2002,     3,  29,  1.6549, -0.7954,     4,  109.3,  1.8361,  3.3712
 2002,     3,  30,  1.7663, -0.3649,     4,  123.3,  1.8036,  3.2530
 2002,     3,  31,  1.2764, -0.2907,     4,  122.2,  1.3091,  1.7136
 2002,     4,   1,  0.7113, -0.1554,     4,  122.7,  0.7281,  0.5301
 2002,     4,   2,  0.5489,  0.1886,     5,  154.0,  0.5804,  0.3369
 2002,     4,   3,  0.3628,  0.2458,     5,  169.1,  0.4382,  0.1920
 2002,     4,   4,  0.0607,  0.0882,     6,  190.5,  0.1071,  0.0115
 2002,     4,   5, -0.4059, -0.0769,     1,  325.7,  0.4131,  0.1707
 2002,     4,   6, -0.7504, -0.1780,     1,  328.3,  0.7712,  0.5948
 2002,     4,   7, -1.0311, -0.2670,     1,  329.5,  1.0651,  1.1345
 2002,     4,   8, -0.9844, -0.3402,     1,  334.1,  1.0415,  1.0848
 2002,     4,   9, -0.9647, -0.3581,     1,  335.4,  1.0290,  1.0588
 2002,     4,  10, -0.9684, -0.3945,     1,  337.2,  1.0457,  1.0934
 2002,     4,  11, -0.7979, -0.6287,     1,  353.2,  1.0158,  1.0318
 2002,     4,  12, -0.6002, -0.9703,     2,   13.3,  1.1409,  1.3017
 2002,     4,  13, -0.2500, -1.2021,     2,   33.3,  1.2279,  1.5077
 2002,     4,  14,  0.0583, -1.3574,     3,   47.5,  1.3587,  1.8460
 2002,     4,  15,  0.2083, -1.2617,     3,   54.4,  1.2788,  1.6354
 2002,     4,  16,  0.2377, -0.9692,     3,   58.8,  0.9979,  0.9959
 2002,     4,  17,  0.2356, -0.6843,     3,   64.0,  0.7237,  0.5238
 2002,     4,  18, -0.0025, -0.6998,     2,   44.8,  0.6998,  0.4897
 2002,     4,  19, -0.0434, -0.6284,     2,   41.0,  0.6299,  0.3968
 2002,     4,  20, -0.0476, -0.3557,     2,   37.4,  0.3589,  0.1288
 2002,     4,  21,  0.1491, -0.4351,     3,   63.9,  0.4599,  0.2115
 2002,     4,  22,  0.1075, -0.5401,     3,   56.3,  0.5507,  0.3032
 2002,     4,  23, -0.2287, -0.6867,     2,   26.6,  0.7238,  0.5239
 2002,     4,  24, -0.1243, -0.7612,     2,   35.7,  0.7713,  0.5948
 2002,     4,  25, -0.2391, -0.8810,     2,   29.8,  0.9129,  0.8333
 2002,     4,  26, -0.1618, -1.0703,     2,   36.4,  1.0825,  1.1718
 2002,     4,  27, -0.0225, -1.3463,     2,   44.0,  1.3465,  1.8130
 2002,     4,  28,  0.0898, -1.4135,     3,   48.6,  1.4163,  2.0059
 2002,     4,  29,  0.2754, -1.5306,     3,   55.2,  1.5552,  2.4186
 2002,     4,  30,  0.5349, -1.5091,     3,   64.5,  1.6011,  2.5636
 2002,     5,   1,  0.9207, -1.6721,     3,   73.8,  1.9088,  3.6437
 2002,     5,   2,  0.8164, -1.9276,     3,   68.0,  2.0934,  4.3823
 2002,     5,   3,  0.8672, -1.9845,     3,   68.6,  2.1657,  4.6905
 2002,     5,   4,  1.0840, -1.8236,     3,   75.7,  2.1214,  4.5003
 2002,     5,   5,  1.5259, -1.5987,     3,   88.7,  2.2100,  4.8843
 2002,     5,   6,  1.7911, -1.3749,     4,   97.5,  2.2580,  5.0984
 2002,     5,   7,  2.0856, -1.1624,     4,  105.9,  2.3876,  5.7007
 2002,     5,   8,  2.2196, -0.6123,     4,  119.6,  2.3025,  5.3016
 2002,     5,   9,  2.5931,  0.0323,     5,  135.7,  2.5933,  6.7251
 2002,     5,  10,  2.9584,  0.6609,     5,  147.6,  3.0313,  9.1890
 2002,     5,  11,  2.9065,  0.9761,     5,  153.6,  3.0660,  9.4005
 2002,     5,  12,  2.6545,  1.1244,     5,  158.0,  2.8828,  8.3105
 2002,     5,  13,  2.2466,  1.6124,     5,  170.7,  2.7654,  7.6472
 2002,     5,  14,  1.4155,  2.2591,     6,  192.9,  2.6659,  7.1070
 2002,     5,  15,  0.7743,  2.5246,     6,  207.9,  2.6406,  6.9730
 2002,     5,  16,  0.4271,  2.5520,     6,  215.5,  2.5875,  6.6949
 2002,     5,  17, -0.2237,  2.4776,     7,  230.2,  2.4877,  6.1886
 2002,     5,  18, -0.7262,  2.3625,     7,  242.1,  2.4716,  6.1089
 2002,     5,  19, -1.0278,  2.0635,     7,  251.5,  2.3053,  5.3144
 2002,     5,  20, -1.1465,  1.6579,     7,  259.7,  2.0158,  4.0632
 2002,     5,  21, -1.4036,  1.4578,     7,  268.9,  2.0237,  4.0954
 2002,     5,  22, -1.7257,  1.3188,     8,  277.6,  2.1719,  4.7172
 2002,     5,  23, -1.9190,  1.0718,     8,  285.8,  2.1980,  4.8311
 2002,     5,  24, -1.9902,  0.9178,     8,  290.2,  2.1917,  4.8034
 2002,     5,  25, -2.0163,  0.6706,     8,  296.6,  2.1249,  4.5151
 2002,     5,  26, -1.9967,  0.5503,     8,  299.6,  2.0711,  4.2896
 2002,     5,  27, -1.8716,  0.3583,     8,  304.2,  1.9056,  3.6313
 2002,     5,  28, -1.8878,  0.1681,     8,  309.9,  1.8952,  3.5920
 2002,     5,  29, -1.8300, -0.0858,     1,  317.7,  1.8320,  3.3563
 2002,     5,  30, -1.6664, -0.2188,     1,  322.5,  1.6807,  2.8247
 2002,     5,  31, -1.5125, -0.3651,     1,  328.6,  1.5559,  2.4209
 2002,     6,   1, -1.1918, -0.5588,     1,  340.1,  1.3163,  1.7327
 2002,     6,   2, -1.1292, -0.7963,     1,  350.2,  1.3817,  1.9092
 2002,     6,   3, -0.9769, -1.2356,     2,    6.7,  1.5751,  2.4811
 2002,     6,   4, -0.7121, -1.3968,     2,   18.0,  1.5678,  2.4581
 2002,     6,   5, -0.3476, -1.6406,     2,   33.0,  1.6770,  2.8125
 2002,     6,   6, -0.1304, -1.9167,     2,   41.1,  1.9212,  3.6909
 2002,     6,   7,  0.0762, -2.0383,     3,   47.1,  2.0398,  4.1606
 2002,     6,   8,  0.1862, -2.1624,     3,   49.9,  2.1704,  4.7105
 2002,     6,   9,  0.2925, -2.4280,     3,   51.9,  2.4455,  5.9806
 2002,     6,  10,  0.4416, -2.6354,     3,   54.5,  2.6722,  7.1404
 2002,     6,  11,  0.5109, -2.7833,     3,   55.4,  2.8298,  8.0076
 2002,     6,  12,  0.7496, -2.4719,     3,   61.9,  2.5830,  6.6720
 2002,     6,  13,  1.1641, -2.2483,     3,   72.4,  2.5318,  6.4098
 2002,     6,  14,  1.5555, -1.9815,     3,   83.1,  2.5191,  6.3459
 2002,     6,  15,  2.1395, -1.6652,     4,   97.1,  2.7112,  7.3504
 2002,     6,  16,  2.3190, -1.1087,     4,  109.4,  2.5704,  6.6069
 2002,     6,  17,  2.4086, -0.5868,     4,  121.3,  2.4790,  6.1456
 2002,     6,  18,  2.4929, -0.2730,     4,  128.8,  2.5078,  6.2891
 2002,     6,  19,  2.2952,  0.1469,     5,  138.7,  2.2999,  5.2897
 2002,     6,  20,  2.0507,  0.3987,     5,  146.0,  2.0891,  4.3643
 2002,     6,  21,  1.9575,  0.6863,     5,  154.3,  2.0743,  4.3026
 2002,     6,  22,  1.7294,  0.8125,     5,  160.2,  1.9107,  3.6509
 2002,     6,  23,  1.3655,  0.9948,     5,  171.1,  1.6894,  2.8542
 2002,     6,  24,  1.3729,  1.2471,     5,  177.3,  1.8548,  3.4402
 2002,     6,  25,  1.3474,  1.5124,     6,  183.3,  2.0256,  4.1030
 2002,     6,  26,  1.1061,  1.7097,     6,  192.1,  2.0363,  4.1464
 2002,     6,  27,  0.7060,  1.7849,     6,  203.4,  1.9195,  3.6844
 2002,     6,  28,  0.6401,  1.9190,     6,  206.6,  2.0230,  4.0924
 2002,     6,  29,  0.7171,  2.3105,     6,  207.8,  2.4192,  5.8525
 2002,     6,  30,  0.6949,  2.4492,     6,  209.2,  2.5459,  6.4815
 2002,     7,   1,  0.5682,  2.5286,     6,  212.3,  2.5917,  6.7169
 2002,     7,   2,  0.4620,  2.7754,     6,  215.5,  2.8136,  7.9164
 2002,     7,   3,  0.2807,  2.8885,     6,  219.4,  2.9021,  8.4222
 2002,     7,   4,  0.0179,  2.9272,     6,  224.6,  2.9272,  8.5685
 2002,     7,   5, -0.1193,  3.0589,     7,  227.2,  3.0612,  9.3708
 2002,     7,   6, -0.0732,  3.1452,     7,  226.3,  3.1460,  9.8974
 2002,     7,   7, -0.2199,  2.8468,     7,  229.4,  2.8552,  8.1524
 2002,     7,   8, -0.5690,  2.5119,     7,  237.8,  2.5755,  6.6333
 2002,     7,   9, -0.6886,  2.1421,     7,  242.8,  2.2500,  5.0626
 2002,     7,  10, -0.7295,  1.9235,     7,  245.8,  2.0572,  4.2320
 2002,     7,  11, -0.6408,  1.5496,     7,  247.5,  1.6768,  2.8118
 2002,     7,  12, -0.8172,  1.5650,     7,  252.6,  1.7655,  3.1171
 2002,     7,  13, -1.1513,  1.6190,     7,  260.4,  1.9867,  3.9468
 2002,     7,  14, -1.3545,  1.4013,     7,  269.0,  1.9489,  3.7984
 2002,     7,  15, -1.5006,  0.9162,     8,  283.6,  1.7581,  3.0911
 2002,     7,  16, -1.6042,  0.7772,     8,  289.2,  1.7826,  3.1777
 2002,     7,  17, -1.5807,  0.5187,     8,  296.8,  1.6637,  2.7678
 2002,     7,  18, -1.4315,  0.4917,     8,  296.0,  1.5136,  2.2909
 2002,     7,  19, -1.2693,  0.3188,     8,  300.9,  1.3087,  1.7127
 2002,     7,  20, -1.0556,  0.3720,     8,  295.6,  1.1192,  1.2527
 2002,     7,  21, -0.6286,  0.4042,     8,  282.3,  0.7473,  0.5585
 2002,     7,  22, -0.4953,  0.3252,     8,  281.7,  0.5925,  0.3511
 2002,     7,  23, -0.5510,  0.3576,     8,  282.0,  0.6569,  0.4315
 2002,     7,  24, -0.3965,  0.4521,     7,  266.3,  0.6013,  0.3616
 2002,     7,  25, -0.3654,  0.4364,     7,  264.9,  0.5692,  0.3239
 2002,     7,  26, -0.4306,  0.3059,     8,  279.6,  0.5282,  0.2790
 2002,     7,  27, -0.4634, -0.0493,     1,  321.1,  0.4661,  0.2172
 2002,     7,  28, -0.3337, -0.3695,     2,    2.9,  0.4979,  0.2479
 2002,     7,  29, -0.3815, -0.3857,     2,    0.3,  0.5425,  0.2943
 2002,     7,  30, -0.2403, -0.4269,     2,   15.6,  0.4899,  0.2400
 2002,     7,  31, -0.2141, -0.5118,     2,   22.3,  0.5548,  0.3078
 2002,     8,   1, -0.0854, -0.6518,     2,   37.5,  0.6574,  0.4321
 2002,     8,   2,  0.2599, -0.8285,     3,   62.4,  0.8683,  0.7539
 2002,     8,   3,  0.5020, -0.6135,     3,   84.3,  0.7928,  0.6285
 2002,     8,   4,  0.6962, -0.6173,     4,   93.4,  0.9305,  0.8658
 2002,     8,   5,  0.8052, -0.6457,     4,   96.3,  1.0322,  1.0654
 2002,     8,   6,  0.9723, -0.5735,     4,  104.5,  1.1288,  1.2743
 2002,     8,   7,  1.1081, -0.0828,     4,  130.7,  1.1112,  1.2347
 2002,     8,   8,  1.4517,  0.2391,     5,  144.4,  1.4712,  2.1646
 2002,     8,   9,  1.5809,  0.5305,     5,  153.5,  1.6676,  2.7808
 2002,     8,  10,  1.5457,  0.5760,     5,  155.4,  1.6495,  2.7210
 2002,     8,  11,  1.6177,  0.5869,     5,  154.9,  1.7209,  2.9614
 2002,     8,  12,  1.8017,  0.8461,     5,  160.2,  1.9905,  3.9619
 2002,     8,  13,  1.8373,  1.3841,     5,  172.0,  2.3003,  5.2915
 2002,     8,  14,  1.5113,  1.8424,     6,  185.6,  2.3829,  5.6784
 2002,     8,  15,  1.0709,  1.8852,     6,  195.4,  2.1681,  4.7008
 2002,     8,  16,  0.8103,  1.8207,     6,  201.0,  1.9929,  3.9715
 2002,     8,  17,  0.6695,  1.7160,     6,  203.7,  1.8420,  3.3929
 2002,     8,  18,  0.4496,  1.5904,     6,  209.2,  1.6527,  2.7314
 2002,     8,  19,  0.1361,  1.3362,     6,  219.2,  1.3432,  1.8041
 2002,     8,  20, -0.3306,  1.1951,     7,  240.5,  1.2399,  1.5374
 2002,     8,  21, -0.8428,  1.0111,     7,  264.8,  1.3163,  1.7327
 2002,     8,  22, -1.3449,  0.9177,     8,  280.7,  1.6282,  2.6510
 2002,     8,  23, -1.6530,  0.7327,     8,  291.1,  1.8081,  3.2694
 2002,     8,  24, -1.7295,  0.6493,     8,  294.4,  1.8474,  3.4128
 2002,     8,  25, -1.5778,  0.5697,     8,  295.1,  1.6775,  2.8139
 2002,     8,  26, -1.4927,  0.5687,     8,  294.1,  1.5974,  2.5516
 2002,     8,  27, -1.5510,  0.5811,     8,  294.5,  1.6563,  2.7432
 2002,     8,  28, -1.6048,  0.5249,     8,  296.9,  1.6885,  2.8509
 2002,     8,  29, -1.4600,  0.3731,     8,  300.7,  1.5070,  2.2709
 2002,     8,  30, -1.3454,  0.3727,     8,  299.5,  1.3961,  1.9491
 2002,     8,  31, -1.1884,  0.2267,     8,  304.2,  1.2098,  1.4637
 2002,     9,   1, -0.8718,  0.1909,     8,  302.7,  0.8925,  0.7965
 2002,     9,   2, -0.9404,  0.3645,     8,  293.8,  1.0086,  1.0172
 2002,     9,   3, -0.9048,  0.4096,     8,  290.6,  0.9932,  0.9864
 2002,     9,   4, -0.7928,  0.3549,     8,  290.9,  0.8686,  0.7544
 2002,     9,   5, -0.7025,  0.4028,     8,  285.2,  0.8098,  0.6557
 2002,     9,   6, -0.4175, -0.0427,     1,  320.8,  0.4196,  0.1761
 2002,     9,   7, -0.1950, -0.2594,     2,    8.1,  0.3245,  0.1053
 2002,     9,   8, -0.1337, -0.2376,     2,   15.6,  0.2726,  0.0743
 2002,     9,   9,  0.1730, -0.0934,     4,  106.6,  0.1966,  0.0386
 2002,     9,  10,  0.2634,  0.1454,     5,  163.9,  0.3008,  0.0905
 2002,     9,  11,  0.2565,  0.1861,     5,  171.0,  0.3169,  0.1004
 2002,     9,  12,  0.2339,  0.2279,     5,  179.3,  0.3265,  0.1066
 2002,     9,  13, -0.0090,  0.3432,     7,  226.5,  0.3433,  0.1179
 2002,     9,  14, -0.1977,  0.3266,     7,  256.2,  0.3818,  0.1458
 2002,     9,  15, -0.3404,  0.2784,     8,  275.7,  0.4397,  0.1934
 2002,     9,  16, -0.4967,  0.4935,     8,  270.2,  0.7002,  0.4903
 2002,     9,  17, -0.5384,  0.5338,     8,  270.2,  0.7581,  0.5748
 2002,     9,  18, -0.7818,  0.4458,     8,  285.3,  0.9000,  0.8099
 2002,     9,  19, -0.8165,  0.2314,     8,  299.2,  0.8486,  0.7202
 2002,     9,  20, -0.7177,  0.0071,     8,  314.4,  0.7177,  0.5151
 2002,     9,  21, -0.4733, -0.4450,     1,  358.2,  0.6497,  0.4221
 2002,     9,  22, -0.5276, -0.7690,     2,   10.5,  0.9326,  0.8697
 2002,     9,  23, -0.3176, -1.0283,     2,   27.8,  1.0762,  1.1582
 2002,     9,  24, -0.4821, -1.1824,     2,   22.8,  1.2769,  1.6305
 2002,     9,  25, -0.6822, -1.2460,     2,   16.3,  1.4205,  2.0178
 2002,     9,  26, -0.6068, -1.1997,     2,   18.2,  1.3445,  1.8076
 2002,     9,  27, -0.5968, -0.9969,     2,   14.1,  1.1618,  1.3499
 2002,     9,  28, -0.5416, -0.8196,     2,   11.5,  0.9824,  0.9651
 2002,     9,  29, -0.4806, -0.5292,     2,    2.8,  0.7148,  0.5110
 2002,     9,  30, -0.5422, -0.4434,     1,  354.3,  0.7004,  0.4906
 2002,    10,   1, -0.4602, -0.5953,     2,    7.3,  0.7525,  0.5662
 2002,    10,   2, -0.2730, -0.6304,     2,   21.6,  0.6869,  0.4719
 2002,    10,   3, -0.0021, -0.5525,     2,   44.8,  0.5525,  0.3052
 2002,    10,   4,  0.3421, -0.4329,     3,   83.3,  0.5518,  0.3045
 2002,    10,   5,  0.6811, -0.1365,     4,  123.7,  0.6947,  0.4826
 2002,    10,   6,  0.9719,  0.2634,     5,  150.2,  1.0070,  1.0140
 2002,    10,   7,  0.9948,  0.4190,     5,  157.8,  1.0795,  1.1653
 2002,    10,   8,  0.8054,  0.4262,     5,  162.9,  0.9112,  0.8303
 2002,    10,   9,  0.6640,  0.3999,     5,  166.1,  0.7751,  0.6008
 2002,    10,  10,  0.5216,  0.4688,     5,  177.0,  0.7013,  0.4918
 2002,    10,  11,  0.4308,  0.5398,     6,  186.4,  0.6906,  0.4769
 2002,    10,  12,  0.3158,  0.4849,     6,  191.9,  0.5786,  0.3348
 2002,    10,  13,  0.0524,  0.3001,     6,  215.1,  0.3046,  0.0928
 2002,    10,  14,  0.0375,  0.2337,     6,  215.9,  0.2367,  0.0560
 2002,    10,  15, -0.1501,  0.2785,     7,  253.3,  0.3164,  0.1001
 2002,    10,  16, -0.3179,  0.2606,     8,  275.7,  0.4111,  0.1690
 2002,    10,  17, -0.3861,  0.1787,     8,  290.2,  0.4255,  0.1811
 2002,    10,  18, -0.4922,  0.0093,     8,  313.9,  0.4923,  0.2423
 2002,    10,  19, -0.7194, -0.1704,     1,  328.3,  0.7393,  0.5466
 2002,    10,  20, -0.7943, -0.1811,     1,  327.8,  0.8147,  0.6637
 2002,    10,  21, -0.8084, -0.1133,     1,  323.0,  0.8163,  0.6664
 2002,    10,  22, -0.8414, -0.0424,     1,  317.9,  0.8424,  0.7097
 2002,    10,  23, -0.9514,  0.0063,     8,  314.6,  0.9514,  0.9052
 2002,    10,  24, -1.0172, -0.2681,     1,  329.8,  1.0520,  1.1066
 2002,    10,  25, -1.1007, -0.5525,     1,  341.7,  1.2316,  1.5169
 2002,    10,  26, -1.1542, -0.9062,     1,  353.1,  1.4674,  2.1533
 2002,    10,  27, -1.2020, -1.1713,     1,  359.3,  1.6784,  2.8169
 2002,    10,  28, -1.2550, -1.3310,     2,    1.7,  1.8294,  3.3467
 2002,    10,  29, -1.1745, -1.6616,     2,    9.7,  2.0348,  4.1404
 2002,    10,  30, -1.1142, -1.7390,     2,   12.4,  2.0653,  4.2655
 2002,    10,  31, -0.8939, -1.7283,     2,   17.7,  1.9458,  3.7860
 2002,    11,   1, -0.7995, -1.7865,     2,   20.9,  1.9573,  3.8309
 2002,    11,   2, -0.8136, -1.8447,     2,   21.2,  2.0162,  4.0649
 2002,    11,   3, -0.8574, -1.9863,     2,   21.7,  2.1634,  4.6803
 2002,    11,   4, -0.5439, -2.0725,     2,   30.3,  2.1427,  4.5912
 2002,    11,   5, -0.1921, -2.1778,     2,   40.0,  2.1863,  4.7799
 2002,    11,   6,  0.1183, -2.0449,     3,   48.3,  2.0483,  4.1957
 2002,    11,   7,  0.3054, -1.8554,     3,   54.3,  1.8804,  3.5358
 2002,    11,   8,  0.4984, -1.7880,     3,   60.6,  1.8562,  3.4455
 2002,    11,   9,  0.5320, -1.8588,     3,   61.0,  1.9334,  3.7382
 2002,    11,  10,  0.7056, -1.9347,     3,   65.0,  2.0594,  4.2411
 2002,    11,  11,  0.8110, -1.9474,     3,   67.6,  2.1095,  4.4499
 2002,    11,  12,  1.0663, -2.1033,     3,   71.9,  2.3582,  5.5611
 2002,    11,  13,  1.2013, -1.9512,     3,   76.6,  2.2914,  5.2505
 2002,    11,  14,  1.3750, -1.7046,     3,   83.9,  2.1900,  4.7963
 2002,    11,  15,  1.4473, -1.5342,     3,   88.3,  2.1091,  4.4483
 2002,    11,  16,  1.4622, -1.5550,     3,   88.2,  2.1345,  4.5563
 2002,    11,  17,  1.5269, -1.5745,     3,   89.1,  2.1933,  4.8106
 2002,    11,  18,  1.9076, -1.4873,     4,   97.1,  2.4189,  5.8512
 2002,    11,  19,  2.2059, -1.0049,     4,  110.5,  2.4240,  5.8759
 2002,    11,  20,  2.3486, -0.6119,     4,  120.4,  2.4270,  5.8904
 2002,    11,  21,  2.3563, -0.4141,     4,  125.0,  2.3924,  5.7237
 2002,    11,  22,  2.2636, -0.0094,     4,  134.8,  2.2636,  5.1240
 2002,    11,  23,  2.2736,  0.6339,     5,  150.6,  2.3603,  5.5710
 2002,    11,  24,  2.1210,  1.2750,     5,  166.0,  2.4748,  6.1244
 2002,    11,  25,  1.6847,  1.7919,     6,  181.8,  2.4595,  6.0491
 2002,    11,  26,  1.2925,  1.6995,     6,  187.7,  2.1351,  4.5587
 2002,    11,  27,  0.9595,  1.8733,     6,  197.9,  2.1047,  4.4298
 2002,    11,  28,  0.5784,  2.1572,     6,  210.0,  2.2334,  4.9881
 2002,    11,  29,  0.3010,  2.3927,     6,  217.8,  2.4116,  5.8157
 2002,    11,  30,  0.1806,  2.4350,     6,  220.8,  2.4417,  5.9618
 2002,    12,   1, -0.1304,  2.2445,     7,  228.3,  2.2483,  5.0547
 2002,    12,   2, -0.6989,  2.0086,     7,  244.2,  2.1267,  4.5229
 2002,    12,   3, -1.1602,  1.6911,     7,  259.5,  2.0508,  4.2059
 2002,    12,   4, -1.5202,  1.1056,     8,  279.0,  1.8797,  3.5334
 2002,    12,   5, -1.7477,  0.8136,     8,  290.0,  1.9278,  3.7163
 2002,    12,   6, -1.8485,  0.7271,     8,  293.5,  1.9864,  3.9457
 2002,    12,   7, -1.8985,  0.6473,     8,  296.2,  2.0058,  4.0234
 2002,    12,   8, -1.7568,  0.1876,     8,  308.9,  1.7668,  3.1215
 2002,    12,   9, -1.5851, -0.1385,     1,  320.0,  1.5911,  2.5316
 2002,    12,  10, -1.3798, -0.4421,     1,  332.8,  1.4489,  2.0992
 2002,    12,  11, -1.1271, -0.5073,     1,  339.2,  1.2360,  1.5278
 2002,    12,  12, -1.0890, -0.5854,     1,  343.3,  1.2363,  1.5285
 2002,    12,  13, -1.1496, -0.7327,     1,  347.5,  1.3633,  1.8586
 2002,    12,  14, -1.2757, -1.0141,     1,  353.5,  1.6297,  2.6559
 2002,    12,  15, -1.3603, -1.2118,     1,  356.7,  1.8217,  3.3187
 2002,    12,  16, -1.5853, -1.4781,     1,  358.0,  2.1674,  4.6977
 2002,    12,  17, -1.6684, -1.8340,     2,    2.7,  2.4794,  6.1472
 2002,    12,  18, -1.4453, -2.0701,     2,   10.1,  2.5247,  6.3741
 2002,    12,  19, -1.0897, -2.1298,     2,   17.9,  2.3923,  5.7233
 2002,    12,  20, -0.6428, -2.0501,     2,   27.6,  2.1486,  4.6163
 2002,    12,  21, -0.0783, -2.0542,     2,   42.8,  2.0557,  4.2260
 2002,    12,  22,  0.3335, -2.1851,     3,   53.7,  2.2104,  4.8860
 2002,    12,  23,  0.9140, -2.4697,     3,   65.3,  2.6334,  6.9348
 2002,    12,  24,  1.3409, -2.7218,     3,   71.2,  3.0342,  9.2061
 2002,    12,  25,  1.6629, -2.6872,     3,   76.8,  3.1601,  9.9865
 2002,    12,  26,  2.1222, -2.0590,     4,   90.9,  2.9569,  8.7431
 2002,    12,  27,  2.3066, -1.5390,     4,  101.3,  2.7729,  7.6888
 2002,    12,  28,  2.4408, -1.1757,     4,  109.3,  2.7092,  7.3399
 2002,    12,  29,  2.3921, -0.9686,     4,  113.0,  2.5808,  6.6603
 2002,    12,  30,  2.1019, -0.5552,     4,  120.2,  2.1740,  4.7261
 2002,    12,  31,  1.7678, -0.0455,     4,  133.5,  1.7684,  3.1271
 2003,     1,   1,  1.2701,  0.2437,     5,  145.9,  1.2933,  1.6725
 2003,     1,   2,  0.8685,  0.1628,     5,  145.6,  0.8836,  0.7807
 2003,     1,   3,  0.5023,  0.3617,     5,  170.8,  0.6190,  0.3832
 2003,     1,   4,  0.4369,  0.4176,     5,  178.7,  0.6044,  0.3652
 2003,     1,   5,  0.2539,  0.1185,     5,  160.0,  0.2802,  0.0785
 2003,     1,   6,  0.2883,  0.2102,     5,  171.1,  0.3568,  0.1273
 2003,     1,   7,  0.3304,  0.7168,     6,  200.3,  0.7892,  0.6229
 2003,     1,   8,  0.2470,  0.8341,     6,  208.5,  0.8699,  0.7567
 2003,     1,   9,  0.2370,  0.8588,     6,  209.6,  0.8909,  0.7936
 2003,     1,  10,  0.1421,  1.0087,     6,  217.0,  1.0187,  1.0377
 2003,     1,  11, -0.0904,  0.9638,     7,  230.4,  0.9680,  0.9371
 2003,     1,  12, -0.5025,  0.8167,     7,  256.6,  0.9590,  0.9196
 2003,     1,  13, -0.6416,  0.6812,     7,  268.3,  0.9358,  0.8757
 2003,     1,  14, -0.8637,  0.4501,     8,  287.5,  0.9740,  0.9486
 2003,     1,  15, -1.1186,  0.3828,     8,  296.1,  1.1823,  1.3978
 2003,     1,  16, -1.1279,  0.3636,     8,  297.1,  1.1851,  1.4043
 2003,     1,  17, -1.2407,  0.1407,     8,  308.5,  1.2486,  1.5590
 2003,     1,  18, -1.1818,  0.0855,     8,  310.9,  1.1849,  1.4039
 2003,     1,  19, -1.1947,  0.0378,     8,  313.2,  1.1953,  1.4287
 2003,     1,  20, -0.7278,  0.1198,     8,  305.6,  0.7376,  0.5440
 2003,     1,  21, -0.5813,  0.2722,     8,  289.9,  0.6419,  0.4120
 2003,     1,  22, -0.3936,  0.3664,     8,  272.0,  0.5377,  0.2891
 2003,     1,  23, -0.1722,  0.5861,     7,  241.4,  0.6109,  0.3731
 2003,     1,  24, -0.1642,  0.6087,     7,  240.1,  0.6305,  0.3975
 2003,     1,  25, -0.3287,  0.0795,     8,  301.4,  0.3382,  0.1144
 2003,     1,  26, -0.0779, -0.1888,     2,   22.6,  0.2042,  0.0417
 2003,     1,  27,  0.0091, -0.6168,     3,   45.8,  0.6169,  0.3806
 2003,     1,  28, -0.1474, -0.9591,     2,   36.3,  0.9704,  0.9416
 2003,     1,  29, -0.2440, -1.1511,     2,   33.0,  1.1767,  1.3846
 2003,     1,  30,  0.1110, -1.3065,     3,   49.9,  1.3112,  1.7191
 2003,     1,  31,  0.1342, -1.0894,     3,   52.0,  1.0976,  1.2047
 2003,     2,   1,  0.2376, -0.9140,     3,   59.6,  0.9444,  0.8919
 2003,     2,   2,  0.5639, -0.6127,     3,   87.6,  0.8327,  0.6934
 2003,     2,   3,  0.6033, -0.3228,     4,  106.8,  0.6842,  0.4682
 2003,     2,   4,  0.6900, -0.2190,     4,  117.4,  0.7239,  0.5241
 2003,     2,   5,  0.6356, -0.0590,     4,  129.7,  0.6384,  0.4075
 2003,     2,   6,  0.5456, -0.0763,     4,  127.0,  0.5509,  0.3035
 2003,     2,   7,  0.0268, -0.2471,     3,   51.2,  0.2485,  0.0618
 2003,     2,   8, -0.3670, -0.1973,     1,  343.3,  0.4167,  0.1736
 2003,     2,   9, -0.6659, -0.2440,     1,  335.1,  0.7092,  0.5029
 2003,     2,  10, -1.0100, -0.4973,     1,  341.2,  1.1258,  1.2674
 2003,     2,  11, -1.0065, -0.9001,     1,  356.8,  1.3503,  1.8232
 2003,     2,  12, -0.9168, -1.1796,     2,    7.1,  1.4940,  2.2320
 2003,     2,  13, -0.8199, -1.2140,     2,   11.0,  1.4649,  2.1460
 2003,     2,  14, -0.8521, -1.0118,     2,    4.9,  1.3228,  1.7498
 2003,     2,  15, -0.6655, -0.7047,     2,    1.6,  0.9693,  0.9395
 2003,     2,  16, -0.4679, -0.2738,     1,  345.3,  0.5422,  0.2939
 2003,     2,  17, -0.2547,  0.2277,     8,  273.2,  0.3416,  0.1167
 2003,     2,  18,  0.1631,  0.3227,     6,  198.2,  0.3616,  0.1308
 2003,     2,  19,  0.3699,  0.3180,     5,  175.7,  0.4878,  0.2379
 2003,     2,  20,  0.2720,  0.2406,     5,  176.5,  0.3632,  0.1319
 2003,     2,  21, -0.0240,  0.3947,     7,  228.5,  0.3955,  0.1564
 2003,     2,  22, -0.2736,  0.5984,     7,  249.6,  0.6580,  0.4330
 2003,     2,  23, -0.2567,  0.6385,     7,  246.9,  0.6882,  0.4736
 2003,     2,  24,  0.2000,  0.6352,     6,  207.5,  0.6659,  0.4434
 2003,     2,  25,  0.5835,  0.4439,     5,  172.3,  0.7332,  0.5376
 2003,     2,  26,  0.8206,  0.0927,     5,  141.4,  0.8258,  0.6819
 2003,     2,  27,  0.9737,  0.0127,     5,  135.7,  0.9737,  0.9482
 2003,     2,  28,  1.0484,  0.2195,     5,  146.8,  1.0711,  1.1473
 2003,     3,   1,  1.1626,  0.4320,     5,  155.4,  1.2402,  1.5382
 2003,     3,   2,  1.0902,  0.6326,     5,  165.1,  1.2604,  1.5886
 2003,     3,   3,  1.1259,  0.7711,     5,  169.4,  1.3647,  1.8624
 2003,     3,   4,  0.9774,  0.9933,     6,  180.5,  1.3935,  1.9419
 2003,     3,   5,  0.6821,  1.0401,     6,  191.7,  1.2438,  1.5470
 2003,     3,   6,  0.4371,  1.2481,     6,  205.7,  1.3224,  1.7489
 2003,     3,   7,  0.5329,  1.2802,     6,  202.4,  1.3867,  1.9228
 2003,     3,   8,  0.4416,  1.2255,     6,  205.2,  1.3027,  1.6970
 2003,     3,   9,  0.1661,  1.2726,     6,  217.6,  1.2834,  1.6471
 2003,     3,  10,  0.0519,  1.3280,     6,  222.8,  1.3290,  1.7662
 2003,     3,  11, -0.0661,  1.0163,     7,  228.7,  1.0185,  1.0373
 2003,     3,  12, -0.8281,  0.5755,     8,  280.2,  1.0084,  1.0169
 2003,     3,  13, -1.6179,  0.3122,     8,  304.1,  1.6477,  2.7151
 2003,     3,  14, -1.9922, -0.1384,     1,  319.0,  1.9970,  3.9879
 2003,     3,  15, -1.8957, -0.6119,     1,  332.9,  1.9921,  3.9683
 2003,     3,  16, -2.1055, -0.9962,     1,  340.3,  2.3293,  5.4257
 2003,     3,  17, -2.0464, -1.0848,     1,  342.9,  2.3161,  5.3644
 2003,     3,  18, -1.6619, -1.3682,     1,  354.5,  2.1527,  4.6341
 2003,     3,  19, -1.3372, -1.3875,     2,    1.1,  1.9270,  3.7133
 2003,     3,  20, -1.1609, -1.2808,     2,    2.8,  1.7287,  2.9883
 2003,     3,  21, -1.0205, -1.4981,     2,   10.7,  1.8126,  3.2855
 2003,     3,  22, -0.9271, -1.7675,     2,   17.3,  1.9959,  3.9838
 2003,     3,  23, -0.7333, -1.7596,     2,   22.4,  1.9063,  3.6340
 2003,     3,  24, -0.4372, -1.8009,     2,   31.4,  1.8532,  3.4345
 2003,     3,  25, -0.2146, -1.6419,     2,   37.6,  1.6559,  2.7420
 2003,     3,  26, -0.0315, -1.3520,     2,   43.7,  1.3524,  1.8289
 2003,     3,  27,  0.4344, -1.0404,     3,   67.7,  1.1275,  1.2713
 2003,     3,  28,  0.7491, -0.7481,     4,   90.0,  1.0587,  1.1208
 2003,     3,  29,  0.8611, -0.5521,     4,  102.3,  1.0229,  1.0463
 2003,     3,  30,  0.9772, -0.0520,     4,  132.0,  0.9786,  0.9576
 2003,     3,  31,  1.3598,  0.4373,     5,  152.8,  1.4284,  2.0403
 2003,     4,   1,  1.3355,  0.7856,     5,  165.5,  1.5494,  2.4008
 2003,     4,   2,  1.2901,  1.0286,     5,  173.6,  1.6500,  2.7224
 2003,     4,   3,  0.8335,  1.0894,     6,  187.6,  1.3717,  1.8815
 2003,     4,   4,  0.6593,  1.2605,     6,  197.4,  1.4225,  2.0236
 2003,     4,   5,  0.3873,  1.4519,     6,  210.1,  1.5027,  2.2580
 2003,     4,   6, -0.1191,  1.5031,     7,  229.5,  1.5078,  2.2735
 2003,     4,   7, -0.5796,  1.5519,     7,  245.5,  1.6566,  2.7443
 2003,     4,   8, -0.8666,  1.2324,     7,  260.1,  1.5066,  2.2698
 2003,     4,   9, -1.0814,  0.8335,     8,  277.4,  1.3653,  1.8641
 2003,     4,  10, -1.4252,  0.5848,     8,  292.7,  1.5405,  2.3732
 2003,     4,  11, -1.5973,  0.2930,     8,  304.6,  1.6239,  2.6371
 2003,     4,  12, -1.6397,  0.1601,     8,  309.4,  1.6475,  2.7142
 2003,     4,  13, -1.3523,  0.0945,     8,  311.0,  1.3556,  1.8376
 2003,     4,  14, -0.9749, -0.1185,     1,  321.9,  0.9821,  0.9646
 2003,     4,  15, -0.9205, -0.5371,     1,  345.3,  1.0657,  1.1358
 2003,     4,  16, -0.9254, -0.5622,     1,  346.3,  1.0828,  1.1725
 2003,     4,  17, -0.6875, -0.4027,     1,  345.4,  0.7967,  0.6348
 2003,     4,  18, -0.2444, -0.3062,     2,    6.4,  0.3918,  0.1535
 2003,     4,  19, -0.0058, -0.4389,     2,   44.2,  0.4390,  0.1927
 2003,     4,  20, -0.1379, -0.6142,     2,   32.3,  0.6295,  0.3962
 2003,     4,  21, -0.3710, -0.9368,     2,   23.4,  1.0076,  1.0152
 2003,     4,  22, -0.3646, -0.9262,     2,   23.5,  0.9954,  0.9908
 2003,     4,  23, -0.2242, -1.0746,     2,   33.2,  1.0977,  1.2050
 2003,     4,  24, -0.1220, -1.0228,     2,   38.2,  1.0300,  1.0609
 2003,     4,  25, -0.3059, -0.9804,     2,   27.7,  1.0270,  1.0547
 2003,     4,  26, -0.2983, -0.9720,     2,   27.9,  1.0168,  1.0338
 2003,     4,  27, -0.2698, -1.2008,     2,   32.3,  1.2308,  1.5148
 2003,     4,  28, -0.2121, -1.4617,     2,   36.7,  1.4770,  2.1815
 2003,     4,  29,  0.0299, -1.7142,     3,   46.0,  1.7144,  2.9393
 2003,     4,  30,  0.3923, -1.8864,     3,   56.7,  1.9268,  3.7125
 2003,     5,   1,  0.3183, -1.6830,     3,   55.7,  1.7128,  2.9338
 2003,     5,   2,  0.4248, -1.3939,     3,   61.9,  1.4572,  2.1235
 2003,     5,   3,  0.6421, -1.0240,     3,   77.1,  1.2087,  1.4609
 2003,     5,   4,  0.8406, -0.6634,     4,   96.7,  1.0709,  1.1467
 2003,     5,   5,  1.0595, -0.9398,     4,   93.4,  1.4162,  2.0057
 2003,     5,   6,  1.0364, -0.9437,     4,   92.7,  1.4017,  1.9648
 2003,     5,   7,  1.1223, -0.9428,     4,   95.0,  1.4657,  2.1484
 2003,     5,   8,  1.3173, -0.8545,     4,  102.0,  1.5702,  2.4655
 2003,     5,   9,  1.5871, -0.8453,     4,  107.0,  1.7982,  3.2334
 2003,     5,  10,  1.9426, -0.6940,     4,  115.3,  2.0629,  4.2554
 2003,     5,  11,  2.2713, -0.4493,     4,  123.8,  2.3153,  5.3605
 2003,     5,  12,  2.3583,  0.0810,     5,  137.0,  2.3597,  5.5682
 2003,     5,  13,  2.4490,  1.0915,     5,  159.0,  2.6812,  7.1890
 2003,     5,  14,  2.4609,  1.8953,     5,  172.6,  3.1062,  9.6483
 2003,     5,  15,  2.2236,  2.3873,     6,  182.0,  3.2624, 10.6432
 2003,     5,  16,  1.7973,  2.6470,     6,  190.8,  3.1995, 10.2371
 2003,     5,  17,  1.2882,  2.5705,     6,  198.4,  2.8752,  8.2670
 2003,     5,  18,  0.8551,  2.5907,     6,  206.7,  2.7281,  7.4428
 2003,     5,  19,  0.2257,  2.8173,     6,  220.4,  2.8263,  7.9882
 2003,     5,  20, -0.3822,  2.8612,     7,  232.6,  2.8866,  8.3324
 2003,     5,  21, -0.7117,  3.1994,     7,  237.5,  3.2776, 10.7428
 2003,     5,  22, -0.7717,  3.3450,     7,  238.0,  3.4328, 11.7843
 2003,     5,  23, -0.7337,  3.0291,     7,  238.6,  3.1167,  9.7136
 2003,     5,  24, -0.9146,  2.6951,     7,  243.7,  2.8460,  8.0998
 2003,     5,  25, -1.3602,  2.4043,     7,  254.5,  2.7624,  7.6307
 2003,     5,  26, -1.6627,  2.2288,     7,  261.7,  2.7807,  7.7321
 2003,     5,  27, -1.5558,  2.0872,     7,  261.7,  2.6032,  6.7768
 2003,     5,  28, -1.3781,  1.7630,     7,  263.0,  2.2377,  5.0071
 2003,     5,  29, -1.2882,  1.4705,     7,  266.2,  1.9549,  3.8216
 2003,     5,  30, -1.3060,  1.3589,     7,  268.9,  1.8847,  3.5521
 2003,     5,  31, -1.3668,  1.2488,     8,  272.6,  1.8514,  3.4277
 2003,     6,   1, -1.3055,  0.7888,     8,  283.9,  1.5253,  2.3266
 2003,     6,   2, -1.5284,  0.4666,     8,  298.0,  1.5980,  2.5537
 2003,     6,   3, -1.6066,  0.3309,     8,  303.4,  1.6403,  2.6906
 2003,     6,   4, -1.6659,  0.2857,     8,  305.3,  1.6902,  2.8568
 2003,     6,   5, -1.5189,  0.4030,     8,  300.1,  1.5714,  2.4693
 2003,     6,   6, -1.2266,  0.4585,     8,  294.5,  1.3094,  1.7146
 2003,     6,   7, -1.3186,  0.3695,     8,  299.3,  1.3694,  1.8753
 2003,     6,   8, -1.4185,  0.1581,     8,  308.6,  1.4273,  2.0371
 2003,     6,   9, -1.6477,  0.0024,     8,  314.9,  1.6477,  2.7150
 2003,     6,  10, -1.5495, -0.2217,     1,  323.1,  1.5653,  2.4502
 2003,     6,  11, -1.2864, -0.5026,     1,  336.3,  1.3810,  1.9073
 2003,     6,  12, -1.1257, -0.6440,     1,  344.8,  1.2969,  1.6819
 2003,     6,  13, -1.1134, -0.4429,     1,  336.7,  1.1983,  1.4360
 2003,     6,  14, -1.0107, -0.3933,     1,  336.3,  1.0845,  1.1762
 2003,     6,  15, -0.8108, -0.5806,     1,  350.6,  0.9972,  0.9945
 2003,     6,  16, -0.8178, -0.8223,     2,    0.2,  1.1597,  1.3450
 2003,     6,  17, -1.0345, -0.9441,     1,  357.4,  1.4005,  1.9614
 2003,     6,  18, -1.0843, -1.0514,     1,  359.1,  1.5104,  2.2812
 2003,     6,  19, -0.8855, -1.0508,     2,    4.9,  1.3742,  1.8883
 2003,     6,  20, -0.7062, -1.1048,     2,   12.4,  1.3112,  1.7194
 2003,     6,  21, -0.5447, -1.1625,     2,   19.9,  1.2838,  1.6482
 2003,     6,  22, -0.4518, -1.2708,     2,   25.4,  1.3487,  1.8189
 2003,     6,  23, -0.2658, -1.4190,     2,   34.4,  1.4437,  2.0843
 2003,     6,  24, -0.1189, -1.2627,     2,   39.6,  1.2683,  1.6086
 2003,     6,  25, -0.2223, -0.8864,     2,   30.9,  0.9138,  0.8350
 2003,     6,  26, -0.3514, -0.6317,     2,   15.9,  0.7228,  0.5225
 2003,     6,  27, -0.2683, -0.4378,     2,   13.5,  0.5135,  0.2636
 2003,     6,  28, -0.0377, -0.3995,     2,   39.6,  0.4012,  0.1610
 2003,     6,  29,  0.0904, -0.5668,     3,   54.1,  0.5739,  0.3294
 2003,     6,  30,  0.0763, -0.8827,     3,   49.9,  0.8860,  0.7850
 2003,     7,   1, -0.0462, -1.6602,     2,   43.4,  1.6608,  2.7583
 2003,     7,   2, -0.2669, -1.7890,     2,   36.5,  1.8088,  3.2716
 2003,     7,   3, -0.4272, -1.6371,     2,   30.4,  1.6919,  2.8626
 2003,     7,   4, -0.2527, -1.4241,     2,   34.9,  1.4463,  2.0918
 2003,     7,   5, -0.0843, -1.2251,     2,   41.1,  1.2280,  1.5080
 2003,     7,   6,  0.0299, -1.3228,     3,   46.3,  1.3231,  1.7506
 2003,     7,   7, -0.0550, -1.2971,     2,   42.6,  1.2982,  1.6854
 2003,     7,   8,  0.1335, -1.2670,     3,   51.0,  1.2740,  1.6231
 2003,     7,   9,  0.1597, -1.0100,     3,   54.0,  1.0225,  1.0456
 2003,     7,  10,  0.2349, -0.8050,     3,   61.3,  0.8386,  0.7032
 2003,     7,  11,  0.2901, -0.5520,     3,   72.7,  0.6236,  0.3889
 2003,     7,  12,  0.3026, -0.4668,     3,   77.9,  0.5563,  0.3095
 2003,     7,  13,  0.2602, -0.2575,     4,   90.3,  0.3661,  0.1340
 2003,     7,  14,  0.2655, -0.4120,     3,   77.8,  0.4901,  0.2402
 2003,     7,  15,  0.2677, -0.5499,     3,   71.0,  0.6116,  0.3740
 2003,     7,  16,  0.4250, -0.5345,     3,   83.5,  0.6828,  0.4663
 2003,     7,  17,  0.7834, -0.3587,     4,  110.4,  0.8616,  0.7424
 2003,     7,  18,  1.3041, -0.1372,     4,  129.0,  1.3113,  1.7195
 2003,     7,  19,  1.6317,  0.0120,     5,  135.4,  1.6318,  2.6627
 2003,     7,  20,  1.7038,  0.0206,     5,  135.7,  1.7040,  2.9035
 2003,     7,  21,  1.7476,  0.1146,     5,  138.8,  1.7513,  3.0672
 2003,     7,  22,  1.6808,  0.2920,     5,  144.9,  1.7060,  2.9104
 2003,     7,  23,  1.5443,  0.3460,     5,  147.6,  1.5826,  2.5047
 2003,     7,  24,  1.3245,  0.4007,     5,  151.8,  1.3838,  1.9148
 2003,     7,  25,  0.9938,  0.4616,     5,  159.9,  1.0958,  1.2008
 2003,     7,  26,  0.4994,  0.5641,     6,  183.5,  0.7534,  0.5676
 2003,     7,  27,  0.1303,  0.5273,     6,  211.1,  0.5431,  0.2950
 2003,     7,  28, -0.0148,  0.6536,     7,  226.3,  0.6537,  0.4274
 2003,     7,  29, -0.2023,  0.7834,     7,  239.5,  0.8091,  0.6546
 2003,     7,  30, -0.2348,  0.6748,     7,  244.2,  0.7145,  0.5104
 2003,     7,  31, -0.0174,  0.6026,     7,  226.7,  0.6029,  0.3635
 2003,     8,   1,  0.2776,  0.7719,     6,  205.2,  0.8203,  0.6729
 2003,     8,   2,  0.3740,  1.0619,     6,  205.6,  1.1259,  1.2676
 2003,     8,   3,  0.2010,  1.3331,     6,  216.4,  1.3482,  1.8176
 2003,     8,   4,  0.1119,  1.4479,     6,  220.6,  1.4522,  2.1089
 2003,     8,   5,  0.0464,  1.2358,     6,  222.9,  1.2366,  1.5292
 2003,     8,   6,  0.0624,  0.6804,     6,  219.8,  0.6833,  0.4669
 2003,     8,   7, -0.0300,  0.3889,     7,  229.4,  0.3901,  0.1522
 2003,     8,   8, -0.0330,  0.4097,     7,  229.6,  0.4110,  0.1689
 2003,     8,   9,  0.1805,  0.4856,     6,  204.6,  0.5180,  0.2684
 2003,     8,  10,  0.2772,  0.4247,     6,  191.9,  0.5072,  0.2572
 2003,     8,  11,  0.3012,  0.3117,     6,  181.0,  0.4334,  0.1879
 2003,     8,  12,  0.2369, -0.1004,     4,  112.0,  0.2573,  0.0662
 2003,     8,  13,  0.0220, -0.1933,     3,   51.5,  0.1945,  0.0378
 2003,     8,  14, -0.0949, -0.2855,     2,   26.6,  0.3009,  0.0905
 2003,     8,  15, -0.0387, -0.3493,     2,   38.7,  0.3515,  0.1235
 2003,     8,  16,  0.1053, -0.4712,     3,   57.6,  0.4828,  0.2331
 2003,     8,  17,  0.2176, -0.3945,     3,   73.9,  0.4506,  0.2030
 2003,     8,  18,  0.2946, -0.0379,     4,  127.7,  0.2970,  0.0882
 2003,     8,  19,  0.7214, -0.0360,     4,  132.1,  0.7223,  0.5217
 2003,     8,  20,  0.9344, -0.0404,     4,  132.5,  0.9352,  0.8747
 2003,     8,  21,  1.0688,  0.0189,     5,  136.0,  1.0690,  1.1427
 2003,     8,  22,  1.0230,  0.1114,     5,  141.2,  1.0290,  1.0589
 2003,     8,  23,  1.1404,  0.1950,     5,  144.7,  1.1569,  1.3385
 2003,     8,  24,  0.9448,  0.2052,     5,  147.3,  0.9669,  0.9348
 2003,     8,  25,  0.6412, -0.0535,     4,  130.2,  0.6434,  0.4140
 2003,     8,  26,  0.4578, -0.4657,     3,   89.5,  0.6530,  0.4265
 2003,     8,  27,  0.1569, -0.4865,     3,   62.9,  0.5111,  0.2613
 2003,     8,  28,  0.1161, -0.2724,     3,   68.1,  0.2962,  0.0877
 2003,     8,  29, -0.1626, -0.2003,     2,    5.9,  0.2580,  0.0666
 2003,     8,  30, -0.3612, -0.0929,     1,  329.4,  0.3729,  0.1391
 2003,     8,  31, -0.2069, -0.0716,     1,  334.1,  0.2190,  0.0480
 2003,     9,   1, -0.1801, -0.3884,     2,   20.1,  0.4281,  0.1833
 2003,     9,   2, -0.1727, -0.4622,     2,   24.5,  0.4934,  0.2434
 2003,     9,   3, -0.1342, -0.1992,     2,   11.0,  0.2402,  0.0577
 2003,     9,   4,  0.0095, -0.1361,     3,   49.0,  0.1365,  0.0186
 2003,     9,   5,  0.0541, -0.2483,     3,   57.3,  0.2541,  0.0646
 2003,     9,   6,  0.3694, -0.2708,     4,   98.8,  0.4581,  0.2098
 2003,     9,   7,  0.7592, -0.1968,     4,  120.5,  0.7843,  0.6151
 2003,     9,   8,  1.0280, -0.2042,     4,  123.8,  1.0481,  1.0986
 2003,     9,   9,  1.1933, -0.2534,     4,  123.0,  1.2199,  1.4882
 2003,     9,  10,  1.3832, -0.3627,     4,  120.3,  1.4300,  2.0449
 2003,     9,  11,  1.3170, -0.3697,     4,  119.3,  1.3679,  1.8713
 2003,     9,  12,  1.1215, -0.3585,     4,  117.3,  1.1774,  1.3862
 2003,     9,  13,  1.1634, -0.1913,     4,  125.7,  1.1790,  1.3901
 2003,     9,  14,  1.1120, -0.0598,     4,  131.9,  1.1136,  1.2401
 2003,     9,  15,  1.1816, -0.0418,     4,  133.0,  1.1823,  1.3979
 2003,     9,  16,  1.1058, -0.0399,     4,  132.9,  1.1065,  1.2243
 2003,     9,  17,  1.0464, -0.0955,     4,  129.8,  1.0507,  1.1040
 2003,     9,  18,  0.9161, -0.0741,     4,  130.4,  0.9191,  0.8447
 2003,     9,  19,  0.7229, -0.0416,     4,  131.7,  0.7241,  0.5244
 2003,     9,  20,  0.2015,  0.1900,     5,  178.3,  0.2770,  0.0767
 2003,     9,  21, -0.3586,  0.3602,     7,  269.9,  0.5083,  0.2584
 2003,     9,  22, -0.6825,  0.5566,     8,  275.8,  0.8807,  0.7756
 2003,     9,  23, -0.6219,  0.6180,     8,  270.2,  0.8768,  0.7687
 2003,     9,  24, -0.4679,  0.5092,     7,  267.6,  0.6915,  0.4782
 2003,     9,  25, -0.4187,  0.2883,     8,  280.5,  0.5083,  0.2584
 2003,     9,  26,  0.0275,  0.2209,     6,  217.9,  0.2226,  0.0496
 2003,     9,  27,  0.4895,  0.2395,     5,  161.1,  0.5450,  0.2970
 2003,     9,  28,  0.8410,  0.2713,     5,  152.9,  0.8837,  0.7809
 2003,     9,  29,  1.1290,  0.1060,     5,  140.4,  1.1339,  1.2858
 2003,     9,  30,  0.9857,  0.0953,     5,  140.5,  0.9903,  0.9806
 2003,    10,   1,  0.9406,  0.0603,     5,  138.7,  0.9425,  0.8884
 2003,    10,   2,  0.7296,  0.0607,     5,  139.8,  0.7321,  0.5359
 2003,    10,   3,  0.5972, -0.0964,     4,  125.8,  0.6049,  0.3659
 2003,    10,   4,  0.5452, -0.3451,     4,  102.7,  0.6452,  0.4163
 2003,    10,   5,  0.7418, -0.6187,     4,   95.2,  0.9660,  0.9331
 2003,    10,   6,  0.9783, -0.7919,     4,   96.0,  1.2587,  1.5843
 2003,    10,   7,  1.0203, -0.6640,     4,  101.9,  1.2173,  1.4819
 2003,    10,   8,  1.1183, -0.4541,     4,  112.9,  1.2070,  1.4569
 2003,    10,   9,  1.3691, -0.1461,     4,  128.9,  1.3769,  1.8957
 2003,    10,  10,  1.2374,  0.1973,     5,  144.1,  1.2531,  1.5701
 2003,    10,  11,  1.0963,  0.3945,     5,  154.8,  1.1651,  1.3574
 2003,    10,  12,  0.9957,  0.4007,     5,  156.9,  1.0733,  1.1519
 2003,    10,  13,  1.0455,  0.6624,     5,  167.4,  1.2377,  1.5319
 2003,    10,  14,  0.7765,  0.8155,     6,  181.4,  1.1261,  1.2680
 2003,    10,  15,  0.7748,  0.9639,     6,  186.2,  1.2368,  1.5296
 2003,    10,  16,  0.8000,  1.2724,     6,  192.8,  1.5030,  2.2590
 2003,    10,  17,  0.6210,  1.4711,     6,  202.1,  1.5968,  2.5498
 2003,    10,  18,  0.6034,  1.3711,     6,  201.2,  1.4979,  2.2438
 2003,    10,  19,  0.6343,  1.3187,     6,  199.3,  1.4633,  2.1413
 2003,    10,  20,  0.5612,  1.5257,     6,  204.8,  1.6256,  2.6426
 2003,    10,  21,  0.3224,  1.6287,     6,  213.8,  1.6603,  2.7566
 2003,    10,  22,  0.2442,  1.9469,     6,  217.9,  1.9622,  3.8502
 2003,    10,  23, -0.0955,  2.0041,     7,  227.7,  2.0064,  4.0257
 2003,    10,  24, -0.5066,  1.5834,     7,  242.7,  1.6625,  2.7639
 2003,    10,  25, -1.0330,  1.2793,     7,  263.9,  1.6443,  2.7036
 2003,    10,  26, -1.4821,  0.9067,     8,  283.5,  1.7375,  3.0188
 2003,    10,  27, -1.7640,  0.4746,     8,  299.9,  1.8267,  3.3368
 2003,    10,  28, -1.8548,  0.3513,     8,  304.3,  1.8878,  3.5637
 2003,    10,  29, -1.6849,  0.2200,     8,  307.6,  1.6992,  2.8871
 2003,    10,  30, -1.3929,  0.1539,     8,  308.7,  1.4014,  1.9639
 2003,    10,  31, -0.9831,  0.0965,     8,  309.4,  0.9879,  0.9759
 2003,    11,   1, -0.8130,  0.1124,     8,  307.1,  0.8207,  0.6736
 2003,    11,   2, -0.6614,  0.1270,     8,  304.1,  0.6735,  0.4536
 2003,    11,   3, -0.7216, -0.0266,     1,  317.1,  0.7221,  0.5214
 2003,    11,   4, -0.8448, -0.1180,     1,  323.0,  0.8530,  0.7276
 2003,    11,   5, -0.9088, -0.1726,     1,  325.8,  0.9251,  0.8558
 2003,    11,   6, -0.6873, -0.3435,     1,  341.6,  0.7683,  0.5903
 2003,    11,   7, -0.4547, -0.3504,     1,  352.6,  0.5741,  0.3295
 2003,    11,   8, -0.2214, -0.6534,     2,   26.3,  0.6899,  0.4760
 2003,    11,   9, -0.0771, -0.5689,     2,   37.3,  0.5741,  0.3296
 2003,    11,  10,  0.1308, -0.2697,     3,   70.9,  0.2998,  0.0899
 2003,    11,  11,  0.2823, -0.0789,     4,  119.4,  0.2931,  0.0859
 2003,    11,  12,  0.1992, -0.1091,     4,  106.3,  0.2271,  0.0516
 2003,    11,  13,  0.1110, -0.0418,     4,  114.3,  0.1186,  0.0141
 2003,    11,  14,  0.2136, -0.0720,     4,  116.4,  0.2254,  0.0508
 2003,    11,  15,  0.4895,  0.0176,     5,  137.1,  0.4898,  0.2399
 2003,    11,  16,  0.3707,  0.1226,     5,  153.3,  0.3905,  0.1525
 2003,    11,  17, -0.0576,  0.0594,     7,  269.1,  0.0828,  0.0069
 2003,    11,  18, -0.3105,  0.0790,     8,  300.7,  0.3204,  0.1026
 2003,    11,  19, -0.5577,  0.1030,     8,  304.5,  0.5671,  0.3216
 2003,    11,  20, -0.7612, -0.0325,     1,  317.4,  0.7619,  0.5805
 2003,    11,  21, -0.9185,  0.0183,     8,  313.9,  0.9187,  0.8440
 2003,    11,  22, -0.9483, -0.0547,     1,  318.3,  0.9499,  0.9023
 2003,    11,  23, -0.9676, -0.0245,     1,  316.5,  0.9679,  0.9368
 2003,    11,  24, -0.7363,  0.1611,     8,  302.7,  0.7537,  0.5680
 2003,    11,  25, -0.5179,  0.3769,     8,  279.0,  0.6405,  0.4103
 2003,    11,  26, -0.4395,  0.4167,     8,  271.5,  0.6057,  0.3668
 2003,    11,  27, -0.5455,  0.2586,     8,  289.6,  0.6037,  0.3644
 2003,    11,  28, -0.6699, -0.0508,     1,  319.3,  0.6718,  0.4513
 2003,    11,  29, -0.6260, -0.4907,     1,  353.1,  0.7954,  0.6326
 2003,    11,  30, -0.6149, -0.4769,     1,  352.8,  0.7781,  0.6055
 2003,    12,   1, -0.6193, -0.4689,     1,  352.1,  0.7768,  0.6034
 2003,    12,   2, -0.5242, -0.5395,     2,    0.8,  0.7523,  0.5659
 2003,    12,   3, -0.3765, -0.9072,     2,   22.5,  0.9823,  0.9649
 2003,    12,   4, -0.3035, -1.2968,     2,   31.8,  1.3318,  1.7737
 2003,    12,   5, -0.1345, -1.5030,     2,   39.9,  1.5090,  2.2770
 2003,    12,   6,  0.0849, -1.5695,     3,   48.1,  1.5718,  2.4705
 2003,    12,   7,  0.2681, -1.7215,     3,   53.9,  1.7422,  3.0354
 2003,    12,   8,  0.2637, -1.6497,     3,   54.1,  1.6706,  2.7910
 2003,    12,   9,  0.2865, -1.6761,     3,   54.7,  1.7004,  2.8915
 2003,    12,  10,  0.4548, -1.6657,     3,   60.3,  1.7267,  2.9814
 2003,    12,  11,  0.9662, -1.5569,     3,   76.8,  1.8324,  3.3575
 2003,    12,  12,  1.1053, -1.4219,     3,   82.9,  1.8010,  3.2435
 2003,    12,  13,  1.2569, -1.0916,     4,   94.0,  1.6647,  2.7713
 2003,    12,  14,  1.6292, -0.6680,     4,  112.7,  1.7609,  3.1006
 2003,    12,  15,  1.8747,  0.0597,     5,  136.8,  1.8756,  3.5180
 2003,    12,  16,  1.9432,  0.2349,     5,  141.9,  1.9573,  3.8312
 2003,    12,  17,  1.7378,  0.5125,     5,  151.4,  1.8119,  3.2828
 2003,    12,  18,  1.6029,  0.8047,     5,  161.7,  1.7936,  3.2170
 2003,    12,  19,  1.5757,  0.6949,     5,  158.8,  1.7221,  2.9656
 2003,    12,  20,  1.7038,  0.8713,     5,  162.1,  1.9137,  3.6621
 2003,    12,  21,  1.5301,  1.0789,     5,  170.2,  1.8723,  3.5054
 2003,    12,  22,  1.1545,  1.7762,     6,  192.0,  2.1184,  4.4877
 2003,    12,  23,  0.6465,  2.0300,     6,  207.3,  2.1305,  4.5388
 2003,    12,  24,  0.0343,  2.1314,     6,  224.1,  2.1317,  4.5442
 2003,    12,  25, -0.4790,  2.1271,     7,  237.7,  2.1804,  4.7540
 2003,    12,  26, -0.8013,  2.2164,     7,  244.9,  2.3568,  5.5546
 2003,    12,  27, -0.9242,  1.9932,     7,  249.9,  2.1971,  4.8271
 2003,    12,  28, -1.0450,  1.9560,     7,  253.1,  2.2176,  4.9178
 2003,    12,  29, -1.2571,  1.8311,     7,  259.5,  2.2211,  4.9333
 2003,    12,  30, -1.0588,  1.5061,     7,  260.1,  1.8410,  3.3894
 2003,    12,  31, -0.5650,  1.4915,     7,  245.7,  1.5949,  2.5438
 2004,     1,   1, -0.3938,  1.5987,     7,  238.8,  1.6464,  2.7108
 2004,     1,   2, -0.3029,  1.5700,     7,  235.9,  1.5989,  2.5565
 2004,     1,   3, -0.4317,  1.2989,     7,  243.4,  1.3688,  1.8736
 2004,     1,   4, -0.7973,  1.2275,     7,  258.0,  1.4637,  2.1423
 2004,     1,   5, -1.1041,  1.3672,     7,  263.9,  1.7573,  3.0881
 2004,     1,   6, -1.3562,  1.5575,     7,  266.0,  2.0652,  4.2649
 2004,     1,   7, -1.7495,  1.6212,     8,  272.2,  2.3851,  5.6888
 2004,     1,   8, -2.2832,  1.5646,     8,  280.6,  2.7678,  7.6609
 2004,     1,   9, -2.5849,  1.5126,     8,  284.7,  2.9950,  8.9698
 2004,     1,  10, -2.7011,  1.3179,     8,  289.0,  3.0055,  9.0330
 2004,     1,  11, -2.9562,  1.0039,     8,  296.2,  3.1220,  9.7472
 2004,     1,  12, -2.9517,  0.6536,     8,  302.5,  3.0232,  9.1395
 2004,     1,  13, -2.7137,  0.2418,     8,  309.9,  2.7244,  7.4224
 2004,     1,  14, -2.3527, -0.2396,     1,  320.8,  2.3648,  5.5925
 2004,     1,  15, -2.2329, -0.6093,     1,  330.3,  2.3145,  5.3569
 2004,     1,  16, -2.1442, -0.7079,     1,  333.3,  2.2580,  5.0987
 2004,     1,  17, -2.0156, -0.8496,     1,  337.9,  2.1874,  4.7846
 2004,     1,  18, -1.7861, -0.8389,     1,  340.2,  1.9733,  3.8938
 2004,     1,  19, -1.8227, -0.8208,     1,  339.2,  1.9990,  3.9960
 2004,     1,  20, -1.8011, -1.3850,     1,  352.6,  2.2721,  5.1623
 2004,     1,  21, -1.6088, -1.8947,     2,    4.7,  2.4856,  6.1781
 2004,     1,  22, -1.1946, -2.0355,     2,   14.6,  2.3601,  5.5703
 2004,     1,  23, -0.7216, -2.1842,     2,   26.7,  2.3003,  5.2916
 2004,     1,  24, -0.1910, -2.4566,     2,   40.6,  2.4641,  6.0716
 2004,     1,  25,  0.0701, -2.5760,     3,   46.6,  2.5770,  6.6408
 2004,     1,  26,  0.2170, -2.5074,     3,   49.9,  2.5168,  6.3341
 2004,     1,  27,  0.5042, -2.4537,     3,   56.6,  2.5049,  6.2746
 2004,     1,  28,  0.9621, -2.1932,     3,   68.7,  2.3949,  5.7356
 2004,     1,  29,  1.2771, -1.9433,     3,   78.3,  2.3254,  5.4073
 2004,     1,  30,  1.6900, -1.8820,     3,   86.9,  2.5295,  6.3983
 2004,     1,  31,  1.9613, -1.7342,     4,   93.5,  2.6181,  6.8542
 2004,     2,   1,  2.0102, -1.3102,     4,  101.9,  2.3994,  5.7572
 2004,     2,   2,  2.0406, -0.8691,     4,  111.9,  2.2179,  4.9192
 2004,     2,   3,  2.3331, -0.7693,     4,  116.7,  2.4566,  6.0351
 2004,     2,   4,  2.6257, -0.6070,     4,  122.0,  2.6949,  7.2625
 2004,     2,   5,  2.5828, -0.3474,     4,  127.3,  2.6061,  6.7917
 2004,     2,   6,  2.4113, -0.0239,     4,  134.4,  2.4114,  5.8148
 2004,     2,   7,  2.2558,  0.2815,     5,  142.1,  2.2733,  5.1680
 2004,     2,   8,  2.2602,  0.3967,     5,  145.0,  2.2947,  5.2658
 2004,     2,   9,  1.8960,  0.4341,     5,  147.9,  1.9451,  3.7832
 2004,     2,  10,  1.2210,  0.6909,     5,  164.5,  1.4029,  1.9682
 2004,     2,  11,  0.8354,  0.8414,     6,  180.2,  1.1857,  1.4058
 2004,     2,  12,  0.5074,  0.8030,     6,  192.7,  0.9499,  0.9022
 2004,     2,  13,  0.3347,  0.6867,     6,  199.0,  0.7639,  0.5836
 2004,     2,  14,  0.2023,  0.7128,     6,  209.2,  0.7410,  0.5491
 2004,     2,  15,  0.1003,  0.9356,     6,  218.9,  0.9409,  0.8853
 2004,     2,  16,  0.0385,  1.0206,     6,  222.8,  1.0213,  1.0430
 2004,     2,  17,  0.0748,  0.8915,     6,  220.2,  0.8946,  0.8003
 2004,     2,  18, -0.0283,  0.6439,     7,  227.5,  0.6445,  0.4154
 2004,     2,  19, -0.3872,  0.3070,     8,  276.6,  0.4941,  0.2442
 2004,     2,  20, -0.8878,  0.2203,     8,  301.1,  0.9147,  0.8367
 2004,     2,  21, -0.9584,  0.2169,     8,  302.2,  0.9826,  0.9656
 2004,     2,  22, -0.8483,  0.3542,     8,  292.3,  0.9193,  0.8450
 2004,     2,  23, -0.5367,  0.4829,     8,  273.0,  0.7220,  0.5213
 2004,     2,  24, -0.1300,  0.6079,     7,  237.1,  0.6216,  0.3864
 2004,     2,  25,  0.2439,  0.5519,     6,  201.2,  0.6034,  0.3641
 2004,     2,  26,  0.7787,  0.4604,     5,  165.6,  0.9046,  0.8183
 2004,     2,  27,  1.0744,  0.4171,     5,  156.2,  1.1525,  1.3282
 2004,     2,  28,  1.2090,  0.4045,     5,  153.5,  1.2748,  1.6252
 2004,     2,  29,  1.1911,  0.5674,     5,  160.5,  1.3193,  1.7406
 2004,     3,   1,  1.1064,  0.6000,     5,  163.5,  1.2587,  1.5842
 2004,     3,   2,  1.1499,  0.4723,     5,  157.3,  1.2431,  1.5454
 2004,     3,   3,  1.2023,  0.2408,     5,  146.3,  1.2262,  1.5035
 2004,     3,   4,  0.8073, -0.1772,     4,  122.6,  0.8265,  0.6832
 2004,     3,   5,  0.5528, -0.6811,     3,   84.1,  0.8772,  0.7695
 2004,     3,   6,  0.6849, -0.8038,     3,   85.4,  1.0560,  1.1151
 2004,     3,   7,  0.7563, -0.9838,     3,   82.6,  1.2409,  1.5398
 2004,     3,   8,  0.8239, -1.1859,     3,   79.8,  1.4440,  2.0852
 2004,     3,   9,  0.9721, -0.9601,     4,   90.4,  1.3664,  1.8669
 2004,     3,  10,  1.3480, -0.6931,     4,  107.8,  1.5158,  2.2976
 2004,     3,  11,  1.8042, -0.6255,     4,  115.9,  1.9095,  3.6463
 2004,     3,  12,  2.0424, -0.3314,     4,  125.8,  2.0691,  4.2814
 2004,     3,  13,  2.3741, -0.2120,     4,  129.9,  2.3836,  5.6813
 2004,     3,  14,  2.6284, -0.0375,     4,  134.2,  2.6287,  6.9101
 2004,     3,  15,  2.7913,  0.3714,     5,  142.6,  2.8159,  7.9292
 2004,     3,  16,  2.6659,  0.7746,     5,  151.2,  2.7762,  7.7073
 2004,     3,  17,  2.4165,  1.4758,     5,  166.4,  2.8315,  8.0176
 2004,     3,  18,  2.2647,  1.8782,     5,  174.7,  2.9422,  8.6564
 2004,     3,  19,  1.9075,  2.2161,     6,  184.3,  2.9239,  8.5494
 2004,     3,  20,  1.7077,  2.4782,     6,  190.4,  3.0096,  9.0577
 2004,     3,  21,  1.4514,  2.8022,     6,  197.6,  3.1558,  9.9590
 2004,     3,  22,  1.0694,  2.9183,     6,  204.9,  3.1081,  9.6601
 2004,     3,  23,  0.6762,  3.0255,     6,  212.4,  3.1001,  9.6106
 2004,     3,  24,  0.0317,  3.0160,     6,  224.4,  3.0161,  9.0971
 2004,     3,  25, -0.5139,  2.7032,     7,  235.8,  2.7516,  7.5715
 2004,     3,  26, -1.0743,  2.2993,     7,  250.0,  2.5379,  6.4408
 2004,     3,  27, -1.7840,  1.8938,     7,  268.3,  2.6018,  6.7691
 2004,     3,  28, -2.0147,  1.4135,     8,  279.9,  2.4611,  6.0568
 2004,     3,  29, -2.1616,  0.7964,     8,  294.8,  2.3036,  5.3068
 2004,     3,  30, -2.1799,  0.5215,     8,  301.5,  2.2414,  5.0241
 2004,     3,  31, -2.2789,  0.2896,     8,  307.8,  2.2972,  5.2771
 2004,     4,   1, -2.0474, -0.1327,     1,  318.7,  2.0517,  4.2094
 2004,     4,   2, -1.6352, -0.5032,     1,  332.1,  1.7109,  2.9271
 2004,     4,   3, -1.3269, -0.7075,     1,  343.1,  1.5038,  2.2613
 2004,     4,   4, -1.0681, -0.3886,     1,  335.0,  1.1366,  1.2919
 2004,     4,   5, -0.8126, -0.2447,     1,  331.8,  0.8486,  0.7202
 2004,     4,   6, -0.5554, -0.3409,     1,  346.5,  0.6517,  0.4247
 2004,     4,   7, -0.2304, -0.3799,     2,   13.8,  0.4443,  0.1974
 2004,     4,   8, -0.0117, -0.2104,     2,   41.8,  0.2107,  0.0444
 2004,     4,   9, -0.3260,  0.2047,     8,  282.9,  0.3850,  0.1482
 2004,     4,  10, -0.8025,  0.6671,     8,  275.3,  1.0435,  1.0890
 2004,     4,  11, -1.1528,  0.8594,     8,  278.3,  1.4379,  2.0675
 2004,     4,  12, -1.0067,  0.8092,     8,  276.2,  1.2916,  1.6683
 2004,     4,  13, -1.0456,  0.8215,     8,  276.8,  1.3297,  1.7681
 2004,     4,  14, -1.1837,  0.9891,     8,  275.1,  1.5425,  2.3794
 2004,     4,  15, -1.0992,  0.9994,     8,  272.7,  1.4856,  2.2069
 2004,     4,  16, -1.0032,  0.7323,     8,  278.9,  1.2420,  1.5426
 2004,     4,  17, -0.7478,  0.4849,     8,  282.0,  0.8912,  0.7943
 2004,     4,  18, -0.5692,  0.0498,     8,  310.0,  0.5713,  0.3264
 2004,     4,  19, -0.7653, -0.5652,     1,  351.4,  0.9513,  0.9051
 2004,     4,  20, -0.7824, -1.0718,     2,    8.9,  1.3270,  1.7608
 2004,     4,  21, -0.5348, -1.3213,     2,   23.0,  1.4254,  2.0319
 2004,     4,  22, -0.5294, -1.5404,     2,   26.0,  1.6288,  2.6530
 2004,     4,  23, -0.4514, -1.5975,     2,   29.2,  1.6600,  2.7556
 2004,     4,  24, -0.4477, -1.6812,     2,   30.1,  1.7398,  3.0270
 2004,     4,  25, -0.2488, -1.7555,     2,   36.9,  1.7730,  3.1436
 2004,     4,  26,  0.0189, -1.8370,     3,   45.6,  1.8371,  3.3750
 2004,     4,  27,  0.4095, -1.5902,     3,   59.4,  1.6420,  2.6963
 2004,     4,  28,  0.9131, -1.6049,     3,   74.6,  1.8465,  3.4094
 2004,     4,  29,  1.2309, -1.6244,     3,   82.2,  2.0381,  4.1539
 2004,     4,  30,  1.5384, -1.6960,     3,   87.2,  2.2897,  5.2429
 2004,     5,   1,  1.6295, -1.7175,     3,   88.5,  2.3675,  5.6051
 2004,     5,   2,  1.6325, -1.7988,     3,   87.2,  2.4291,  5.9007
 2004,     5,   3,  1.7720, -1.9209,     3,   87.7,  2.6135,  6.8301
 2004,     5,   4,  1.9463, -1.9524,     3,   89.9,  2.7568,  7.5999
 2004,     5,   5,  2.0006, -2.0358,     3,   89.5,  2.8543,  8.1468
 2004,     5,   6,  2.0993, -1.5263,     4,   99.0,  2.5955,  6.7367
 2004,     5,   7,  2.4181, -0.9418,     4,  113.7,  2.5951,  6.7344
 2004,     5,   8,  2.4699, -0.3431,     4,  127.1,  2.4936,  6.2182
 2004,     5,   9,  2.3425, -0.0539,     4,  133.7,  2.3432,  5.4904
 2004,     5,  10,  2.1835,  0.2359,     5,  141.2,  2.1962,  4.8235
 2004,     5,  11,  2.1821,  0.6619,     5,  151.9,  2.2803,  5.1997
 2004,     5,  12,  2.1816,  0.9004,     5,  157.4,  2.3601,  5.5701
 2004,     5,  13,  1.8549,  0.9392,     5,  161.9,  2.0792,  4.3230
 2004,     5,  14,  1.1013,  1.0687,     5,  179.1,  1.5346,  2.3550
 2004,     5,  15,  0.6941,  0.9149,     6,  187.8,  1.1484,  1.3188
 2004,     5,  16,  0.4358,  0.6714,     6,  192.0,  0.8005,  0.6408
 2004,     5,  17,  0.0134,  0.4566,     6,  223.3,  0.4568,  0.2087
 2004,     5,  18, -0.4627,  0.1698,     8,  294.8,  0.4929,  0.2430
 2004,     5,  19, -0.3308, -0.0655,     1,  326.2,  0.3372,  0.1137
 2004,     5,  20, -0.2421,  0.1100,     8,  290.6,  0.2659,  0.0707
 2004,     5,  21, -0.1302,  0.1080,     8,  275.3,  0.1692,  0.0286
 2004,     5,  22, -0.0988, -0.0928,     1,  358.2,  0.1356,  0.0184
 2004,     5,  23, -0.1520, -0.2320,     2,   11.8,  0.2774,  0.0769
 2004,     5,  24, -0.5210, -0.4271,     1,  354.3,  0.6736,  0.4538
 2004,     5,  25, -0.8859, -0.7374,     1,  354.8,  1.1526,  1.3285
 2004,     5,  26, -1.1236, -1.1579,     2,    0.9,  1.6134,  2.6031
 2004,     5,  27, -1.1011, -1.4222,     2,    7.3,  1.7987,  3.2352
 2004,     5,  28, -0.8134, -1.4653,     2,   16.0,  1.6760,  2.8089
 2004,     5,  29, -0.2881, -1.2936,     2,   32.4,  1.3253,  1.7565
 2004,     5,  30,  0.0862, -0.9803,     3,   50.0,  0.9841,  0.9685
 2004,     5,  31,  0.3115, -0.6185,     3,   71.7,  0.6925,  0.4796
 2004,     6,   1,  0.5355, -0.2950,     4,  106.1,  0.6114,  0.3738
 2004,     6,   2,  0.5365, -0.1557,     4,  118.8,  0.5587,  0.3121
 2004,     6,   3,  0.5075, -0.0498,     4,  129.4,  0.5099,  0.2600
 2004,     6,   4,  0.1702, -0.0210,     4,  128.0,  0.1715,  0.0294
 2004,     6,   5,  0.1018, -0.1836,     3,   74.0,  0.2100,  0.0441
 2004,     6,   6,  0.0734, -0.1793,     3,   67.3,  0.1938,  0.0376
 2004,     6,   7,  0.0803, -0.2834,     3,   60.8,  0.2946,  0.0868
 2004,     6,   8,  0.1084, -0.2354,     3,   69.7,  0.2592,  0.0672
 2004,     6,   9,  0.2049, -0.2804,     3,   81.2,  0.3473,  0.1206
 2004,     6,  10,  0.6578, -0.1374,     4,  123.2,  0.6720,  0.4516
 2004,     6,  11,  0.7350, -0.2202,     4,  118.3,  0.7673,  0.5888
 2004,     6,  12,  0.9258, -0.1764,     4,  124.2,  0.9424,  0.8882
 2004,     6,  13,  1.0939,  0.0051,     5,  135.3,  1.0939,  1.1966
 2004,     6,  14,  1.2176,  0.1955,     5,  144.1,  1.2331,  1.5206
 2004,     6,  15,  0.9969,  0.5674,     5,  164.6,  1.1471,  1.3159
 2004,     6,  16,  0.7750,  0.7047,     5,  177.3,  1.0475,  1.0972
 2004,     6,  17,  0.5145,  1.1145,     6,  200.2,  1.2275,  1.5068
 2004,     6,  18,  0.4964,  1.4909,     6,  206.6,  1.5714,  2.4692
 2004,     6,  19,  0.4618,  1.7487,     6,  210.2,  1.8086,  3.2712
 2004,     6,  20,  0.4464,  1.5692,     6,  209.1,  1.6314,  2.6615
 2004,     6,  21,  0.3498,  1.3794,     6,  210.8,  1.4230,  2.0250
 2004,     6,  22,  0.0391,  1.7233,     6,  223.7,  1.7237,  2.9712
 2004,     6,  23, -0.2764,  1.8258,     7,  233.6,  1.8466,  3.4099
 2004,     6,  24, -0.3160,  1.8716,     7,  234.6,  1.8981,  3.6026
 2004,     6,  25, -0.2138,  1.8882,     7,  231.5,  1.9003,  3.6110
 2004,     6,  26, -0.3366,  1.8486,     7,  235.3,  1.8790,  3.5308
 2004,     6,  27, -0.6423,  1.9775,     7,  243.0,  2.0792,  4.3231
 2004,     6,  28, -0.8424,  2.4004,     7,  244.3,  2.5439,  6.4715
 2004,     6,  29, -0.9757,  2.3155,     7,  247.8,  2.5127,  6.3138
 2004,     6,  30, -1.3045,  1.7223,     7,  262.1,  2.1606,  4.6681
 2004,     7,   1, -1.6136,  1.0382,     8,  282.2,  1.9187,  3.6814
 2004,     7,   2, -1.7945,  0.6037,     8,  296.4,  1.8933,  3.5847
 2004,     7,   3, -1.9136,  0.2077,     8,  308.8,  1.9249,  3.7052
 2004,     7,   4, -2.0087, -0.2538,     1,  322.2,  2.0247,  4.0993
 2004,     7,   5, -2.3031, -0.5443,     1,  328.3,  2.3666,  5.6006
 2004,     7,   6, -2.3656, -0.8680,     1,  335.1,  2.5198,  6.3495
 2004,     7,   7, -2.2522, -1.1661,     1,  342.4,  2.5362,  6.4322
 2004,     7,   8, -2.0815, -1.2736,     1,  346.5,  2.4403,  5.9550
 2004,     7,   9, -2.0048, -1.1079,     1,  343.9,  2.2906,  5.2468
 2004,     7,  10, -1.7958, -1.0713,     1,  345.8,  2.0910,  4.3724
 2004,     7,  11, -1.5351, -0.9851,     1,  347.7,  1.8240,  3.3270
 2004,     7,  12, -1.4187, -1.1098,     1,  353.0,  1.8012,  3.2444
 2004,     7,  13, -1.3943, -1.2094,     1,  355.9,  1.8458,  3.4069
 2004,     7,  14, -1.1365, -1.3426,     2,    4.8,  1.7590,  3.0941
 2004,     7,  15, -1.0445, -1.3818,     2,    7.9,  1.7322,  3.0003
 2004,     7,  16, -1.0148, -1.1987,     2,    4.7,  1.5706,  2.4669
 2004,     7,  17, -1.0259, -0.7904,     1,  352.6,  1.2951,  1.6772
 2004,     7,  18, -1.0682, -0.5115,     1,  340.6,  1.1843,  1.4026
 2004,     7,  19, -0.9239, -0.3663,     1,  336.6,  0.9939,  0.9878
 2004,     7,  20, -0.8268, -0.2988,     1,  334.9,  0.8792,  0.7730
 2004,     7,  21, -0.7596, -0.4325,     1,  344.7,  0.8741,  0.7640
 2004,     7,  22, -0.7032, -0.6562,     1,  358.0,  0.9618,  0.9250
 2004,     7,  23, -0.6641, -0.6099,     1,  357.6,  0.9017,  0.8130
 2004,     7,  24, -0.4564, -0.4184,     1,  357.5,  0.6192,  0.3834
 2004,     7,  25, -0.2198, -0.2563,     2,    4.4,  0.3377,  0.1140
 2004,     7,  26,  0.0216, -0.4479,     3,   47.8,  0.4484,  0.2011
 2004,     7,  27,  0.1803, -0.5202,     3,   64.1,  0.5505,  0.3031
 2004,     7,  28,  0.3657, -0.6262,     3,   75.3,  0.7251,  0.5258
 2004,     7,  29,  0.2878, -0.3184,     3,   87.1,  0.4292,  0.1842
 2004,     7,  30,  0.3287,  0.2092,     5,  167.5,  0.3896,  0.1518
 2004,     7,  31,  0.3287,  0.6445,     6,  198.0,  0.7235,  0.5235
 2004,     8,   1,  0.3322,  0.6903,     6,  199.3,  0.7661,  0.5869
 2004,     8,   2,  0.4519,  0.7777,     6,  194.8,  0.8995,  0.8091
 2004,     8,   3,  0.6609,  0.9961,     6,  191.4,  1.1954,  1.4289
 2004,     8,   4,  0.6883,  1.2166,     6,  195.5,  1.3978,  1.9540
 2004,     8,   5,  0.6399,  1.4491,     6,  201.2,  1.5841,  2.5095
 2004,     8,   6,  0.6054,  1.4109,     6,  201.8,  1.5353,  2.3571
 2004,     8,   7,  0.7431,  1.3716,     6,  196.6,  1.5600,  2.4335
 2004,     8,   8,  0.6790,  1.3059,     6,  197.5,  1.4719,  2.1664
 2004,     8,   9,  0.5752,  1.1570,     6,  198.6,  1.2921,  1.6695
 2004,     8,  10,  0.5563,  1.3382,     6,  202.4,  1.4492,  2.1001
 2004,     8,  11,  0.3520,  1.3081,     6,  209.9,  1.3546,  1.8350
 2004,     8,  12,  0.0173,  1.5009,     6,  224.3,  1.5010,  2.2530
 2004,     8,  13, -0.0910,  1.7524,     7,  228.0,  1.7547,  3.0791
 2004,     8,  14, -0.0513,  1.7444,     7,  226.7,  1.7451,  3.0455
 2004,     8,  15, -0.0096,  1.6586,     7,  225.3,  1.6586,  2.7509
 2004,     8,  16, -0.0999,  1.2443,     7,  229.6,  1.2483,  1.5582
 2004,     8,  17, -0.2619,  1.0646,     7,  238.8,  1.0963,  1.2020
 2004,     8,  18, -0.5909,  1.1750,     7,  251.7,  1.3152,  1.7297
 2004,     8,  19, -0.7974,  1.1858,     7,  258.9,  1.4290,  2.0420
 2004,     8,  20, -1.0105,  0.8730,     8,  274.2,  1.3354,  1.7833
 2004,     8,  21, -1.2235,  0.4543,     8,  294.6,  1.3051,  1.7033
 2004,     8,  22, -1.4593,  0.0789,     8,  311.9,  1.4614,  2.1358
 2004,     8,  23, -1.5388, -0.0432,     1,  316.6,  1.5394,  2.3698
 2004,     8,  24, -1.3357, -0.0622,     1,  317.7,  1.3371,  1.7878
 2004,     8,  25, -1.1648, -0.1703,     1,  323.3,  1.1772,  1.3858
 2004,     8,  26, -1.1195, -0.0621,     1,  318.2,  1.1212,  1.2571
 2004,     8,  27, -1.0537, -0.0467,     1,  317.5,  1.0547,  1.1124
 2004,     8,  28, -1.0566, -0.1143,     1,  321.2,  1.0628,  1.1295
 2004,     8,  29, -0.9110, -0.1995,     1,  327.4,  0.9326,  0.8697
 2004,     8,  30, -0.9072, -0.0569,     1,  318.6,  0.9089,  0.8262
 2004,     8,  31, -0.7043, -0.2943,     1,  337.7,  0.7633,  0.5826
 2004,     9,   1, -0.8087, -0.2756,     1,  333.8,  0.8543,  0.7299
 2004,     9,   2, -0.8856, -0.4535,     1,  342.1,  0.9949,  0.9899
 2004,     9,   3, -0.9932, -0.7171,     1,  350.8,  1.2250,  1.5007
 2004,     9,   4, -0.8801, -0.6757,     1,  352.5,  1.1096,  1.2312
 2004,     9,   5, -0.7460, -0.8598,     2,    4.1,  1.1383,  1.2958
 2004,     9,   6, -0.6718, -1.0695,     2,   12.9,  1.2630,  1.5952
 2004,     9,   7, -0.5076, -1.0380,     2,   18.9,  1.1555,  1.3351
 2004,     9,   8, -0.5406, -0.9148,     2,   14.4,  1.0626,  1.1291
 2004,     9,   9, -0.4750, -1.0564,     2,   20.8,  1.1583,  1.3416
 2004,     9,  10, -0.4284, -1.3659,     2,   27.6,  1.4315,  2.0493
 2004,     9,  11, -0.4247, -1.3852,     2,   28.0,  1.4489,  2.0992
 2004,     9,  12, -0.4225, -1.5115,     2,   29.4,  1.5695,  2.4633
 2004,     9,  13, -0.4690, -1.7145,     2,   29.7,  1.7774,  3.1593
 2004,     9,  14, -0.5526, -1.5420,     2,   25.3,  1.6380,  2.6832
 2004,     9,  15, -0.6487, -1.5778,     2,   22.6,  1.7060,  2.9104
 2004,     9,  16, -0.7659, -1.5293,     2,   18.4,  1.7104,  2.9254
 2004,     9,  17, -0.8621, -1.3885,     2,   13.2,  1.6344,  2.6711
 2004,     9,  18, -0.7700, -1.5479,     2,   18.6,  1.7289,  2.9890
 2004,     9,  19, -0.7520, -1.8220,     2,   22.6,  1.9711,  3.8851
 2004,     9,  20, -0.7103, -2.0069,     2,   25.5,  2.1289,  4.5323
 2004,     9,  21, -0.6529, -1.8928,     2,   26.0,  2.0022,  4.0088
 2004,     9,  22, -0.4358, -1.6509,     2,   30.2,  1.7074,  2.9152
 2004,     9,  23, -0.2784, -1.6089,     2,   35.2,  1.6328,  2.6662
 2004,     9,  24, -0.0627, -1.5109,     2,   42.6,  1.5122,  2.2866
 2004,     9,  25,  0.1681, -1.3696,     3,   52.0,  1.3798,  1.9039
 2004,     9,  26,  0.2421, -1.2275,     3,   56.2,  1.2512,  1.5655
 2004,     9,  27,  0.2916, -0.8473,     3,   64.0,  0.8961,  0.8030
 2004,     9,  28,  0.5602, -0.6843,     3,   84.3,  0.8843,  0.7820
 2004,     9,  29,  0.7706, -0.5388,     4,  100.0,  0.9403,  0.8842
 2004,     9,  30,  0.8609, -0.2310,     4,  120.0,  0.8914,  0.7946
 2004,    10,   1,  1.1516, -0.0785,     4,  131.1,  1.1543,  1.3323
 2004,    10,   2,  1.2685,  0.0377,     5,  136.7,  1.2691,  1.6106
 2004,    10,   3,  1.3830,  0.0331,     5,  136.4,  1.3834,  1.9137
 2004,    10,   4,  1.3836,  0.3826,     5,  150.5,  1.4355,  2.0608
 2004,    10,   5,  1.3554,  0.4870,     5,  154.8,  1.4403,  2.0743
 2004,    10,   6,  1.2280,  0.7759,     5,  167.3,  1.4526,  2.1101
 2004,    10,   7,  1.0845,  0.8841,     5,  174.2,  1.3992,  1.9578
 2004,    10,   8,  0.9804,  1.0459,     6,  181.9,  1.4335,  2.0550
 2004,    10,   9,  0.6386,  0.9498,     6,  191.1,  1.1446,  1.3100
 2004,    10,  10,  0.3511,  0.8325,     6,  202.1,  0.9035,  0.8163
 2004,    10,  11,  0.0860,  0.7318,     6,  218.3,  0.7369,  0.5430
 2004,    10,  12,  0.0160,  0.6899,     6,  223.7,  0.6901,  0.4763
 2004,    10,  13, -0.1906,  0.8356,     7,  237.9,  0.8570,  0.7345
 2004,    10,  14, -0.4769,  1.1212,     7,  248.0,  1.2184,  1.4846
 2004,    10,  15, -0.7909,  1.3072,     7,  256.2,  1.5279,  2.3344
 2004,    10,  16, -1.1539,  1.4391,     7,  263.7,  1.8446,  3.4025
 2004,    10,  17, -1.4543,  1.0812,     8,  278.4,  1.8122,  3.2840
 2004,    10,  18, -1.7287,  0.5685,     8,  296.8,  1.8198,  3.3117
 2004,    10,  19, -2.0204,  0.0789,     8,  312.8,  2.0220,  4.0883
 2004,    10,  20, -2.1364, -0.3074,     1,  323.2,  2.1584,  4.6585
 2004,    10,  21, -2.2361, -0.6869,     1,  332.1,  2.3392,  5.4721
 2004,    10,  22, -2.0181, -0.9115,     1,  339.3,  2.2144,  4.9037
 2004,    10,  23, -1.6424, -1.4044,     1,  355.5,  2.1610,  4.6700
 2004,    10,  24, -1.5909, -1.6035,     2,    0.2,  2.2588,  5.1023
 2004,    10,  25, -1.4912, -1.6256,     2,    2.5,  2.2060,  4.8665
 2004,    10,  26, -1.2482, -1.6188,     2,    7.4,  2.0441,  4.1785
 2004,    10,  27, -1.0263, -1.6889,     2,   13.7,  1.9762,  3.9056
 2004,    10,  28, -0.7475, -1.8028,     2,   22.5,  1.9516,  3.8087
 2004,    10,  29, -0.4040, -1.6171,     2,   31.0,  1.6668,  2.7782
 2004,    10,  30, -0.0341, -1.4007,     2,   43.6,  1.4011,  1.9631
 2004,    10,  31,  0.1245, -1.1697,     3,   51.1,  1.1763,  1.3838
 2004,    11,   1,  0.2377, -1.0329,     3,   58.0,  1.0599,  1.1234
 2004,    11,   2,  0.2283, -0.8753,     3,   59.6,  0.9046,  0.8182
 2004,    11,   3,  0.2442, -0.6151,     3,   66.7,  0.6618,  0.4380
 2004,    11,   4,  0.1958, -0.3742,     3,   72.6,  0.4223,  0.1783
 2004,    11,   5,  0.0472, -0.2287,     3,   56.7,  0.2335,  0.0545
 2004,    11,   6, -0.0392, -0.3107,     2,   37.8,  0.3132,  0.0981
 2004,    11,   7, -0.2653, -0.1884,     1,  350.4,  0.3254,  0.1059
 2004,    11,   8, -0.4095, -0.1826,     1,  339.0,  0.4483,  0.2010
 2004,    11,   9, -0.4776,  0.0009,     8,  314.9,  0.4776,  0.2281
 2004,    11,  10, -0.4704,  0.3967,     8,  274.9,  0.6153,  0.3786
 2004,    11,  11, -0.4133,  0.4622,     7,  266.8,  0.6201,  0.3845
 2004,    11,  12, -0.5086,  0.4378,     8,  274.3,  0.6711,  0.4504
 2004,    11,  13, -0.3526,  0.2755,     8,  277.0,  0.4474,  0.2002
 2004,    11,  14,  0.0579,  0.3169,     6,  214.7,  0.3221,  0.1038
 2004,    11,  15,  0.2380,  0.1846,     5,  172.8,  0.3012,  0.0907
 2004,    11,  16,  0.2158,  0.0449,     5,  146.7,  0.2204,  0.0486
 2004,    11,  17,  0.0123, -0.0189,     3,   78.0,  0.0225,  0.0005
 2004,    11,  18, -0.2138, -0.0335,     1,  323.9,  0.2164,  0.0468
 2004,    11,  19, -0.3890, -0.2225,     1,  344.8,  0.4482,  0.2009
 2004,    11,  20, -0.2130, -0.5041,     2,   22.1,  0.5472,  0.2995
 2004,    11,  21, -0.1430, -0.6466,     2,   32.5,  0.6623,  0.4386
 2004,    11,  22, -0.1609, -0.5678,     2,   29.2,  0.5901,  0.3483
 2004,    11,  23, -0.3672, -0.5849,     2,   12.9,  0.6906,  0.4769
 2004,    11,  24, -0.3444, -0.6043,     2,   15.3,  0.6956,  0.4838
 2004,    11,  25, -0.2119, -0.6440,     2,   26.8,  0.6780,  0.4596
 2004,    11,  26, -0.0210, -0.7243,     2,   43.3,  0.7246,  0.5251
 2004,    11,  27,  0.2238, -0.7746,     3,   61.1,  0.8062,  0.6500
 2004,    11,  28,  0.2515, -0.4982,     3,   71.8,  0.5581,  0.3115
 2004,    11,  29,  0.4171, -0.3797,     4,   92.7,  0.5641,  0.3182
 2004,    11,  30,  0.7995, -0.3800,     4,  109.6,  0.8852,  0.7836
 2004,    12,   1,  0.8094, -0.1430,     4,  125.0,  0.8219,  0.6756
 2004,    12,   2,  0.8397,  0.2414,     5,  151.0,  0.8737,  0.7633
 2004,    12,   3,  0.5865,  0.5294,     5,  177.1,  0.7901,  0.6242
 2004,    12,   4,  0.1799,  0.6833,     6,  210.2,  0.7066,  0.4992
 2004,    12,   5,  0.1545,  0.6973,     6,  212.5,  0.7142,  0.5101
 2004,    12,   6,  0.1271,  0.5601,     6,  212.2,  0.5743,  0.3299
 2004,    12,   7, -0.1287,  0.7502,     7,  234.7,  0.7612,  0.5794
 2004,    12,   8, -0.2358,  0.9053,     7,  239.6,  0.9355,  0.8751
 2004,    12,   9, -0.1445,  0.6318,     7,  237.9,  0.6481,  0.4201
 2004,    12,  10, -0.2969,  0.3180,     7,  268.0,  0.4351,  0.1893
 2004,    12,  11, -0.5998,  0.1153,     8,  304.1,  0.6108,  0.3731
 2004,    12,  12, -0.6593,  0.1586,     8,  301.5,  0.6781,  0.4599
 2004,    12,  13, -0.4553,  0.3230,     8,  279.6,  0.5582,  0.3116
 2004,    12,  14, -0.3849,  0.2834,     8,  278.6,  0.4780,  0.2285
 2004,    12,  15, -0.2120,  0.0491,     8,  302.0,  0.2176,  0.0473
 2004,    12,  16, -0.2530, -0.2576,     2,    0.5,  0.3611,  0.1304
 2004,    12,  17,  0.0267, -0.3634,     3,   49.2,  0.3644,  0.1328
 2004,    12,  18,  0.0858, -0.3367,     3,   59.3,  0.3475,  0.1207
 2004,    12,  19,  0.2128, -0.0764,     4,  115.3,  0.2261,  0.0511
 2004,    12,  20,  0.1927, -0.0292,     4,  126.4,  0.1949,  0.0380
 2004,    12,  21,  0.0293, -0.3261,     3,   50.1,  0.3275,  0.1072
 2004,    12,  22, -0.2418, -0.4828,     2,   18.4,  0.5400,  0.2916
 2004,    12,  23, -0.6623, -0.7409,     2,    3.2,  0.9938,  0.9876
 2004,    12,  24, -0.9349, -1.0027,     2,    2.0,  1.3709,  1.8795
 2004,    12,  25, -0.7019, -1.1578,     2,   13.8,  1.3540,  1.8332
 2004,    12,  26, -0.2313, -1.2876,     2,   34.8,  1.3082,  1.7114
 2004,    12,  27,  0.0882, -1.1710,     3,   49.3,  1.1744,  1.3791
 2004,    12,  28,  0.2557, -1.1073,     3,   58.0,  1.1364,  1.2915
 2004,    12,  29,  0.4088, -1.0079,     3,   67.1,  1.0876,  1.1830
 2004,    12,  30,  0.6139, -0.8612,     3,   80.5,  1.0576,  1.1185
 2004,    12,  31,  0.8570, -0.9124,     3,   88.2,  1.2517,  1.5669
 2005,     1,   1,  0.9436, -0.7953,     4,   94.9,  1.2340,  1.5228
 2005,     1,   2,  1.1594, -0.6301,     4,  106.5,  1.3196,  1.7412
 2005,     1,   3,  1.3954, -0.5250,     4,  114.4,  1.4909,  2.2228
 2005,     1,   4,  1.7252, -0.3061,     4,  124.9,  1.7522,  3.0700
 2005,     1,   5,  1.7495, -0.0743,     4,  132.6,  1.7511,  3.0664
 2005,     1,   6,  1.5476,  0.2216,     5,  143.1,  1.5633,  2.4440
 2005,     1,   7,  1.2181,  0.6346,     5,  162.5,  1.3735,  1.8865
 2005,     1,   8,  1.0056,  1.0245,     6,  180.5,  1.4356,  2.0609
 2005,     1,   9,  0.8335,  1.3012,     6,  192.4,  1.5453,  2.3878
 2005,     1,  10,  0.5047,  1.2452,     6,  202.9,  1.3436,  1.8052
 2005,     1,  11,  0.1702,  1.0254,     6,  215.6,  1.0394,  1.0804
 2005,     1,  12, -0.1198,  1.0833,     7,  231.3,  1.0899,  1.1879
 2005,     1,  13, -0.1117,  0.9732,     7,  231.5,  0.9795,  0.9595
 2005,     1,  14, -0.2520,  0.9099,     7,  240.5,  0.9441,  0.8914
 2005,     1,  15, -0.1582,  0.9658,     7,  234.3,  0.9787,  0.9579
 2005,     1,  16, -0.0836,  1.2370,     7,  228.9,  1.2399,  1.5372
 2005,     1,  17, -0.2603,  1.2319,     7,  236.9,  1.2591,  1.5853
 2005,     1,  18, -0.3427,  1.3246,     7,  239.5,  1.3682,  1.8719
 2005,     1,  19, -0.5025,  1.2052,     7,  247.6,  1.3058,  1.7051
 2005,     1,  20, -0.9999,  0.9839,     8,  270.5,  1.4028,  1.9678
 2005,     1,  21, -1.3871,  0.4601,     8,  296.6,  1.4614,  2.1357
 2005,     1,  22, -1.3062,  0.1252,     8,  309.5,  1.3122,  1.7218
 2005,     1,  23, -1.0147,  0.0165,     8,  314.1,  1.0149,  1.0299
 2005,     1,  24, -0.6643,  0.0545,     8,  310.3,  0.6665,  0.4442
 2005,     1,  25, -0.2657,  0.0607,     8,  302.1,  0.2726,  0.0743
 2005,     1,  26, -0.0260, -0.0338,     2,    7.4,  0.0427,  0.0018
 2005,     1,  27,  0.1373,  0.0150,     5,  141.3,  0.1381,  0.0191
 2005,     1,  28,  0.3367,  0.2523,     5,  171.9,  0.4207,  0.1770
 2005,     1,  29,  0.2115,  0.2910,     6,  189.0,  0.3598,  0.1294
 2005,     1,  30,  0.3325,  0.5655,     6,  194.5,  0.6560,  0.4304
 2005,     1,  31,  0.4808,  1.2244,     6,  203.6,  1.3154,  1.7302
 2005,     2,   1,  0.1515,  1.5245,     6,  219.3,  1.5320,  2.3471
 2005,     2,   2, -0.0354,  1.7034,     7,  226.2,  1.7038,  2.9030
 2005,     2,   3, -0.2352,  1.6652,     7,  233.0,  1.6817,  2.8283
 2005,     2,   4, -0.3169,  1.7122,     7,  235.5,  1.7413,  3.0321
 2005,     2,   5, -0.3543,  1.6603,     7,  237.0,  1.6977,  2.8822
 2005,     2,   6, -0.5237,  1.6565,     7,  242.5,  1.7373,  3.0181
 2005,     2,   7, -0.8810,  1.7014,     7,  252.4,  1.9160,  3.6710
 2005,     2,   8, -1.1916,  1.3858,     7,  265.7,  1.8277,  3.3404
 2005,     2,   9, -1.2613,  1.1588,     8,  272.4,  1.7128,  2.9337
 2005,     2,  10, -1.4373,  0.8840,     8,  283.4,  1.6874,  2.8475
 2005,     2,  11, -1.6113,  0.8723,     8,  286.6,  1.8323,  3.3572
 2005,     2,  12, -1.7241,  1.0467,     8,  283.7,  2.0169,  4.0681
 2005,     2,  13, -1.6238,  1.0076,     8,  283.2,  1.9111,  3.6522
 2005,     2,  14, -1.4714,  0.7504,     8,  288.0,  1.6517,  2.7281
 2005,     2,  15, -1.1922,  0.4506,     8,  294.3,  1.2746,  1.6245
 2005,     2,  16, -0.7509,  0.3540,     8,  289.8,  0.8301,  0.6891
 2005,     2,  17, -0.4640,  0.4704,     7,  269.6,  0.6607,  0.4366
 2005,     2,  18, -0.3755,  0.5970,     7,  257.2,  0.7052,  0.4973
 2005,     2,  19, -0.4417,  0.5434,     7,  264.1,  0.7003,  0.4904
 2005,     2,  20, -0.4629,  0.4462,     8,  271.1,  0.6429,  0.4133
 2005,     2,  21, -0.5381,  0.3551,     8,  281.6,  0.6447,  0.4156
 2005,     2,  22, -0.8791,  0.4895,     8,  285.9,  1.0062,  1.0124
 2005,     2,  23, -0.8837,  0.5281,     8,  284.1,  1.0295,  1.0598
 2005,     2,  24, -0.9495,  0.4438,     8,  289.9,  1.0481,  1.0985
 2005,     2,  25, -1.2092,  0.1986,     8,  305.7,  1.2253,  1.5015
 2005,     2,  26, -1.2527,  0.1074,     8,  310.1,  1.2573,  1.5807
 2005,     2,  27, -1.2633,  0.0815,     8,  311.3,  1.2659,  1.6026
 2005,     2,  28, -1.1464, -0.2428,     1,  327.0,  1.1718,  1.3731
 2005,     3,   1, -1.0043, -0.2449,     1,  328.7,  1.0337,  1.0686
 2005,     3,   2, -1.0267, -0.1464,     1,  323.1,  1.0371,  1.0755
 2005,     3,   3, -1.0828,  0.0549,     8,  312.1,  1.0841,  1.1754
 2005,     3,   4, -1.3463,  0.4989,     8,  294.7,  1.4358,  2.0615
 2005,     3,   5, -1.5658,  0.5715,     8,  294.9,  1.6669,  2.7784
 2005,     3,   6, -1.5068,  0.4735,     8,  297.6,  1.5794,  2.4946
 2005,     3,   7, -1.5965,  0.5657,     8,  295.5,  1.6938,  2.8689
 2005,     3,   8, -1.4606,  0.3567,     8,  301.3,  1.5036,  2.2607
 2005,     3,   9, -1.2964,  0.2920,     8,  302.3,  1.3289,  1.7660
 2005,     3,  10, -0.9791,  0.3687,     8,  294.4,  1.0462,  1.0945
 2005,     3,  11, -0.9453,  0.3978,     8,  292.2,  1.0256,  1.0519
 2005,     3,  12, -1.0100,  0.2685,     8,  300.1,  1.0451,  1.0923
 2005,     3,  13, -0.8923, -0.1302,     1,  323.3,  0.9018,  0.8132
 2005,     3,  14, -0.7072, -0.7038,     1,  359.9,  0.9977,  0.9954
 2005,     3,  15, -0.8707, -0.9468,     2,    2.4,  1.2863,  1.6545
 2005,     3,  16, -1.0779, -1.1169,     2,    1.0,  1.5522,  2.4094
 2005,     3,  17, -0.7619, -0.9573,     2,    6.5,  1.2235,  1.4969
 2005,     3,  18, -0.3554, -1.1183,     2,   27.4,  1.1734,  1.3769
 2005,     3,  19, -0.1204, -1.6739,     2,   40.9,  1.6782,  2.8165
 2005,     3,  20,  0.2151, -1.6838,     3,   52.3,  1.6975,  2.8815
 2005,     3,  21,  0.5744, -1.6395,     3,   64.3,  1.7373,  3.0181
 2005,     3,  22,  0.7671, -1.6594,     3,   69.8,  1.8281,  3.3420
 2005,     3,  23,  1.1846, -1.7018,     3,   79.8,  2.0735,  4.2996
 2005,     3,  24,  1.1856, -1.6631,     3,   80.5,  2.0425,  4.1716
 2005,     3,  25,  1.3094, -1.8967,     3,   79.6,  2.3048,  5.3122
 2005,     3,  26,  1.4911, -2.1861,     3,   79.3,  2.6462,  7.0024
 2005,     3,  27,  1.6050, -2.4013,     3,   78.8,  2.8882,  8.3420
 2005,     3,  28,  1.8987, -2.5132,     3,   82.1,  3.1498,  9.9210
 2005,     3,  29,  2.2482, -2.4341,     3,   87.7,  3.3135, 10.9792
 2005,     3,  30,  2.5908, -2.4734,     4,   91.3,  3.5819, 12.8300
 2005,     3,  31,  2.8793, -2.4598,     4,   94.5,  3.7869, 14.3409
 2005,     4,   1,  3.1071, -2.3233,     4,   98.2,  3.8797, 15.0518
 2005,     4,   2,  3.0857, -2.0794,     4,  101.0,  3.7209, 13.8453
 2005,     4,   3,  3.1967, -1.9387,     4,  103.8,  3.7387, 13.9775
 2005,     4,   4,  3.1313, -1.8713,     4,  104.1,  3.6478, 13.3064
 2005,     4,   5,  3.0126, -1.5453,     4,  107.8,  3.3858, 11.4638
 2005,     4,   6,  3.1190, -1.0507,     4,  116.4,  3.2913, 10.8323
 2005,     4,   7,  3.2736, -0.6505,     4,  123.8,  3.3376, 11.1397
 2005,     4,   8,  3.2193, -0.1952,     4,  131.5,  3.2252, 10.4019
 2005,     4,   9,  2.9200,  0.3801,     5,  142.4,  2.9446,  8.6706
 2005,     4,  10,  2.5489,  0.8494,     5,  153.4,  2.6867,  7.2183
 2005,     4,  11,  2.1452,  1.3972,     5,  168.1,  2.5600,  6.5538
 2005,     4,  12,  1.7427,  1.7758,     6,  180.5,  2.4881,  6.1905
 2005,     4,  13,  1.3464,  2.0637,     6,  191.9,  2.4641,  6.0718
 2005,     4,  14,  0.8653,  2.2973,     6,  204.4,  2.4549,  6.0263
 2005,     4,  15,  0.1569,  2.3699,     6,  221.2,  2.3751,  5.6412
 2005,     4,  16, -0.4312,  2.0964,     7,  236.6,  2.1403,  4.5807
 2005,     4,  17, -1.0369,  1.8021,     7,  254.9,  2.0791,  4.3228
 2005,     4,  18, -1.6256,  1.3628,     8,  275.0,  2.1213,  4.5000
 2005,     4,  19, -2.2043,  1.0139,     8,  290.3,  2.4263,  5.8870
 2005,     4,  20, -2.5060,  0.8931,     8,  295.4,  2.6604,  7.0778
 2005,     4,  21, -2.5555,  0.6997,     8,  299.7,  2.6496,  7.0202
 2005,     4,  22, -2.4393,  0.3676,     8,  306.4,  2.4669,  6.0855
 2005,     4,  23, -2.4414,  0.4231,     8,  305.2,  2.4778,  6.1396
 2005,     4,  24, -2.3167,  0.3345,     8,  306.8,  2.3407,  5.4789
 2005,     4,  25, -2.0229, -0.0598,     1,  316.7,  2.0237,  4.0956
 2005,     4,  26, -1.9741, -0.5591,     1,  330.8,  2.0518,  4.2097
 2005,     4,  27, -1.9560, -0.8224,     1,  337.8,  2.1218,  4.5022
 2005,     4,  28, -1.7714, -0.7701,     1,  338.5,  1.9315,  3.7307
 2005,     4,  29, -1.5080, -1.0635,     1,  350.2,  1.8453,  3.4052
 2005,     4,  30, -1.0483, -1.5642,     2,   11.2,  1.8830,  3.5457
 2005,     5,   1, -0.1841, -2.0157,     2,   39.8,  2.0241,  4.0971
 2005,     5,   2,  0.1720, -2.2763,     3,   49.3,  2.2828,  5.2110
 2005,     5,   3,  0.9303, -2.3943,     3,   66.2,  2.5687,  6.5982
 2005,     5,   4,  1.6608, -2.1610,     3,   82.5,  2.7255,  7.4283
 2005,     5,   5,  2.3788, -1.7329,     4,   98.9,  2.9431,  8.6618
 2005,     5,   6,  2.8237, -1.3311,     4,  109.8,  3.1217,  9.7451
 2005,     5,   7,  3.0211, -1.2204,     4,  113.0,  3.2582, 10.6161
 2005,     5,   8,  3.0276, -0.7525,     4,  121.0,  3.1197,  9.7327
 2005,     5,   9,  2.9236,  0.0293,     5,  135.6,  2.9237,  8.5481
 2005,     5,  10,  2.6726,  0.7708,     5,  151.1,  2.7815,  7.7368
 2005,     5,  11,  2.0615,  1.2367,     5,  166.0,  2.4040,  5.7791
 2005,     5,  12,  1.2303,  1.6232,     6,  187.8,  2.0367,  4.1483
 2005,     5,  13,  0.6723,  1.4896,     6,  200.7,  1.6343,  2.6710
 2005,     5,  14,  0.2729,  1.3688,     6,  213.7,  1.3957,  1.9480
 2005,     5,  15, -0.1092,  1.4860,     7,  229.2,  1.4900,  2.2201
 2005,     5,  16, -0.6628,  1.6709,     7,  246.6,  1.7975,  3.2311
 2005,     5,  17, -0.9039,  1.6184,     7,  254.2,  1.8537,  3.4363
 2005,     5,  18, -1.0121,  1.4611,     7,  259.7,  1.7774,  3.1591
 2005,     5,  19, -1.2716,  1.0940,     8,  274.3,  1.6774,  2.8137
 2005,     5,  20, -1.4126,  0.6607,     8,  289.9,  1.5595,  2.4320
 2005,     5,  21, -1.3992,  0.3139,     8,  302.4,  1.4340,  2.0563
 2005,     5,  22, -1.2193, -0.0437,     1,  317.1,  1.2201,  1.4886
 2005,     5,  23, -0.7827, -0.2498,     1,  332.7,  0.8216,  0.6751
 2005,     5,  24, -0.2104, -0.3285,     2,   12.4,  0.3901,  0.1521
 2005,     5,  25,  0.2209, -0.2867,     3,   82.6,  0.3619,  0.1310
 2005,     5,  26,  0.5834, -0.1893,     4,  117.0,  0.6134,  0.3762
 2005,     5,  27,  0.8273, -0.2259,     4,  119.7,  0.8575,  0.7354
 2005,     5,  28,  1.0469, -0.1243,     4,  128.2,  1.0543,  1.1115
 2005,     5,  29,  0.9552,  0.0109,     5,  135.7,  0.9553,  0.9126
 2005,     5,  30,  0.9926,  0.0599,     5,  138.5,  0.9944,  0.9888
 2005,     5,  31,  0.9039,  0.2665,     5,  151.4,  0.9424,  0.8881
 2005,     6,   1,  0.9691,  0.4002,     5,  157.4,  1.0484,  1.0992
 2005,     6,   2,  0.7267,  0.3943,     5,  163.5,  0.8268,  0.6836
 2005,     6,   3,  0.5444,  0.5354,     5,  179.5,  0.7635,  0.5829
 2005,     6,   4,  0.3678,  0.2517,     5,  169.4,  0.4457,  0.1986
 2005,     6,   5,  0.2115, -0.0863,     4,  112.8,  0.2284,  0.0522
 2005,     6,   6,  0.3003, -0.3241,     3,   87.8,  0.4419,  0.1953
 2005,     6,   7,  0.4900, -0.5393,     3,   87.3,  0.7286,  0.5309
 2005,     6,   8,  0.5054, -0.7700,     3,   78.3,  0.9211,  0.8484
 2005,     6,   9,  0.2938, -0.8048,     3,   65.1,  0.8567,  0.7340
 2005,     6,  10,  0.1614, -0.8486,     3,   55.8,  0.8638,  0.7462
 2005,     6,  11,  0.3082, -0.8229,     3,   65.5,  0.8787,  0.7722
 2005,     6,  12,  0.5528, -0.7299,     3,   82.1,  0.9156,  0.8383
 2005,     6,  13,  0.6695, -0.4659,     4,  100.2,  0.8156,  0.6653
 2005,     6,  14,  0.9471, -0.3901,     4,  112.6,  1.0242,  1.0491
 2005,     6,  15,  1.1645, -0.3571,     4,  117.9,  1.2180,  1.4835
 2005,     6,  16,  1.2054, -0.4217,     4,  115.7,  1.2770,  1.6308
 2005,     6,  17,  1.1808, -0.5768,     4,  109.0,  1.3142,  1.7271
 2005,     6,  18,  1.2592, -0.5229,     4,  112.4,  1.3634,  1.8589
 2005,     6,  19,  1.2689, -0.6352,     4,  108.4,  1.4190,  2.0135
 2005,     6,  20,  1.2722, -0.9017,     4,   99.7,  1.5593,  2.4315
 2005,     6,  21,  1.1422, -0.8141,     4,   99.5,  1.4026,  1.9674
 2005,     6,  22,  0.8338, -0.7147,     4,   94.4,  1.0981,  1.2059
 2005,     6,  23,  0.5163, -0.6022,     3,   85.6,  0.7932,  0.6292
 2005,     6,  24,  0.3020, -0.4730,     3,   77.6,  0.5612,  0.3149
 2005,     6,  25,  0.0017, -0.6779,     3,   45.1,  0.6779,  0.4595
 2005,     6,  26, -0.0515, -0.7701,     2,   41.2,  0.7718,  0.5957
 2005,     6,  27, -0.0985, -0.9261,     2,   38.9,  0.9313,  0.8674
 2005,     6,  28, -0.0650, -0.8478,     2,   40.6,  0.8503,  0.7230
 2005,     6,  29, -0.1105, -0.9164,     2,   38.1,  0.9230,  0.8520
 2005,     6,  30, -0.1076, -1.2051,     2,   39.9,  1.2099,  1.4638
 2005,     7,   1, -0.1069, -1.2865,     2,   40.2,  1.2909,  1.6664
 2005,     7,   2, -0.0545, -1.2880,     2,   42.6,  1.2892,  1.6620
 2005,     7,   3,  0.0138, -1.3927,     3,   45.6,  1.3928,  1.9398
 2005,     7,   4,  0.0735, -1.4173,     3,   48.0,  1.4192,  2.0140
 2005,     7,   5,  0.0231, -1.3656,     3,   46.0,  1.3658,  1.8655
 2005,     7,   6, -0.0446, -1.0215,     2,   42.5,  1.0225,  1.0455
 2005,     7,   7, -0.1515, -0.7953,     2,   34.2,  0.8096,  0.6555
 2005,     7,   8, -0.1832, -0.6232,     2,   28.6,  0.6496,  0.4219
 2005,     7,   9, -0.2111, -0.5725,     2,   24.8,  0.6102,  0.3723
 2005,     7,  10, -0.2814, -0.5768,     2,   19.0,  0.6418,  0.4119
 2005,     7,  11, -0.4525, -0.4505,     1,  359.9,  0.6385,  0.4077
 2005,     7,  12, -0.5031, -0.4267,     1,  355.3,  0.6597,  0.4352
 2005,     7,  13, -0.4150, -0.8156,     2,   18.0,  0.9152,  0.8375
 2005,     7,  14, -0.5750, -0.8862,     2,   12.0,  1.0564,  1.1160
 2005,     7,  15, -0.5408, -0.7258,     2,    8.3,  0.9051,  0.8193
 2005,     7,  16, -0.1933, -0.5549,     2,   25.8,  0.5876,  0.3453
 2005,     7,  17,  0.0300, -0.5054,     3,   48.4,  0.5063,  0.2564
 2005,     7,  18, -0.0690, -0.4987,     2,   37.1,  0.5035,  0.2535
 2005,     7,  19,  0.0157, -0.2430,     3,   48.7,  0.2435,  0.0593
 2005,     7,  20,  0.2954, -0.1062,     4,  115.2,  0.3139,  0.0985
 2005,     7,  21,  0.6521, -0.1032,     4,  126.0,  0.6602,  0.4359
 2005,     7,  22,  0.7880, -0.2786,     4,  115.5,  0.8358,  0.6986
 2005,     7,  23,  0.9038, -0.0813,     4,  129.9,  0.9075,  0.8235
 2005,     7,  24,  1.1776,  0.1440,     5,  142.0,  1.1864,  1.4074
 2005,     7,  25,  1.2651,  0.4196,     5,  153.4,  1.3329,  1.7765
 2005,     7,  26,  1.3299,  0.7476,     5,  164.3,  1.5256,  2.3276
 2005,     7,  27,  1.1529,  0.7910,     5,  169.5,  1.3982,  1.9549
 2005,     7,  28,  1.0497,  0.5751,     5,  163.7,  1.1969,  1.4326
 2005,     7,  29,  1.2132,  0.4181,     5,  154.0,  1.2832,  1.6467
 2005,     7,  30,  1.4316,  0.5018,     5,  154.3,  1.5170,  2.3012
 2005,     7,  31,  1.3688,  0.4872,     5,  154.6,  1.4529,  2.1109
 2005,     8,   1,  1.2447,  0.7982,     5,  167.7,  1.4787,  2.1865
 2005,     8,   2,  1.1677,  1.4130,     6,  185.4,  1.8330,  3.3600
 2005,     8,   3,  0.9258,  1.8587,     6,  198.5,  2.0765,  4.3120
 2005,     8,   4,  0.6539,  1.8955,     6,  206.0,  2.0052,  4.0207
 2005,     8,   5,  0.5672,  1.7944,     6,  207.5,  1.8819,  3.5415
 2005,     8,   6,  0.4468,  1.7588,     6,  210.7,  1.8147,  3.2931
 2005,     8,   7,  0.2593,  1.5237,     6,  215.3,  1.5456,  2.3889
 2005,     8,   8, -0.1024,  1.1387,     7,  230.1,  1.1433,  1.3071
 2005,     8,   9, -0.3184,  0.9374,     7,  243.8,  0.9899,  0.9800
 2005,     8,  10, -0.2782,  0.7324,     7,  245.8,  0.7834,  0.6137
 2005,     8,  11, -0.2539,  0.4090,     7,  256.8,  0.4814,  0.2318
 2005,     8,  12, -0.4766, -0.0824,     1,  324.8,  0.4836,  0.2339
 2005,     8,  13, -0.8760, -0.3692,     1,  337.9,  0.9506,  0.9037
 2005,     8,  14, -1.0126, -0.2708,     1,  330.0,  1.0482,  1.0988
 2005,     8,  15, -1.0476, -0.2559,     1,  328.7,  1.0784,  1.1629
 2005,     8,  16, -0.7271, -0.4283,     1,  345.5,  0.8439,  0.7121
 2005,     8,  17, -0.5471, -0.6090,     2,    3.1,  0.8186,  0.6702
 2005,     8,  18, -0.6889, -0.6023,     1,  356.2,  0.9151,  0.8374
 2005,     8,  19, -0.6397, -0.5312,     1,  354.7,  0.8315,  0.6914
 2005,     8,  20, -0.5004, -0.4682,     1,  358.1,  0.6853,  0.4696
 2005,     8,  21, -0.3877, -0.5061,     2,    7.5,  0.6375,  0.4064
 2005,     8,  22, -0.3678, -0.4830,     2,    7.7,  0.6071,  0.3686
 2005,     8,  23, -0.3606, -0.4299,     2,    5.0,  0.5611,  0.3148
 2005,     8,  24, -0.2803, -0.3703,     2,    7.9,  0.4645,  0.2157
 2005,     8,  25, -0.1680, -0.2686,     2,   13.0,  0.3168,  0.1004
 2005,     8,  26, -0.2029, -0.2381,     2,    4.6,  0.3128,  0.0978
 2005,     8,  27, -0.3219,  0.0825,     8,  300.6,  0.3323,  0.1104
 2005,     8,  28, -0.5379,  0.2502,     8,  290.1,  0.5933,  0.3519
 2005,     8,  29, -0.6320,  0.4339,     8,  280.5,  0.7666,  0.5877
 2005,     8,  30, -0.3341,  0.4652,     7,  260.7,  0.5727,  0.3280
 2005,     8,  31,  0.2676,  0.1946,     5,  171.0,  0.3308,  0.1094
 2005,     9,   1,  0.4978, -0.2006,     4,  113.0,  0.5367,  0.2881
 2005,     9,   2,  0.8832, -0.3852,     4,  111.4,  0.9636,  0.9285
 2005,     9,   3,  1.2931, -0.5493,     4,  112.0,  1.4050,  1.9739
 2005,     9,   4,  1.6107, -0.4847,     4,  118.3,  1.6820,  2.8292
 2005,     9,   5,  2.1228, -0.4924,     4,  121.9,  2.1791,  4.7487
 2005,     9,   6,  2.2569, -0.2612,     4,  128.4,  2.2720,  5.1620
 2005,     9,   7,  2.4710, -0.0282,     4,  134.3,  2.4711,  6.1065
 2005,     9,   8,  2.3729,  0.3492,     5,  143.4,  2.3984,  5.7524
 2005,     9,   9,  2.2305,  0.8468,     5,  155.8,  2.3858,  5.6920
 2005,     9,  10,  1.9498,  1.2259,     5,  167.2,  2.3032,  5.3046
 2005,     9,  11,  1.8500,  0.9992,     5,  163.4,  2.1026,  4.4210
 2005,     9,  12,  1.8825,  0.5754,     5,  152.0,  1.9685,  3.8750
 2005,     9,  13,  1.8219,  0.4318,     5,  148.3,  1.8723,  3.5057
 2005,     9,  14,  1.6596,  0.4506,     5,  150.2,  1.7196,  2.9572
 2005,     9,  15,  1.3064,  0.6293,     5,  160.7,  1.4501,  2.1027
 2005,     9,  16,  0.9585,  0.9496,     5,  179.7,  1.3493,  1.8205
 2005,     9,  17,  0.4710,  0.9874,     6,  199.5,  1.0940,  1.1968
 2005,     9,  18,  0.0075,  0.9571,     6,  224.6,  0.9572,  0.9162
 2005,     9,  19, -0.4657,  0.9816,     7,  250.4,  1.0864,  1.1804
 2005,     9,  20, -0.9554,  0.9980,     7,  268.8,  1.3815,  1.9087
 2005,     9,  21, -1.3133,  0.7692,     8,  284.6,  1.5219,  2.3163
 2005,     9,  22, -1.4865,  0.4978,     8,  296.5,  1.5676,  2.4575
 2005,     9,  23, -1.3525,  0.3437,     8,  300.7,  1.3955,  1.9473
 2005,     9,  24, -1.2261,  0.5216,     8,  292.0,  1.3325,  1.7755
 2005,     9,  25, -0.9739,  0.4760,     8,  288.9,  1.0840,  1.1751
 2005,     9,  26, -0.9673,  0.2410,     8,  301.0,  0.9968,  0.9937
 2005,     9,  27, -0.7987,  0.2248,     8,  299.3,  0.8297,  0.6885
 2005,     9,  28, -0.6562,  0.2457,     8,  294.5,  0.7006,  0.4909
 2005,     9,  29, -0.6831,  0.2475,     8,  295.1,  0.7266,  0.5279
 2005,     9,  30, -0.5818,  0.3760,     8,  282.1,  0.6927,  0.4798
 2005,    10,   1, -0.7844,  0.4622,     8,  284.5,  0.9104,  0.8289
 2005,    10,   2, -0.6424,  0.3188,     8,  288.6,  0.7172,  0.5143
 2005,    10,   3, -0.5867, -0.1943,     1,  333.3,  0.6181,  0.3820
 2005,    10,   4, -0.8853, -0.4931,     1,  344.1,  1.0134,  1.0270
 2005,    10,   5, -1.2698, -0.4776,     1,  335.6,  1.3566,  1.8404
 2005,    10,   6, -1.4470, -0.3691,     1,  329.3,  1.4934,  2.2301
 2005,    10,   7, -1.3470, -0.4161,     1,  332.2,  1.4098,  1.9874
 2005,    10,   8, -1.2340, -0.7748,     1,  347.1,  1.4570,  2.1229
 2005,    10,   9, -1.0085, -0.9978,     1,  359.7,  1.4187,  2.0127
 2005,    10,  10, -0.8111, -1.2000,     2,   10.9,  1.4484,  2.0978
 2005,    10,  11, -0.7024, -1.0473,     2,   11.2,  1.2611,  1.5903
 2005,    10,  12, -0.5067, -0.8277,     2,   13.5,  0.9705,  0.9419
 2005,    10,  13, -0.1517, -0.7075,     2,   32.9,  0.7236,  0.5236
 2005,    10,  14,  0.2634, -0.6289,     3,   67.7,  0.6819,  0.4650
 2005,    10,  15,  0.6694, -0.2021,     4,  118.2,  0.6993,  0.4890
 2005,    10,  16,  0.7316,  0.0705,     5,  140.5,  0.7350,  0.5402
 2005,    10,  17,  0.6260,  0.6137,     5,  179.4,  0.8767,  0.7685
 2005,    10,  18,  0.6460,  0.8026,     6,  186.2,  1.0303,  1.0616
 2005,    10,  19,  0.5626,  0.7761,     6,  189.1,  0.9586,  0.9189
 2005,    10,  20,  0.4624,  0.6898,     6,  191.2,  0.8304,  0.6896
 2005,    10,  21,  0.2335,  0.4984,     6,  199.9,  0.5504,  0.3030
 2005,    10,  22,  0.1325,  0.2124,     6,  193.0,  0.2503,  0.0627
 2005,    10,  23,  0.1199, -0.0513,     4,  111.9,  0.1304,  0.0170
 2005,    10,  24,  0.0885, -0.1180,     3,   81.9,  0.1475,  0.0218
 2005,    10,  25,  0.1988, -0.1212,     4,  103.6,  0.2328,  0.0542
 2005,    10,  26,  0.5122, -0.0550,     4,  128.9,  0.5152,  0.2654
 2005,    10,  27,  0.6922, -0.3231,     4,  110.0,  0.7639,  0.5836
 2005,    10,  28,  0.9113, -0.3450,     4,  114.3,  0.9744,  0.9495
 2005,    10,  29,  1.1577, -0.3297,     4,  119.1,  1.2037,  1.4490
 2005,    10,  30,  1.2259, -0.2962,     4,  121.4,  1.2612,  1.5907
 2005,    10,  31,  1.2863, -0.2701,     4,  123.1,  1.3144,  1.7276
 2005,    11,   1,  0.9896,  0.0474,     5,  137.7,  0.9907,  0.9815
 2005,    11,   2,  1.0199, -0.0716,     4,  131.0,  1.0224,  1.0453
 2005,    11,   3,  0.8144, -0.0396,     4,  132.2,  0.8153,  0.6648
 2005,    11,   4,  0.5938,  0.2085,     5,  154.4,  0.6294,  0.3961
 2005,    11,   5,  0.4428,  0.4993,     6,  183.4,  0.6673,  0.4453
 2005,    11,   6,  0.3380,  0.4876,     6,  190.3,  0.5933,  0.3520
 2005,    11,   7,  0.1943,  0.6559,     6,  208.5,  0.6840,  0.4679
 2005,    11,   8,  0.0022,  0.9350,     6,  224.9,  0.9350,  0.8743
 2005,    11,   9, -0.1471,  1.0894,     7,  232.7,  1.0992,  1.2083
 2005,    11,  10, -0.0583,  1.1491,     7,  227.9,  1.1506,  1.3239
 2005,    11,  11,  0.0278,  0.9605,     6,  223.3,  0.9609,  0.9233
 2005,    11,  12, -0.0282,  0.8820,     7,  226.8,  0.8825,  0.7787
 2005,    11,  13, -0.2109,  0.7220,     7,  241.3,  0.7522,  0.5658
 2005,    11,  14, -0.2656,  0.9288,     7,  241.0,  0.9660,  0.9332
 2005,    11,  15, -0.4695,  0.8437,     7,  254.1,  0.9655,  0.9322
 2005,    11,  16, -1.0322,  0.7613,     8,  278.6,  1.2826,  1.6450
 2005,    11,  17, -1.2610,  0.6478,     8,  287.8,  1.4176,  2.0096
 2005,    11,  18, -1.5698,  0.5148,     8,  296.8,  1.6521,  2.7294
 2005,    11,  19, -1.6890,  0.2953,     8,  305.1,  1.7146,  2.9399
 2005,    11,  20, -1.8499,  0.0974,     8,  312.0,  1.8524,  3.4315
 2005,    11,  21, -1.7750, -0.1563,     1,  320.0,  1.7819,  3.1751
 2005,    11,  22, -1.6924, -0.4790,     1,  330.8,  1.7589,  3.0936
 2005,    11,  23, -1.3687, -0.6283,     1,  339.7,  1.5060,  2.2680
 2005,    11,  24, -0.9789, -0.3789,     1,  336.2,  1.0496,  1.1017
 2005,    11,  25, -0.8449, -0.4207,     1,  341.5,  0.9438,  0.8908
 2005,    11,  26, -0.6570, -0.4461,     1,  349.2,  0.7941,  0.6307
 2005,    11,  27, -0.4551, -0.1829,     1,  336.9,  0.4905,  0.2406
 2005,    11,  28, -0.4398,  0.0474,     8,  308.8,  0.4423,  0.1956
 2005,    11,  29, -0.2346,  0.1446,     8,  283.3,  0.2756,  0.0760
 2005,    11,  30, -0.2149,  0.1261,     8,  284.6,  0.2492,  0.0621
 2005,    12,   1, -0.5822, -0.1775,     1,  332.0,  0.6087,  0.3705
 2005,    12,   2, -0.8231, -0.3825,     1,  339.9,  0.9076,  0.8238
 2005,    12,   3, -0.9146, -0.4158,     1,  339.4,  1.0047,  1.0094
 2005,    12,   4, -0.8409, -0.4732,     1,  344.4,  0.9649,  0.9310
 2005,    12,   5, -0.6530, -0.3737,     1,  344.8,  0.7523,  0.5660
 2005,    12,   6, -0.5371, -0.1867,     1,  334.2,  0.5686,  0.3233
 2005,    12,   7, -0.4072, -0.6323,     2,   12.2,  0.7521,  0.5656
 2005,    12,   8, -0.2722, -0.8144,     2,   26.5,  0.8587,  0.7373
 2005,    12,   9,  0.0747, -0.8558,     3,   50.0,  0.8591,  0.7380
 2005,    12,  10,  0.4424, -0.7404,     3,   75.9,  0.8625,  0.7440
 2005,    12,  11,  0.1566, -0.8264,     3,   55.7,  0.8411,  0.7075
 2005,    12,  12, -0.1469, -0.8390,     2,   35.1,  0.8518,  0.7255
 2005,    12,  13,  0.0423, -0.6797,     3,   48.6,  0.6810,  0.4638
 2005,    12,  14, -0.1185, -0.7682,     2,   36.2,  0.7773,  0.6042
 2005,    12,  15, -0.4501, -0.6938,     2,   12.0,  0.8270,  0.6840
 2005,    12,  16, -0.3959, -0.5826,     2,   10.8,  0.7044,  0.4962
 2005,    12,  17, -0.0008, -0.3857,     2,   44.9,  0.3857,  0.1488
 2005,    12,  18,  0.3386, -0.3547,     3,   88.7,  0.4904,  0.2405
 2005,    12,  19,  0.7128, -0.3255,     4,  110.5,  0.7836,  0.6141
 2005,    12,  20,  0.6648, -0.2884,     4,  111.5,  0.7246,  0.5251
 2005,    12,  21,  0.4145,  0.0106,     5,  136.5,  0.4147,  0.1719
 2005,    12,  22,  0.2232,  0.0612,     5,  150.3,  0.2315,  0.0536
 2005,    12,  23, -0.1429, -0.0280,     1,  326.1,  0.1456,  0.0212
 2005,    12,  24, -0.5773,  0.1134,     8,  303.9,  0.5883,  0.3461
 2005,    12,  25, -0.8864, -0.1883,     1,  327.0,  0.9062,  0.8211
 2005,    12,  26, -0.8649, -0.4256,     1,  341.2,  0.9639,  0.9292
 2005,    12,  27, -0.8621, -0.3481,     1,  337.0,  0.9297,  0.8644
 2005,    12,  28, -0.9466,  0.0177,     8,  313.9,  0.9468,  0.8964
 2005,    12,  29, -1.0020,  0.6132,     8,  283.5,  1.1748,  1.3800
 2005,    12,  30, -1.3747,  0.6714,     8,  289.0,  1.5299,  2.3407
 2005,    12,  31, -1.6744,  0.3822,     8,  302.1,  1.7175,  2.9497
 2006,     1,   1, -1.5117,  0.0876,     8,  311.7,  1.5142,  2.2929
 2006,     1,   2, -1.3109, -0.3170,     1,  328.6,  1.3487,  1.8189
 2006,     1,   3, -1.1338, -0.6997,     1,  346.7,  1.3323,  1.7751
 2006,     1,   4, -1.1210, -0.7854,     1,  350.0,  1.3687,  1.8734
 2006,     1,   5, -0.7959, -0.7708,     1,  359.1,  1.1080,  1.2276
 2006,     1,   6, -0.5595, -0.8926,     2,   12.9,  1.0534,  1.1097
 2006,     1,   7, -0.1488, -0.6716,     2,   32.5,  0.6879,  0.4732
 2006,     1,   8, -0.1485, -0.7693,     2,   34.1,  0.7835,  0.6139
 2006,     1,   9, -0.3126, -0.8675,     2,   25.2,  0.9221,  0.8503
 2006,     1,  10, -0.2339, -0.9973,     2,   31.8,  1.0243,  1.0492
 2006,     1,  11, -0.0418, -1.1131,     2,   42.9,  1.1138,  1.2406
 2006,     1,  12,  0.2273, -1.4084,     3,   54.2,  1.4267,  2.0353
 2006,     1,  13,  0.5914, -1.3589,     3,   68.5,  1.4820,  2.1963
 2006,     1,  14,  0.8148, -1.1842,     3,   79.5,  1.4374,  2.0661
 2006,     1,  15,  1.1072, -1.0192,     4,   92.4,  1.5049,  2.2648
 2006,     1,  16,  1.3562, -0.7744,     4,  105.3,  1.5617,  2.4390
 2006,     1,  17,  1.6607, -0.3011,     4,  124.7,  1.6877,  2.8485
 2006,     1,  18,  1.8048,  0.3282,     5,  145.3,  1.8344,  3.3650
 2006,     1,  19,  2.0550,  0.9686,     5,  160.2,  2.2719,  5.1613
 2006,     1,  20,  2.0686,  1.4467,     5,  170.0,  2.5243,  6.3722
 2006,     1,  21,  1.9098,  1.8391,     5,  178.9,  2.6513,  7.0294
 2006,     1,  22,  1.7217,  2.2043,     6,  187.0,  2.7970,  7.8232
 2006,     1,  23,  1.4380,  2.1777,     6,  191.6,  2.6097,  6.8104
 2006,     1,  24,  0.8579,  1.9361,     6,  201.1,  2.1176,  4.4844
 2006,     1,  25,  0.0635,  1.9508,     6,  223.1,  1.9519,  3.8098
 2006,     1,  26, -0.2461,  2.2946,     7,  231.1,  2.3078,  5.3260
 2006,     1,  27, -0.2936,  2.4248,     7,  231.9,  2.4425,  5.9659
 2006,     1,  28, -0.2219,  2.3675,     7,  230.4,  2.3779,  5.6545
 2006,     1,  29, -0.4929,  2.2011,     7,  237.6,  2.2557,  5.0880
 2006,     1,  30, -0.8641,  1.8847,     7,  249.6,  2.0733,  4.2987
 2006,     1,  31, -1.1695,  1.7598,     7,  258.6,  2.1130,  4.4646
 2006,     2,   1, -0.9349,  1.5052,     7,  256.8,  1.7719,  3.1395
 2006,     2,   2, -1.3151,  1.1986,     8,  272.7,  1.7793,  3.1660
 2006,     2,   3, -1.5777,  0.9938,     8,  282.8,  1.8646,  3.4767
 2006,     2,   4, -1.7844,  0.8929,     8,  288.4,  1.9953,  3.9812
 2006,     2,   5, -1.8422,  0.9112,     8,  288.7,  2.0552,  4.2240
 2006,     2,   6, -1.6927,  0.8820,     8,  287.5,  1.9086,  3.6429
 2006,     2,   7, -1.6873,  0.5176,     8,  297.9,  1.7649,  3.1149
 2006,     2,   8, -1.5834,  0.2829,     8,  304.9,  1.6085,  2.5873
 2006,     2,   9, -1.5302,  0.2654,     8,  305.2,  1.5530,  2.4119
 2006,     2,  10, -1.1917,  0.3061,     8,  300.6,  1.2304,  1.5138
 2006,     2,  11, -1.1839,  0.1142,     8,  309.5,  1.1894,  1.4146
 2006,     2,  12, -1.2665,  0.1709,     8,  307.3,  1.2780,  1.6332
 2006,     2,  13, -1.1174, -0.0847,     1,  319.3,  1.1206,  1.2558
 2006,     2,  14, -1.1101, -0.3008,     1,  330.2,  1.1501,  1.3228
 2006,     2,  15, -0.9287, -0.4245,     1,  339.6,  1.0211,  1.0426
 2006,     2,  16, -0.7560, -0.2977,     1,  336.5,  0.8125,  0.6601
 2006,     2,  17, -0.7800, -0.3102,     1,  336.7,  0.8395,  0.7047
 2006,     2,  18, -0.9688, -0.5185,     1,  343.2,  1.0988,  1.2074
 2006,     2,  19, -0.8004, -1.0304,     2,    7.2,  1.3047,  1.7023
 2006,     2,  20, -0.5744, -1.4001,     2,   22.7,  1.5134,  2.2904
 2006,     2,  21, -0.2694, -1.5089,     2,   34.9,  1.5328,  2.3495
 2006,     2,  22, -0.0087, -1.6196,     2,   44.7,  1.6196,  2.6230
 2006,     2,  23,  0.1913, -1.5805,     3,   51.9,  1.5920,  2.5346
 2006,     2,  24,  0.4684, -1.8466,     3,   59.2,  1.9051,  3.6293
 2006,     2,  25,  1.0373, -1.9282,     3,   73.3,  2.1896,  4.7941
 2006,     2,  26,  1.4955, -1.4369,     4,   91.1,  2.0739,  4.3012
 2006,     2,  27,  1.8350, -0.7723,     4,  112.2,  1.9909,  3.9638
 2006,     2,  28,  1.8438, -0.2553,     4,  127.1,  1.8614,  3.4647
 2006,     3,   1,  1.6409,  0.1115,     5,  138.9,  1.6447,  2.7049
 2006,     3,   2,  1.6294,  0.1026,     5,  138.6,  1.6326,  2.6655
 2006,     3,   3,  1.3982,  0.1290,     5,  140.3,  1.4041,  1.9716
 2006,     3,   4,  0.6963,  0.4376,     5,  167.1,  0.8224,  0.6763
 2006,     3,   5,  0.3453,  0.5154,     6,  191.2,  0.6204,  0.3848
 2006,     3,   6,  0.3332,  0.3000,     5,  177.0,  0.4483,  0.2010
 2006,     3,   7,  0.3640,  0.1942,     5,  163.1,  0.4126,  0.1702
 2006,     3,   8,  0.1341, -0.0123,     4,  129.8,  0.1347,  0.0181
 2006,     3,   9,  0.0614,  0.1891,     6,  207.0,  0.1988,  0.0395
 2006,     3,  10,  0.2149,  0.1536,     5,  170.5,  0.2641,  0.0698
 2006,     3,  11,  0.3574,  0.2684,     5,  171.9,  0.4470,  0.1998
 2006,     3,  12,  0.5001,  0.1599,     5,  152.7,  0.5250,  0.2757
 2006,     3,  13,  0.3780,  0.1804,     5,  160.5,  0.4189,  0.1754
 2006,     3,  14,  0.2950,  0.2612,     5,  176.5,  0.3940,  0.1552
 2006,     3,  15,  0.1878,  0.1861,     5,  179.7,  0.2644,  0.0699
 2006,     3,  16,  0.2481,  0.0513,     5,  146.7,  0.2534,  0.0642
 2006,     3,  17,  0.3401,  0.0397,     5,  141.7,  0.3424,  0.1172
 2006,     3,  18,  0.4121,  0.1005,     5,  148.7,  0.4242,  0.1799
 2006,     3,  19,  0.3496, -0.0807,     4,  122.0,  0.3588,  0.1287
 2006,     3,  20,  0.5930, -0.0755,     4,  127.7,  0.5977,  0.3573
 2006,     3,  21,  0.4569, -0.2443,     4,  106.9,  0.5181,  0.2684
 2006,     3,  22,  0.4464, -0.1284,     4,  119.0,  0.4644,  0.2157
 2006,     3,  23,  0.4685,  0.0479,     5,  140.8,  0.4709,  0.2218
 2006,     3,  24,  0.5197,  0.1663,     5,  152.7,  0.5456,  0.2977
 2006,     3,  25,  0.5758,  0.2439,     5,  158.0,  0.6254,  0.3911
 2006,     3,  26,  0.8504,  0.3816,     5,  159.2,  0.9321,  0.8689
 2006,     3,  27,  1.1397,  0.5631,     5,  161.3,  1.2712,  1.6160
 2006,     3,  28,  1.1621,  0.5789,     5,  161.5,  1.2983,  1.6856
 2006,     3,  29,  1.3380,  0.3295,     5,  148.8,  1.3780,  1.8988
 2006,     3,  30,  1.3107,  0.4851,     5,  155.3,  1.3976,  1.9532
 2006,     3,  31,  1.2262,  0.6066,     5,  161.3,  1.3681,  1.8716
 2006,     4,   1,  1.2444,  0.8019,     5,  167.8,  1.4804,  2.1916
 2006,     4,   2,  1.2417,  0.9705,     5,  173.0,  1.5760,  2.4837
 2006,     4,   3,  1.1262,  1.0671,     5,  178.5,  1.5515,  2.4072
 2006,     4,   4,  1.0099,  1.2041,     6,  185.0,  1.5716,  2.4699
 2006,     4,   5,  0.6983,  1.1025,     6,  192.7,  1.3050,  1.7030
 2006,     4,   6,  0.4754,  0.8922,     6,  197.0,  1.0109,  1.0220
 2006,     4,   7,  0.4247,  0.6806,     6,  193.0,  0.8022,  0.6435
 2006,     4,   8,  0.2581,  0.5112,     6,  198.2,  0.5727,  0.3279
 2006,     4,   9, -0.1084,  0.4503,     7,  238.5,  0.4631,  0.2145
 2006,     4,  10, -0.1970,  0.4010,     7,  251.2,  0.4467,  0.1996
 2006,     4,  11, -0.0869,  0.0033,     8,  312.8,  0.0870,  0.0076
 2006,     4,  12, -0.0275, -0.4099,     2,   41.2,  0.4109,  0.1688
 2006,     4,  13,  0.0108, -0.6547,     3,   45.9,  0.6548,  0.4287
 2006,     4,  14,  0.0058, -1.0335,     3,   45.3,  1.0335,  1.0682
 2006,     4,  15,  0.3189, -1.1364,     3,   60.7,  1.1803,  1.3932
 2006,     4,  16,  0.7577, -1.2635,     3,   75.9,  1.4733,  2.1706
 2006,     4,  17,  0.8881, -0.9791,     3,   87.2,  1.3219,  1.7473
 2006,     4,  18,  1.0338, -0.8525,     4,   95.5,  1.3400,  1.7955
 2006,     4,  19,  1.1805, -0.4121,     4,  115.8,  1.2504,  1.5635
 2006,     4,  20,  1.1132, -0.1721,     4,  126.2,  1.1265,  1.2689
 2006,     4,  21,  1.0120,  0.0664,     5,  138.8,  1.0142,  1.0286
 2006,     4,  22,  0.7716,  0.4337,     5,  164.3,  0.8851,  0.7834
 2006,     4,  23,  0.5825,  0.3893,     5,  168.8,  0.7006,  0.4908
 2006,     4,  24,  0.4903,  0.4364,     5,  176.7,  0.6564,  0.4308
 2006,     4,  25,  0.5564,  0.1827,     5,  153.2,  0.5856,  0.3429
 2006,     4,  26,  0.4870,  0.3513,     5,  170.8,  0.6004,  0.3605
 2006,     4,  27,  0.5446,  0.6385,     6,  184.5,  0.8392,  0.7043
 2006,     4,  28,  0.7216,  0.9944,     6,  189.0,  1.2287,  1.5096
 2006,     4,  29,  0.8044,  1.0243,     6,  186.9,  1.3024,  1.6962
 2006,     4,  30,  0.5597,  1.1441,     6,  198.9,  1.2737,  1.6222
 2006,     5,   1,  0.5093,  1.1317,     6,  200.8,  1.2410,  1.5402
 2006,     5,   2,  0.2654,  1.0983,     6,  211.4,  1.1299,  1.2767
 2006,     5,   3,  0.0876,  0.9311,     6,  219.6,  0.9352,  0.8746
 2006,     5,   4, -0.0138,  0.8536,     7,  225.9,  0.8537,  0.7288
 2006,     5,   5, -0.1490,  0.9569,     7,  233.9,  0.9684,  0.9379
 2006,     5,   6, -0.2500,  0.9240,     7,  240.1,  0.9572,  0.9163
 2006,     5,   7, -0.5384,  0.8022,     7,  258.9,  0.9661,  0.9333
 2006,     5,   8, -0.7571,  0.6404,     8,  274.8,  0.9916,  0.9833
 2006,     5,   9, -0.8449,  0.5851,     8,  280.3,  1.0278,  1.0563
 2006,     5,  10, -0.8259,  0.3972,     8,  289.3,  0.9165,  0.8399
 2006,     5,  11, -1.0428,  0.3445,     8,  296.7,  1.0982,  1.2060
 2006,     5,  12, -1.1506,  0.5581,     8,  289.1,  1.2788,  1.6354
 2006,     5,  13, -1.1211,  0.5401,     8,  289.3,  1.2444,  1.5486
 2006,     5,  14, -1.0613,  0.2901,     8,  299.7,  1.1003,  1.2106
 2006,     5,  15, -0.9801, -0.0502,     1,  317.9,  0.9814,  0.9632
 2006,     5,  16, -1.0848, -0.3337,     1,  332.1,  1.1349,  1.2880
 2006,     5,  17, -1.3967, -0.6114,     1,  338.6,  1.5246,  2.3244
 2006,     5,  18, -1.3446, -0.6897,     1,  342.2,  1.5112,  2.2836
 2006,     5,  19, -1.0381, -0.8421,     1,  354.0,  1.3367,  1.7867
 2006,     5,  20, -0.6979, -1.0243,     2,   10.7,  1.2394,  1.5362
 2006,     5,  21, -0.4633, -1.0329,     2,   20.8,  1.1320,  1.2814
 2006,     5,  22, -0.1692, -1.0683,     2,   36.0,  1.0816,  1.1699
 2006,     5,  23,  0.2067, -0.9095,     3,   57.8,  0.9327,  0.8699
 2006,     5,  24,  0.5778, -0.7777,     3,   81.6,  0.9689,  0.9388
 2006,     5,  25,  0.6511, -0.6272,     4,   91.1,  0.9041,  0.8173
 2006,     5,  26,  0.5150, -0.4498,     4,   93.9,  0.6838,  0.4675
 2006,     5,  27,  0.3231, -0.1333,     4,  112.6,  0.3495,  0.1222
 2006,     5,  28,  0.1347,  0.1390,     6,  180.9,  0.1936,  0.0375
 2006,     5,  29, -0.1256,  0.2410,     7,  252.5,  0.2718,  0.0739
 2006,     5,  30, -0.5157,  0.0074,     8,  314.2,  0.5158,  0.2660
 2006,     5,  31, -0.9217, -0.2105,     1,  327.9,  0.9455,  0.8939
 2006,     6,   1, -0.8439, -0.1598,     1,  325.7,  0.8589,  0.7378
 2006,     6,   2, -0.8437, -0.1763,     1,  326.8,  0.8619,  0.7429
 2006,     6,   3, -0.9098, -0.6063,     1,  348.7,  1.0933,  1.1953
 2006,     6,   4, -1.0665, -1.0199,     1,  358.7,  1.4756,  2.1775
 2006,     6,   5, -1.0375, -1.3466,     2,    7.4,  1.6999,  2.8897
 2006,     6,   6, -1.0101, -1.2743,     2,    6.6,  1.6261,  2.6441
 2006,     6,   7, -0.8596, -1.2152,     2,    9.7,  1.4885,  2.2156
 2006,     6,   8, -0.7174, -1.1310,     2,   12.6,  1.3393,  1.7938
 2006,     6,   9, -0.4893, -1.1932,     2,   22.7,  1.2896,  1.6632
 2006,     6,  10, -0.4748, -1.0238,     2,   20.1,  1.1286,  1.2737
 2006,     6,  11, -0.7104, -0.8125,     2,    3.8,  1.0792,  1.1648
 2006,     6,  12, -0.7286, -0.7192,     1,  359.6,  1.0238,  1.0482
 2006,     6,  13, -0.6539, -0.6361,     1,  359.2,  0.9123,  0.8323
 2006,     6,  14, -0.3865, -0.5014,     2,    7.4,  0.6331,  0.4008
 2006,     6,  15, -0.0664, -0.5580,     2,   38.2,  0.5619,  0.3158
 2006,     6,  16,  0.1819, -0.4171,     3,   68.6,  0.4551,  0.2071
 2006,     6,  17,  0.1149, -0.1987,     3,   75.0,  0.2296,  0.0527
 2006,     6,  18,  0.2482, -0.4324,     3,   74.9,  0.4986,  0.2486
 2006,     6,  19,  0.1774, -0.7025,     3,   59.2,  0.7245,  0.5249
 2006,     6,  20,  0.1762, -0.7200,     3,   58.7,  0.7412,  0.5494
 2006,     6,  21,  0.5069, -0.4872,     4,   91.1,  0.7031,  0.4943
 2006,     6,  22,  0.6314, -0.6411,     3,   89.6,  0.8999,  0.8098
 2006,     6,  23,  0.6718, -0.8457,     3,   83.5,  1.0801,  1.1666
 2006,     6,  24,  0.8513, -0.6881,     4,   96.1,  1.0947,  1.1983
 2006,     6,  25,  1.0594, -0.3521,     4,  116.6,  1.1164,  1.2463
 2006,     6,  26,  1.2834, -0.0198,     4,  134.1,  1.2836,  1.6476
 2006,     6,  27,  1.5003,  0.2861,     5,  145.8,  1.5274,  2.3329
 2006,     6,  28,  1.3652,  0.6846,     5,  161.6,  1.5272,  2.3324
 2006,     6,  29,  1.2307,  0.6453,     5,  162.7,  1.3897,  1.9311
 2006,     6,  30,  0.9649,  0.6793,     5,  170.1,  1.1801,  1.3926
 2006,     7,   1,  0.7101,  0.7564,     6,  181.8,  1.0375,  1.0763
 2006,     7,   2,  0.5207,  0.8413,     6,  193.2,  0.9895,  0.9790
 2006,     7,   3,  0.1944,  0.8932,     6,  212.7,  0.9142,  0.8357
 2006,     7,   4, -0.1979,  1.0127,     7,  236.1,  1.0319,  1.0647
 2006,     7,   5, -0.3395,  1.1006,     7,  242.1,  1.1518,  1.3266
 2006,     7,   6, -0.2862,  1.3183,     7,  237.2,  1.3490,  1.8199
 2006,     7,   7, -0.2827,  1.4705,     7,  235.9,  1.4974,  2.2423
 2006,     7,   8, -0.2827,  1.2186,     7,  238.1,  1.2509,  1.5649
 2006,     7,   9, -0.1475,  0.8527,     7,  234.8,  0.8654,  0.7488
 2006,     7,  10, -0.1274,  0.6796,     7,  235.6,  0.6915,  0.4781
 2006,     7,  11, -0.2189,  0.6981,     7,  242.4,  0.7316,  0.5352
 2006,     7,  12, -0.3890,  0.8836,     7,  248.8,  0.9654,  0.9320
 2006,     7,  13, -0.5308,  0.7522,     7,  260.2,  0.9206,  0.8475
 2006,     7,  14, -0.5501,  0.6379,     7,  265.8,  0.8424,  0.7096
 2006,     7,  15, -0.5855,  0.7137,     7,  264.4,  0.9231,  0.8522
 2006,     7,  16, -0.4583,  0.6267,     7,  261.2,  0.7764,  0.6028
 2006,     7,  17, -0.4764,  0.5223,     7,  267.4,  0.7070,  0.4998
 2006,     7,  18, -0.6306,  0.3008,     8,  289.5,  0.6986,  0.4881
 2006,     7,  19, -0.6638,  0.2758,     8,  292.4,  0.7188,  0.5167
 2006,     7,  20, -0.6844,  0.3661,     8,  286.9,  0.7761,  0.6024
 2006,     7,  21, -0.5199,  0.4243,     8,  275.8,  0.6711,  0.4504
 2006,     7,  22, -0.5342,  0.4373,     8,  275.7,  0.6903,  0.4765
 2006,     7,  23, -0.5635,  0.4523,     8,  276.2,  0.7226,  0.5221
 2006,     7,  24, -0.5870,  0.2096,     8,  295.4,  0.6233,  0.3885
 2006,     7,  25, -0.7589, -0.3035,     1,  336.8,  0.8173,  0.6680
 2006,     7,  26, -0.8832, -0.4382,     1,  341.4,  0.9859,  0.9720
 2006,     7,  27, -0.6660, -0.3931,     1,  345.5,  0.7733,  0.5980
 2006,     7,  28, -0.3679, -0.2793,     1,  352.2,  0.4619,  0.2134
 2006,     7,  29, -0.2275, -0.5033,     2,   20.7,  0.5524,  0.3051
 2006,     7,  30, -0.1678, -0.7555,     2,   32.5,  0.7739,  0.5989
 2006,     7,  31, -0.1908, -0.7242,     2,   30.2,  0.7489,  0.5609
 2006,     8,   1, -0.0463, -0.7007,     2,   41.2,  0.7022,  0.4931
 2006,     8,   2,  0.2626, -0.6105,     3,   68.3,  0.6646,  0.4417
 2006,     8,   3,  0.4415, -0.2963,     4,  101.1,  0.5317,  0.2827
 2006,     8,   4,  0.4327, -0.1562,     4,  115.1,  0.4601,  0.2117
 2006,     8,   5,  0.4914,  0.2084,     5,  158.0,  0.5337,  0.2849
 2006,     8,   6,  0.7762,  0.6615,     5,  175.4,  1.0199,  1.0401
 2006,     8,   7,  0.9993,  0.9165,     5,  177.5,  1.3559,  1.8385
 2006,     8,   8,  1.0153,  0.8156,     5,  173.8,  1.3023,  1.6961
 2006,     8,   9,  1.0650,  0.5492,     5,  162.3,  1.1983,  1.4360
 2006,     8,  10,  1.1774,  0.6601,     5,  164.3,  1.3498,  1.8220
 2006,     8,  11,  0.8913,  0.7421,     5,  174.8,  1.1598,  1.3452
 2006,     8,  12,  0.5391,  0.7531,     6,  189.4,  0.9261,  0.8577
 2006,     8,  13,  0.3584,  0.7838,     6,  200.4,  0.8619,  0.7428
 2006,     8,  14,  0.2323,  0.5487,     6,  202.1,  0.5958,  0.3550
 2006,     8,  15, -0.0044,  0.2404,     7,  226.1,  0.2404,  0.0578
 2006,     8,  16, -0.2366,  0.1405,     8,  284.3,  0.2751,  0.0757
 2006,     8,  17, -0.5423,  0.2258,     8,  292.4,  0.5874,  0.3451
 2006,     8,  18, -0.7978,  0.1993,     8,  301.0,  0.8223,  0.6762
 2006,     8,  19, -1.1180,  0.3826,     8,  296.1,  1.1816,  1.3963
 2006,     8,  20, -1.1217,  0.5067,     8,  290.7,  1.2308,  1.5149
 2006,     8,  21, -1.1753,  0.3270,     8,  299.5,  1.2200,  1.4884
 2006,     8,  22, -1.1674,  0.0283,     8,  313.6,  1.1678,  1.3637
 2006,     8,  23, -1.2282, -0.3680,     1,  331.7,  1.2821,  1.6439
 2006,     8,  24, -1.1697, -0.5425,     1,  339.9,  1.2894,  1.6624
 2006,     8,  25, -1.2126, -0.7287,     1,  346.0,  1.4147,  2.0013
 2006,     8,  26, -1.0356, -0.8678,     1,  355.0,  1.3512,  1.8257
 2006,     8,  27, -0.6855, -0.8322,     2,    5.5,  1.0782,  1.1624
 2006,     8,  28, -0.4458, -0.8946,     2,   18.5,  0.9995,  0.9991
 2006,     8,  29, -0.6585, -0.8499,     2,    7.2,  1.0751,  1.1559
 2006,     8,  30, -0.6991, -0.7814,     2,    3.2,  1.0485,  1.0993
 2006,     8,  31, -0.6894, -0.5703,     1,  354.6,  0.8947,  0.8005
 2006,     9,   1, -0.6060, -0.5548,     1,  357.5,  0.8216,  0.6751
 2006,     9,   2, -0.8670, -0.4013,     1,  339.8,  0.9554,  0.9127
 2006,     9,   3, -0.9564, -0.4540,     1,  340.4,  1.0587,  1.1209
 2006,     9,   4, -0.8525, -0.5052,     1,  345.7,  0.9910,  0.9820
 2006,     9,   5, -0.9106, -0.5127,     1,  344.4,  1.0450,  1.0921
 2006,     9,   6, -0.9167, -0.7433,     1,  354.0,  1.1802,  1.3928
 2006,     9,   7, -0.7092, -1.2201,     2,   14.8,  1.4113,  1.9917
 2006,     9,   8, -0.4091, -1.4795,     2,   29.5,  1.5350,  2.3563
 2006,     9,   9, -0.1479, -1.5533,     2,   39.6,  1.5604,  2.4347
 2006,     9,  10,  0.1592, -1.4766,     3,   51.2,  1.4851,  2.2056
 2006,     9,  11,  0.4185, -1.4885,     3,   60.7,  1.5462,  2.3908
 2006,     9,  12,  0.6879, -1.4359,     3,   70.6,  1.5922,  2.5350
 2006,     9,  13,  0.9466, -1.3333,     3,   80.4,  1.6352,  2.6737
 2006,     9,  14,  0.8182, -1.5173,     3,   73.3,  1.7238,  2.9716
 2006,     9,  15,  0.6494, -1.3856,     3,   70.1,  1.5303,  2.3417
 2006,     9,  16,  0.3628, -1.1027,     3,   63.2,  1.1609,  1.3477
 2006,     9,  17,  0.3263, -0.9154,     3,   64.6,  0.9718,  0.9444
 2006,     9,  18,  0.3659, -0.8630,     3,   68.0,  0.9374,  0.8786
 2006,     9,  19,  0.3691, -0.8048,     3,   69.6,  0.8854,  0.7839
 2006,     9,  20,  0.6565, -0.6501,     4,   90.3,  0.9239,  0.8536
 2006,     9,  21,  0.9346, -0.3970,     4,  112.0,  1.0154,  1.0311
 2006,     9,  22,  1.2643, -0.2897,     4,  122.1,  1.2970,  1.6823
 2006,     9,  23,  1.3321,  0.0117,     5,  135.5,  1.3322,  1.7747
 2006,     9,  24,  1.4729,  0.0662,     5,  137.6,  1.4744,  2.1738
 2006,     9,  25,  1.5668,  0.2055,     5,  142.5,  1.5802,  2.4971
 2006,     9,  26,  1.6985,  0.2559,     5,  143.6,  1.7177,  2.9505
 2006,     9,  27,  1.7304,  0.4915,     5,  150.9,  1.7988,  3.2358
 2006,     9,  28,  1.6490,  0.6804,     5,  157.4,  1.7838,  3.1820
 2006,     9,  29,  1.7458,  0.8205,     5,  160.2,  1.9289,  3.7208
 2006,     9,  30,  1.8149,  1.3084,     5,  170.8,  2.2373,  5.0057
 2006,    10,   1,  1.9456,  1.9078,     5,  179.4,  2.7249,  7.4251
 2006,    10,   2,  1.7933,  2.3160,     6,  187.2,  2.9291,  8.5794
 2006,    10,   3,  1.5423,  2.4890,     6,  193.2,  2.9281,  8.5737
 2006,    10,   4,  1.4029,  2.5152,     6,  195.8,  2.8800,  8.2943
 2006,    10,   5,  0.9620,  2.4082,     6,  203.2,  2.5933,  6.7251
 2006,    10,   6,  0.7059,  2.1693,     6,  207.0,  2.2812,  5.2040
 2006,    10,   7,  0.3363,  1.8619,     6,  214.8,  1.8920,  3.5798
 2006,    10,   8, -0.4630,  1.6204,     7,  240.9,  1.6853,  2.8402
 2006,    10,   9, -1.1098,  1.5836,     7,  260.0,  1.9338,  3.7394
 2006,    10,  10, -1.6856,  1.5690,     8,  272.1,  2.3028,  5.3031
 2006,    10,  11, -2.1667,  1.3696,     8,  282.7,  2.5633,  6.5703
 2006,    10,  12, -2.4361,  1.0945,     8,  290.8,  2.6706,  7.1323
 2006,    10,  13, -2.5038,  0.6871,     8,  299.7,  2.5964,  6.7412
 2006,    10,  14, -2.3611,  0.4141,     8,  305.1,  2.3971,  5.7463
 2006,    10,  15, -2.4429,  0.2460,     8,  309.2,  2.4552,  6.0281
 2006,    10,  16, -2.6795,  0.0266,     8,  314.4,  2.6796,  7.1802
 2006,    10,  17, -2.8104, -0.3932,     1,  323.0,  2.8378,  8.0531
 2006,    10,  18, -2.5648, -0.8039,     1,  332.4,  2.6878,  7.2244
 2006,    10,  19, -2.1695, -0.8952,     1,  337.4,  2.3470,  5.5082
 2006,    10,  20, -1.9414, -1.0322,     1,  343.0,  2.1987,  4.8345
 2006,    10,  21, -1.6641, -1.0764,     1,  347.9,  1.9819,  3.9280
 2006,    10,  22, -1.3828, -0.9309,     1,  348.9,  1.6670,  2.7787
 2006,    10,  23, -1.2017, -0.9144,     1,  352.3,  1.5101,  2.2804
 2006,    10,  24, -1.1755, -0.8699,     1,  351.5,  1.4623,  2.1384
 2006,    10,  25, -0.9667, -0.8969,     1,  357.9,  1.3187,  1.7390
 2006,    10,  26, -0.7529, -0.4905,     1,  348.1,  0.8986,  0.8075
 2006,    10,  27, -0.6581, -0.1200,     1,  325.3,  0.6690,  0.4475
 2006,    10,  28, -0.4709,  0.0291,     8,  311.5,  0.4718,  0.2226
 2006,    10,  29, -0.3079,  0.1346,     8,  291.4,  0.3360,  0.1129
 2006,    10,  30, -0.1743,  0.0158,     8,  309.8,  0.1750,  0.0306
 2006,    10,  31, -0.2379, -0.0325,     1,  322.8,  0.2401,  0.0576
 2006,    11,   1, -0.0681,  0.1577,     7,  248.4,  0.1718,  0.0295
 2006,    11,   2, -0.3434,  0.5178,     7,  258.6,  0.6213,  0.3860
 2006,    11,   3, -0.4202,  0.5256,     7,  263.6,  0.6729,  0.4528
 2006,    11,   4, -0.7189,  0.4375,     8,  283.7,  0.8415,  0.7081
 2006,    11,   5, -0.7920,  0.3371,     8,  291.9,  0.8608,  0.7409
 2006,    11,   6, -0.6683, -0.0034,     1,  315.3,  0.6683,  0.4466
 2006,    11,   7, -0.9543, -0.5486,     1,  344.9,  1.1007,  1.2116
 2006,    11,   8, -1.2639, -0.7110,     1,  344.4,  1.4501,  2.1028
 2006,    11,   9, -1.5498, -0.5021,     1,  333.0,  1.6291,  2.6539
 2006,    11,  10, -1.6855, -0.2847,     1,  324.6,  1.7094,  2.9220
 2006,    11,  11, -1.6840, -0.3610,     1,  327.1,  1.7223,  2.9662
 2006,    11,  12, -1.6432, -0.6876,     1,  337.7,  1.7813,  3.1731
 2006,    11,  13, -1.7898, -0.9355,     1,  342.6,  2.0196,  4.0787
 2006,    11,  14, -1.8348, -0.9820,     1,  343.2,  2.0810,  4.3307
 2006,    11,  15, -1.6911, -1.0124,     1,  345.9,  1.9710,  3.8848
 2006,    11,  16, -1.4565, -1.0650,     1,  351.2,  1.8044,  3.2557
 2006,    11,  17, -1.4321, -1.2922,     1,  357.1,  1.9290,  3.7209
 2006,    11,  18, -1.2018, -1.5223,     2,    6.7,  1.9395,  3.7616
 2006,    11,  19, -1.1342, -1.7646,     2,   12.3,  2.0977,  4.4003
 2006,    11,  20, -0.8775, -1.8917,     2,   20.1,  2.0854,  4.3488
 2006,    11,  21, -0.1528, -1.7276,     2,   39.9,  1.7343,  3.0078
 2006,    11,  22,  0.3066, -1.5946,     3,   55.9,  1.6238,  2.6367
 2006,    11,  23,  0.5381, -1.3611,     3,   66.6,  1.4636,  2.1422
 2006,    11,  24,  0.5906, -1.2630,     3,   70.1,  1.3942,  1.9439
 2006,    11,  25,  0.6254, -0.8951,     3,   79.9,  1.0920,  1.1924
 2006,    11,  26,  0.7603, -0.5448,     4,   99.4,  0.9353,  0.8749
 2006,    11,  27,  1.0012, -0.5656,     4,  105.5,  1.1499,  1.3224
 2006,    11,  28,  1.0118, -0.4677,     4,  110.2,  1.1147,  1.2426
 2006,    11,  29,  0.8773, -0.2508,     4,  119.0,  0.9124,  0.8325
 2006,    11,  30,  0.5799, -0.2739,     4,  109.7,  0.6413,  0.4113
 2006,    12,   1,  0.6531, -0.3540,     4,  106.5,  0.7429,  0.5519
 2006,    12,   2,  0.5672, -0.3386,     4,  104.2,  0.6606,  0.4364
 2006,    12,   3,  0.4415, -0.0465,     4,  129.0,  0.4440,  0.1971
 2006,    12,   4,  0.3826,  0.0347,     5,  140.2,  0.3842,  0.1476
 2006,    12,   5,  0.2538,  0.0851,     5,  153.5,  0.2677,  0.0717
 2006,    12,   6,  0.0395,  0.0895,     6,  201.2,  0.0979,  0.0096
 2006,    12,   7, -0.1360,  0.0017,     8,  314.3,  0.1360,  0.0185
 2006,    12,   8, -0.1429, -0.1555,     2,    2.4,  0.2112,  0.0446
 2006,    12,   9, -0.1176, -0.4231,     2,   29.5,  0.4391,  0.1928
 2006,    12,  10, -0.0861, -0.5601,     2,   36.3,  0.5667,  0.3212
 2006,    12,  11, -0.1895, -0.9132,     2,   33.3,  0.9327,  0.8699
 2006,    12,  12, -0.2019, -1.0473,     2,   34.1,  1.0666,  1.1376
 2006,    12,  13, -0.0261, -1.3305,     2,   43.9,  1.3307,  1.7709
 2006,    12,  14, -0.0868, -1.2161,     2,   40.9,  1.2192,  1.4865
 2006,    12,  15, -0.0308, -1.2533,     2,   43.6,  1.2537,  1.5718
 2006,    12,  16, -0.1407, -1.1685,     2,   38.1,  1.1769,  1.3851
 2006,    12,  17, -0.0178, -1.4329,     2,   44.3,  1.4330,  2.0534
 2006,    12,  18,  0.2989, -1.8878,     3,   54.0,  1.9113,  3.6531
 2006,    12,  19,  0.4739, -2.3221,     3,   56.5,  2.3700,  5.6168
 2006,    12,  20,  0.4904, -2.3673,     3,   56.7,  2.4176,  5.8447
 2006,    12,  21,  0.5417, -2.2882,     3,   58.3,  2.3515,  5.5295
 2006,    12,  22,  0.4774, -2.0640,     3,   58.0,  2.1185,  4.4878
 2006,    12,  23,  0.5883, -2.0091,     3,   61.3,  2.0935,  4.3827
 2006,    12,  24,  0.6677, -2.1525,     3,   62.2,  2.2537,  5.0791
 2006,    12,  25,  0.7062, -2.2421,     3,   62.5,  2.3507,  5.5258
 2006,    12,  26,  1.1570, -2.2717,     3,   72.0,  2.5494,  6.4994
 2006,    12,  27,  1.6168, -2.3071,     3,   80.0,  2.8172,  7.9364
 2006,    12,  28,  2.0526, -2.0560,     3,   90.0,  2.9052,  8.4402
 2006,    12,  29,  2.2892, -1.7018,     4,   98.4,  2.8524,  8.1363
 2006,    12,  30,  2.4809, -1.2617,     4,  108.0,  2.7833,  7.7467
 2006,    12,  31,  2.6423, -0.4759,     4,  124.8,  2.6848,  7.2079
 2007,     1,   1,  2.5517, -0.2358,     4,  129.7,  2.5626,  6.5668
 2007,     1,   2,  2.7006,  0.3974,     5,  143.4,  2.7297,  7.4511
 2007,     1,   3,  2.5755,  0.7086,     5,  150.4,  2.6712,  7.1352
 2007,     1,   4,  2.3814,  0.9833,     5,  157.4,  2.5765,  6.6383
 2007,     1,   5,  1.8559,  0.8972,     5,  160.8,  2.0614,  4.2493
 2007,     1,   6,  1.4724,  1.1828,     5,  173.8,  1.8887,  3.5671
 2007,     1,   7,  1.3335,  1.1720,     5,  176.3,  1.7753,  3.1518
 2007,     1,   8,  0.8865,  0.8705,     5,  179.5,  1.2424,  1.5436
 2007,     1,   9,  0.5389,  0.8831,     6,  193.6,  1.0345,  1.0703
 2007,     1,  10,  0.2605,  1.0820,     6,  211.5,  1.1129,  1.2385
 2007,     1,  11,  0.2661,  1.0871,     6,  211.2,  1.1192,  1.2525
 2007,     1,  12,  0.4394,  1.0349,     6,  202.0,  1.1243,  1.2641
 2007,     1,  13,  0.5517,  1.1111,     6,  198.6,  1.2405,  1.5388
 2007,     1,  14,  0.5623,  0.9074,     6,  193.2,  1.0675,  1.1396
 2007,     1,  15,  0.3026,  0.7181,     6,  202.1,  0.7792,  0.6072
 2007,     1,  16,  0.0625,  0.2710,     6,  212.0,  0.2782,  0.0774
 2007,     1,  17, -0.0648, -0.0175,     1,  330.1,  0.0671,  0.0045
 2007,     1,  18, -0.2924,  0.1141,     8,  293.7,  0.3139,  0.0986
 2007,     1,  19, -0.3287,  0.0695,     8,  303.1,  0.3360,  0.1129
 2007,     1,  20, -0.2528, -0.0906,     1,  334.7,  0.2685,  0.0721
 2007,     1,  21, -0.2186, -0.0735,     1,  333.6,  0.2306,  0.0532
 2007,     1,  22, -0.0255, -0.1985,     2,   37.7,  0.2001,  0.0400
 2007,     1,  23, -0.0701, -0.1730,     2,   22.9,  0.1867,  0.0349
 2007,     1,  24, -0.1172,  0.1765,     7,  258.6,  0.2118,  0.0449
 2007,     1,  25, -0.2135,  0.5982,     7,  244.6,  0.6351,  0.4034
 2007,     1,  26, -0.0512,  0.7661,     7,  228.8,  0.7678,  0.5895
 2007,     1,  27, -0.0807,  0.8437,     7,  230.5,  0.8476,  0.7184
 2007,     1,  28, -0.2241,  1.0717,     7,  236.8,  1.0949,  1.1988
 2007,     1,  29, -0.1854,  1.2241,     7,  233.6,  1.2381,  1.5329
 2007,     1,  30, -0.1719,  1.1480,     7,  233.5,  1.1608,  1.3475
 2007,     1,  31,  0.0943,  0.9180,     6,  219.1,  0.9228,  0.8516
 2007,     2,   1, -0.2721,  0.8365,     7,  243.0,  0.8797,  0.7738
 2007,     2,   2, -0.1353,  0.6755,     7,  236.3,  0.6890,  0.4747
 2007,     2,   3, -0.1166,  0.6688,     7,  234.9,  0.6789,  0.4608
 2007,     2,   4,  0.0128,  0.5479,     6,  223.7,  0.5480,  0.3003
 2007,     2,   5,  0.0243,  0.4385,     6,  221.8,  0.4391,  0.1928
 2007,     2,   6, -0.0355,  0.4290,     7,  229.7,  0.4305,  0.1853
 2007,     2,   7, -0.1916,  0.2320,     7,  264.6,  0.3009,  0.0905
 2007,     2,   8, -0.3812,  0.1204,     8,  297.5,  0.3998,  0.1598
 2007,     2,   9, -0.6330,  0.3724,     8,  284.5,  0.7344,  0.5393
 2007,     2,  10, -0.6732,  0.1777,     8,  300.2,  0.6962,  0.4847
 2007,     2,  11, -0.7093,  0.0225,     8,  313.2,  0.7097,  0.5036
 2007,     2,  12, -0.8984, -0.2275,     1,  329.2,  0.9267,  0.8588
 2007,     2,  13, -1.1552, -0.5361,     1,  339.9,  1.2736,  1.6220
 2007,     2,  14, -1.0795, -0.7721,     1,  350.6,  1.3272,  1.7615
 2007,     2,  15, -0.6798, -1.0281,     2,   11.5,  1.2325,  1.5191
 2007,     2,  16, -0.1730, -1.1644,     2,   36.5,  1.1771,  1.3857
 2007,     2,  17,  0.1215, -1.4061,     3,   49.9,  1.4113,  1.9919
 2007,     2,  18,  0.2300, -1.5874,     3,   53.2,  1.6039,  2.5726
 2007,     2,  19,  0.3738, -1.6800,     3,   57.5,  1.7211,  2.9622
 2007,     2,  20,  0.6180, -1.7288,     3,   64.7,  1.8359,  3.3705
 2007,     2,  21,  0.6222, -1.6076,     3,   66.2,  1.7238,  2.9715
 2007,     2,  22,  0.8520, -1.4009,     3,   76.3,  1.6397,  2.6885
 2007,     2,  23,  1.0873, -1.1565,     3,   88.2,  1.5873,  2.5196
 2007,     2,  24,  1.1738, -0.7642,     4,  101.9,  1.4007,  1.9619
 2007,     2,  25,  1.4675, -0.4873,     4,  116.6,  1.5463,  2.3911
 2007,     2,  26,  1.6667, -0.2928,     4,  125.0,  1.6922,  2.8637
 2007,     2,  27,  1.7483,  0.1788,     5,  140.8,  1.7574,  3.0886
 2007,     2,  28,  1.8181,  0.6992,     5,  156.0,  1.9479,  3.7943
 2007,     3,   1,  1.8549,  1.0294,     5,  164.0,  2.1214,  4.5004
 2007,     3,   2,  1.9293,  1.2577,     5,  168.1,  2.3031,  5.3043
 2007,     3,   3,  1.5233,  1.6534,     6,  182.3,  2.2481,  5.0542
 2007,     3,   4,  1.0107,  1.9205,     6,  197.2,  2.1702,  4.7096
 2007,     3,   5,  0.7012,  2.3400,     6,  208.3,  2.4429,  5.9676
 2007,     3,   6,  0.5960,  2.3035,     6,  210.5,  2.3793,  5.6613
 2007,     3,   7,  0.1900,  1.7748,     6,  218.9,  1.7849,  3.1858
 2007,     3,   8, -0.2912,  1.4294,     7,  236.5,  1.4588,  2.1280
 2007,     3,   9, -0.6581,  1.2984,     7,  251.9,  1.4557,  2.1190
 2007,     3,  10, -0.6114,  0.9359,     7,  258.2,  1.1179,  1.2496
 2007,     3,  11, -0.3354,  0.9186,     7,  245.1,  0.9779,  0.9563
 2007,     3,  12, -0.3181,  0.8264,     7,  246.1,  0.8855,  0.7841
 2007,     3,  13, -0.3666,  0.7584,     7,  250.8,  0.8424,  0.7096
 2007,     3,  14, -0.2760,  0.5559,     7,  251.4,  0.6206,  0.3852
 2007,     3,  15, -0.1690,  0.4501,     7,  245.6,  0.4807,  0.2311
 2007,     3,  16, -0.0672,  0.5390,     7,  232.1,  0.5432,  0.2951
 2007,     3,  17,  0.2085,  0.5469,     6,  204.1,  0.5853,  0.3425
 2007,     3,  18,  0.4220,  0.4950,     6,  184.6,  0.6504,  0.4231
 2007,     3,  19,  0.5458,  0.3235,     5,  165.7,  0.6344,  0.4025
 2007,     3,  20,  0.6656,  0.3715,     5,  164.2,  0.7623,  0.5811
 2007,     3,  21,  0.5388,  0.3479,     5,  167.9,  0.6414,  0.4114
 2007,     3,  22,  0.4983,  0.4492,     5,  177.0,  0.6709,  0.4501
 2007,     3,  23,  0.2468,  0.6224,     6,  203.4,  0.6695,  0.4483
 2007,     3,  24,  0.4387,  0.8628,     6,  198.0,  0.9680,  0.9369
 2007,     3,  25,  0.4220,  1.0314,     6,  202.7,  1.1144,  1.2419
 2007,     3,  26,  0.2278,  1.2727,     6,  214.9,  1.2930,  1.6718
 2007,     3,  27,  0.1228,  1.4136,     6,  220.0,  1.4189,  2.0132
 2007,     3,  28,  0.2701,  1.3009,     6,  213.3,  1.3287,  1.7653
 2007,     3,  29,  0.1860,  1.0985,     6,  215.4,  1.1141,  1.2413
 2007,     3,  30, -0.1582,  1.0973,     7,  233.2,  1.1087,  1.2291
 2007,     3,  31, -0.3836,  1.0374,     7,  245.3,  1.1061,  1.2234
 2007,     4,   1, -0.5862,  0.9729,     7,  256.1,  1.1358,  1.2900
 2007,     4,   2, -0.6308,  1.0073,     7,  257.1,  1.1885,  1.4125
 2007,     4,   3, -0.9705,  0.9192,     8,  271.6,  1.3367,  1.7868
 2007,     4,   4, -1.5070,  0.5762,     8,  294.1,  1.6133,  2.6029
 2007,     4,   5, -1.5825,  0.3335,     8,  303.1,  1.6173,  2.6155
 2007,     4,   6, -1.4653,  0.0951,     8,  311.3,  1.4684,  2.1561
 2007,     4,   7, -1.2304, -0.1197,     1,  320.6,  1.2362,  1.5282
 2007,     4,   8, -1.2234, -0.3555,     1,  331.2,  1.2740,  1.6231
 2007,     4,   9, -1.1742, -0.4565,     1,  336.2,  1.2598,  1.5871
 2007,     4,  10, -0.8793, -0.2196,     1,  329.0,  0.9063,  0.8214
 2007,     4,  11, -0.4666, -0.0710,     1,  323.7,  0.4719,  0.2227
 2007,     4,  12, -0.3647,  0.1554,     8,  291.9,  0.3965,  0.1572
 2007,     4,  13, -0.3216,  0.3435,     7,  268.1,  0.4706,  0.2214
 2007,     4,  14, -0.2386,  0.3220,     7,  261.5,  0.4007,  0.1606
 2007,     4,  15, -0.1411,  0.4993,     7,  240.8,  0.5189,  0.2692
 2007,     4,  16, -0.0752,  0.5532,     7,  232.7,  0.5582,  0.3116
 2007,     4,  17, -0.2045,  0.4218,     7,  250.9,  0.4688,  0.2198
 2007,     4,  18, -0.4673,  0.2540,     8,  286.5,  0.5318,  0.2828
 2007,     4,  19, -0.5048,  0.0627,     8,  307.9,  0.5087,  0.2588
 2007,     4,  20, -0.3786, -0.1209,     1,  332.7,  0.3974,  0.1579
 2007,     4,  21, -0.0399, -0.2704,     2,   36.6,  0.2734,  0.0747
 2007,     4,  22,  0.1647, -0.2568,     3,   77.7,  0.3051,  0.0931
 2007,     4,  23,  0.1614, -0.3344,     3,   70.8,  0.3713,  0.1379
 2007,     4,  24,  0.0450, -0.5246,     3,   49.9,  0.5266,  0.2773
 2007,     4,  25, -0.0395, -0.6106,     2,   41.3,  0.6119,  0.3744
 2007,     4,  26, -0.0470, -0.9535,     2,   42.2,  0.9547,  0.9114
 2007,     4,  27,  0.1818, -1.0949,     3,   54.4,  1.1099,  1.2319
 2007,     4,  28,  0.6277, -1.1010,     3,   74.7,  1.2674,  1.6062
 2007,     4,  29,  0.8966, -0.8870,     4,   90.3,  1.2612,  1.5906
 2007,     4,  30,  0.7971, -0.6732,     4,   94.8,  1.0433,  1.0886
 2007,     5,   1,  0.6260, -0.2877,     4,  110.3,  0.6890,  0.4747
 2007,     5,   2,  0.8046, -0.0847,     4,  129.0,  0.8091,  0.6546
 2007,     5,   3,  1.0202, -0.0638,     4,  131.4,  1.0222,  1.0449
 2007,     5,   4,  0.8797,  0.0634,     5,  139.1,  0.8820,  0.7780
 2007,     5,   5,  0.7447,  0.2692,     5,  154.9,  0.7919,  0.6271
 2007,     5,   6,  0.6114,  0.4469,     5,  171.2,  0.7573,  0.5735
 2007,     5,   7,  0.5430,  0.4711,     5,  175.9,  0.7188,  0.5167
 2007,     5,   8,  0.4073,  0.3559,     5,  176.1,  0.5409,  0.2925
 2007,     5,   9,  0.2156,  0.4604,     6,  199.9,  0.5084,  0.2584
 2007,     5,  10,  0.1714,  0.3347,     6,  197.9,  0.3760,  0.1414
 2007,     5,  11,  0.0959,  0.2880,     6,  206.6,  0.3036,  0.0922
 2007,     5,  12, -0.1972,  0.3382,     7,  255.3,  0.3915,  0.1533
 2007,     5,  13, -0.4276,  0.4632,     7,  267.7,  0.6304,  0.3974
 2007,     5,  14, -0.3200,  0.6623,     7,  250.8,  0.7356,  0.5410
 2007,     5,  15, -0.3611,  0.8642,     7,  247.7,  0.9366,  0.8772
 2007,     5,  16, -0.3395,  0.9742,     7,  244.2,  1.0317,  1.0643
 2007,     5,  17, -0.2824,  1.0800,     7,  239.7,  1.1163,  1.2461
 2007,     5,  18, -0.4152,  1.2070,     7,  244.0,  1.2764,  1.6293
 2007,     5,  19, -0.7117,  1.4130,     7,  251.7,  1.5821,  2.5030
 2007,     5,  20, -1.0439,  1.3510,     7,  262.7,  1.7073,  2.9150
 2007,     5,  21, -1.4071,  0.9391,     8,  281.3,  1.6917,  2.8618
 2007,     5,  22, -1.8130,  0.7109,     8,  293.6,  1.9474,  3.7925
 2007,     5,  23, -2.0123,  0.5024,     8,  301.0,  2.0740,  4.3017
 2007,     5,  24, -1.9831,  0.1940,     8,  309.4,  1.9926,  3.9703
 2007,     5,  25, -1.7032, -0.4361,     1,  329.4,  1.7582,  3.0911
 2007,     5,  26, -1.4795, -1.0437,     1,  350.2,  1.8107,  3.2785
 2007,     5,  27, -1.3052, -1.1966,     1,  357.5,  1.7707,  3.1355
 2007,     5,  28, -1.0584, -1.4199,     2,    8.3,  1.7710,  3.1363
 2007,     5,  29, -1.0350, -1.4353,     2,    9.2,  1.7696,  3.1314
 2007,     5,  30, -1.0497, -1.1886,     2,    3.6,  1.5858,  2.5147
 2007,     5,  31, -1.1166, -0.8563,     1,  352.5,  1.4071,  1.9800
 2007,     6,   1, -0.9457, -0.7132,     1,  352.0,  1.1844,  1.4029
 2007,     6,   2, -1.0062, -0.7411,     1,  351.4,  1.2497,  1.5617
 2007,     6,   3, -1.0068, -0.6844,     1,  349.2,  1.2174,  1.4821
 2007,     6,   4, -0.8504, -0.6235,     1,  351.2,  1.0545,  1.1119
 2007,     6,   5, -0.6952, -0.6711,     1,  359.0,  0.9662,  0.9336
 2007,     6,   6, -0.5758, -0.9317,     2,   13.3,  1.0953,  1.1997
 2007,     6,   7, -0.4613, -1.1926,     2,   23.9,  1.2787,  1.6351
 2007,     6,   8, -0.3608, -1.3224,     2,   29.7,  1.3707,  1.8789
 2007,     6,   9,  0.0681, -1.0733,     3,   48.6,  1.0754,  1.1565
 2007,     6,  10,  0.1904, -0.9706,     3,   56.1,  0.9891,  0.9784
 2007,     6,  11,  0.2886, -0.9695,     3,   61.6,  1.0116,  1.0233
 2007,     6,  12,  0.4440, -0.8916,     3,   71.5,  0.9960,  0.9920
 2007,     6,  13,  0.3736, -0.9688,     3,   66.1,  1.0383,  1.0780
 2007,     6,  14,  0.5240, -1.0179,     3,   72.2,  1.1448,  1.3107
 2007,     6,  15,  0.9289, -0.9374,     3,   89.7,  1.3197,  1.7415
 2007,     6,  16,  1.4712, -0.6568,     4,  110.9,  1.6112,  2.5959
 2007,     6,  17,  1.8704, -0.4224,     4,  122.3,  1.9175,  3.6768
 2007,     6,  18,  2.1484, -0.0112,     4,  134.7,  2.1484,  4.6158
 2007,     6,  19,  2.1250,  0.0877,     5,  137.4,  2.1268,  4.5233
 2007,     6,  20,  2.1595,  0.0991,     5,  137.6,  2.1618,  4.6734
 2007,     6,  21,  1.9454,  0.2679,     5,  142.8,  1.9638,  3.8565
 2007,     6,  22,  1.7909,  0.1674,     5,  140.3,  1.7987,  3.2354
 2007,     6,  23,  1.3923,  0.3433,     5,  148.9,  1.4340,  2.0564
 2007,     6,  24,  1.3485,  0.5651,     5,  157.7,  1.4622,  2.1379
 2007,     6,  25,  1.4101,  0.8281,     5,  165.4,  1.6353,  2.6742
 2007,     6,  26,  1.2609,  0.8942,     5,  170.3,  1.5457,  2.3893
 2007,     6,  27,  0.9149,  0.9937,     6,  182.4,  1.3507,  1.8244
 2007,     6,  28,  0.6611,  0.9331,     6,  189.7,  1.1436,  1.3077
 2007,     6,  29,  0.5348,  1.1560,     6,  200.2,  1.2738,  1.6225
 2007,     6,  30,  0.6275,  1.2277,     6,  197.9,  1.3788,  1.9010
 2007,     7,   1,  0.7194,  1.3148,     6,  196.3,  1.4988,  2.2463
 2007,     7,   2,  0.6625,  1.3028,     6,  198.0,  1.4616,  2.1363
 2007,     7,   3,  0.5222,  1.2954,     6,  203.0,  1.3967,  1.9507
 2007,     7,   4,  0.4549,  1.2436,     6,  204.9,  1.3242,  1.7534
 2007,     7,   5,  0.5799,  1.1037,     6,  197.3,  1.2467,  1.5544
 2007,     7,   6,  0.4607,  1.1100,     6,  202.5,  1.2018,  1.4444
 2007,     7,   7,  0.2108,  1.3117,     6,  215.9,  1.3285,  1.7649
 2007,     7,   8,  0.0144,  1.4926,     6,  224.4,  1.4926,  2.2280
 2007,     7,   9,  0.0208,  1.7820,     6,  224.3,  1.7821,  3.1760
 2007,     7,  10, -0.0473,  1.8347,     7,  226.5,  1.8353,  3.3685
 2007,     7,  11, -0.4690,  1.5557,     7,  241.8,  1.6248,  2.6401
 2007,     7,  12, -0.5419,  1.3544,     7,  246.8,  1.4588,  2.1282
 2007,     7,  13, -0.5291,  1.0197,     7,  252.4,  1.1488,  1.3198
 2007,     7,  14, -0.5176,  0.5204,     7,  269.8,  0.7340,  0.5387
 2007,     7,  15, -0.7554, -0.1471,     1,  326.0,  0.7696,  0.5923
 2007,     7,  16, -1.0588, -0.4829,     1,  339.5,  1.1637,  1.3542
 2007,     7,  17, -1.2511, -0.6414,     1,  342.1,  1.4059,  1.9767
 2007,     7,  18, -1.6100, -0.8852,     1,  343.8,  1.8373,  3.3757
 2007,     7,  19, -1.6211, -1.0096,     1,  346.9,  1.9098,  3.6472
 2007,     7,  20, -1.5610, -1.2470,     1,  353.6,  1.9979,  3.9917
 2007,     7,  21, -1.2947, -1.4629,     2,    3.5,  1.9536,  3.8166
 2007,     7,  22, -1.0417, -1.7506,     2,   14.2,  2.0371,  4.1498
 2007,     7,  23, -0.7037, -1.8030,     2,   23.7,  1.9355,  3.7460
 2007,     7,  24, -0.6032, -1.5961,     2,   24.3,  1.7063,  2.9114
 2007,     7,  25, -0.2597, -1.3291,     2,   33.9,  1.3543,  1.8340
 2007,     7,  26,  0.2139, -0.9164,     3,   58.1,  0.9410,  0.8856
 2007,     7,  27,  0.5974, -0.4563,     4,   97.6,  0.7517,  0.5651
 2007,     7,  28,  0.7452, -0.2117,     4,  119.1,  0.7747,  0.6002
 2007,     7,  29,  0.8195,  0.0943,     5,  141.6,  0.8249,  0.6804
 2007,     7,  30,  0.8273,  0.2720,     5,  153.2,  0.8709,  0.7584
 2007,     7,  31,  0.7917,  0.5450,     5,  169.5,  0.9611,  0.9238
 2007,     8,   1,  0.7027,  0.9252,     6,  187.8,  1.1618,  1.3498
 2007,     8,   2,  0.5558,  0.7897,     6,  189.9,  0.9657,  0.9326
 2007,     8,   3,  0.4994,  0.8218,     6,  193.7,  0.9617,  0.9248
 2007,     8,   4,  0.5823,  0.9535,     6,  193.6,  1.1172,  1.2482
 2007,     8,   5,  0.4803,  0.7895,     6,  193.7,  0.9242,  0.8541
 2007,     8,   6,  0.3696,  0.5957,     6,  193.2,  0.7010,  0.4914
 2007,     8,   7,  0.6602,  0.5249,     5,  173.5,  0.8434,  0.7114
 2007,     8,   8,  0.6749,  0.5234,     5,  172.8,  0.8541,  0.7294
 2007,     8,   9,  0.4369,  0.3811,     5,  176.1,  0.5797,  0.3361
 2007,     8,  10,  0.0651,  0.2031,     6,  207.2,  0.2132,  0.0455
 2007,     8,  11, -0.0558,  0.1330,     7,  247.8,  0.1443,  0.0208
 2007,     8,  12, -0.0269, -0.0652,     2,   22.6,  0.0706,  0.0050
 2007,     8,  13, -0.0561, -0.1713,     2,   26.9,  0.1803,  0.0325
 2007,     8,  14, -0.0554, -0.3582,     2,   36.2,  0.3625,  0.1314
 2007,     8,  15,  0.0013, -0.4657,     3,   45.2,  0.4657,  0.2169
 2007,     8,  16,  0.0502, -0.6692,     3,   49.3,  0.6711,  0.4503
 2007,     8,  17,  0.0551, -0.8481,     3,   48.7,  0.8498,  0.7222
 2007,     8,  18,  0.2173, -0.7038,     3,   62.2,  0.7366,  0.5426
 2007,     8,  19, -0.0708, -0.4378,     2,   35.8,  0.4435,  0.1967
 2007,     8,  20, -0.3268, -0.3567,     2,    2.5,  0.4837,  0.2340
 2007,     8,  21, -0.3848, -0.0856,     1,  327.5,  0.3942,  0.1554
 2007,     8,  22, -0.4343, -0.1743,     1,  336.9,  0.4679,  0.2190
 2007,     8,  23, -0.6892, -0.4258,     1,  346.7,  0.8102,  0.6564
 2007,     8,  24, -0.9439, -0.5742,     1,  346.3,  1.1048,  1.2205
 2007,     8,  25, -1.1024, -0.8418,     1,  352.4,  1.3870,  1.9239
 2007,     8,  26, -0.9185, -0.9340,     2,    0.5,  1.3099,  1.7159
 2007,     8,  27, -0.8704, -1.1078,     2,    6.8,  1.4089,  1.9849
 2007,     8,  28, -0.9536, -1.4069,     2,   10.9,  1.6996,  2.8887
 2007,     8,  29, -0.7934, -1.5861,     2,   18.4,  1.7735,  3.1454
 2007,     8,  30, -0.5888, -1.6316,     2,   25.2,  1.7346,  3.0087
 2007,     8,  31, -0.3874, -1.4536,     2,   30.1,  1.5044,  2.2632
 2007,     9,   1, -0.4876, -1.2771,     2,   24.1,  1.3670,  1.8688
 2007,     9,   2, -0.3667, -1.0660,     2,   26.0,  1.1273,  1.2707
 2007,     9,   3, -0.4513, -0.6738,     2,   11.2,  0.8110,  0.6577
 2007,     9,   4, -0.4026, -0.4899,     2,    5.6,  0.6341,  0.4021
 2007,     9,   5, -0.0754, -0.3864,     2,   34.0,  0.3937,  0.1550
 2007,     9,   6,  0.3872, -0.2032,     4,  107.3,  0.4373,  0.1912
 2007,     9,   7,  0.7384,  0.1780,     5,  148.6,  0.7595,  0.5769
 2007,     9,   8,  0.9287,  0.3096,     5,  153.4,  0.9789,  0.9582
 2007,     9,   9,  1.1348,  0.6123,     5,  163.4,  1.2895,  1.6627
 2007,     9,  10,  1.1974,  0.7718,     5,  167.8,  1.4246,  2.0294
 2007,     9,  11,  1.0331,  1.0674,     6,  180.9,  1.4855,  2.2066
 2007,     9,  12,  0.8294,  0.9430,     6,  183.7,  1.2558,  1.5771
 2007,     9,  13,  0.7102,  0.8712,     6,  185.8,  1.1240,  1.2633
 2007,     9,  14,  0.9068,  0.9044,     5,  179.9,  1.2807,  1.6402
 2007,     9,  15,  1.1432,  0.8029,     5,  170.1,  1.3970,  1.9516
 2007,     9,  16,  1.2088,  0.8133,     5,  168.9,  1.4569,  2.1226
 2007,     9,  17,  1.1336,  0.7893,     5,  169.8,  1.3813,  1.9081
 2007,     9,  18,  1.0680,  0.7013,     5,  168.3,  1.2777,  1.6324
 2007,     9,  19,  0.9977,  0.9274,     5,  177.9,  1.3622,  1.8555
 2007,     9,  20,  0.8533,  0.8876,     6,  181.1,  1.2313,  1.5161
 2007,     9,  21,  0.6465,  0.7826,     6,  185.4,  1.0151,  1.0305
 2007,     9,  22,  0.6598,  0.9623,     6,  190.6,  1.1668,  1.3614
 2007,     9,  23,  0.7102,  0.8314,     6,  184.5,  1.0934,  1.1956
 2007,     9,  24,  0.5725,  0.5977,     6,  181.2,  0.8277,  0.6850
 2007,     9,  25,  0.3294,  0.6685,     6,  198.8,  0.7453,  0.5554
 2007,     9,  26,  0.2252,  0.7996,     6,  209.3,  0.8307,  0.6901
 2007,     9,  27,  0.3115,  0.8772,     6,  205.4,  0.9309,  0.8665
 2007,     9,  28,  0.2504,  0.7012,     6,  205.3,  0.7445,  0.5543
 2007,     9,  29, -0.0038,  0.5186,     7,  225.4,  0.5186,  0.2689
 2007,     9,  30, -0.2612,  0.5146,     7,  251.9,  0.5771,  0.3331
 2007,    10,   1, -0.4902,  0.9684,     7,  251.8,  1.0854,  1.1781
 2007,    10,   2, -0.5000,  1.2337,     7,  247.1,  1.3311,  1.7719
 2007,    10,   3, -0.7222,  1.1928,     7,  256.2,  1.3944,  1.9443
 2007,    10,   4, -0.9184,  1.0669,     7,  265.7,  1.4077,  1.9816
 2007,    10,   5, -0.8893,  1.1879,     7,  261.8,  1.4839,  2.2020
 2007,    10,   6, -0.8492,  1.0549,     7,  263.8,  1.3543,  1.8341
 2007,    10,   7, -1.0690,  0.7095,     8,  281.4,  1.2831,  1.6463
 2007,    10,   8, -1.5229,  0.6142,     8,  293.0,  1.6421,  2.6966
 2007,    10,   9, -1.8448,  0.7299,     8,  293.4,  1.9840,  3.9361
 2007,    10,  10, -2.1104,  0.5879,     8,  299.4,  2.1907,  4.7993
 2007,    10,  11, -2.2292,  0.3202,     8,  306.8,  2.2521,  5.0718
 2007,    10,  12, -2.2835,  0.4103,     8,  304.8,  2.3201,  5.3829
 2007,    10,  13, -2.3457,  0.3495,     8,  306.5,  2.3716,  5.6245
 2007,    10,  14, -2.3760,  0.1225,     8,  312.0,  2.3792,  5.6605
 2007,    10,  15, -2.2506, -0.0415,     1,  316.1,  2.2510,  5.0671
 2007,    10,  16, -2.1985, -0.2256,     1,  320.9,  2.2100,  4.8842
 2007,    10,  17, -2.2802, -0.3648,     1,  324.1,  2.3092,  5.3323
 2007,    10,  18, -2.2810, -0.6035,     1,  329.8,  2.3595,  5.5672
 2007,    10,  19, -2.2232, -0.8192,     1,  335.2,  2.3693,  5.6138
 2007,    10,  20, -1.8359, -0.9659,     1,  342.7,  2.0745,  4.3035
 2007,    10,  21, -1.3947, -0.9771,     1,  350.0,  1.7028,  2.8997
 2007,    10,  22, -0.9152, -0.8411,     1,  357.6,  1.2430,  1.5450
 2007,    10,  23, -0.4088, -0.6104,     2,   11.2,  0.7346,  0.5396
 2007,    10,  24,  0.0291, -0.3393,     3,   49.9,  0.3406,  0.1160
 2007,    10,  25,  0.1184, -0.0817,     4,  100.4,  0.1438,  0.0207
 2007,    10,  26,  0.2419,  0.0589,     5,  148.7,  0.2490,  0.0620
 2007,    10,  27,  0.4194,  0.2822,     5,  168.9,  0.5055,  0.2555
 2007,    10,  28,  0.8464,  0.2117,     5,  149.0,  0.8725,  0.7612
 2007,    10,  29,  0.8395, -0.1862,     4,  122.5,  0.8599,  0.7394
 2007,    10,  30,  0.7566, -0.3389,     4,  110.9,  0.8290,  0.6873
 2007,    10,  31,  0.7998, -0.4018,     4,  108.3,  0.8951,  0.8012
 2007,    11,   1,  0.6009, -0.3346,     4,  105.9,  0.6878,  0.4730
 2007,    11,   2,  0.5684, -0.3257,     4,  105.2,  0.6552,  0.4292
 2007,    11,   3,  0.3620, -0.4145,     3,   86.1,  0.5503,  0.3028
 2007,    11,   4,  0.3081, -0.4511,     3,   79.3,  0.5463,  0.2985
 2007,    11,   5,  0.4365, -0.3330,     4,   97.7,  0.5490,  0.3014
 2007,    11,   6,  0.4557, -0.2162,     4,  109.6,  0.5044,  0.2544
 2007,    11,   7,  0.2667,  0.0553,     5,  146.7,  0.2724,  0.0742
 2007,    11,   8,  0.0561,  0.1839,     6,  208.0,  0.1923,  0.0370
 2007,    11,   9, -0.0231,  0.1506,     7,  233.7,  0.1523,  0.0232
 2007,    11,  10,  0.1762,  0.0983,     5,  164.2,  0.2017,  0.0407
 2007,    11,  11,  0.3717,  0.3327,     5,  176.8,  0.4988,  0.2488
 2007,    11,  12,  0.4533,  0.3344,     5,  171.4,  0.5633,  0.3173
 2007,    11,  13,  0.8428,  0.3747,     5,  159.0,  0.9223,  0.8507
 2007,    11,  14,  0.9860,  0.5448,     5,  163.9,  1.1265,  1.2690
 2007,    11,  15,  0.9118,  0.9031,     5,  179.7,  1.2833,  1.6469
 2007,    11,  16,  0.9653,  1.2725,     6,  187.8,  1.5972,  2.5512
 2007,    11,  17,  0.8707,  1.4425,     6,  193.9,  1.6849,  2.8388
 2007,    11,  18,  0.7962,  1.3981,     6,  195.3,  1.6089,  2.5885
 2007,    11,  19,  0.4593,  1.3039,     6,  205.6,  1.3825,  1.9112
 2007,    11,  20,  0.0594,  1.2798,     6,  222.3,  1.2812,  1.6415
 2007,    11,  21, -0.2342,  1.4064,     7,  234.5,  1.4257,  2.0327
 2007,    11,  22,  0.1926,  1.4409,     6,  217.4,  1.4537,  2.1132
 2007,    11,  23,  0.5846,  1.5373,     6,  204.2,  1.6447,  2.7051
 2007,    11,  24,  0.4021,  1.5843,     6,  210.8,  1.6345,  2.6716
 2007,    11,  25, -0.3062,  1.6355,     7,  235.6,  1.6639,  2.7685
 2007,    11,  26, -0.8332,  2.0523,     7,  247.1,  2.2150,  4.9061
 2007,    11,  27, -1.1307,  2.3096,     7,  251.1,  2.5716,  6.6130
 2007,    11,  28, -1.7313,  2.1483,     7,  263.9,  2.7591,  7.6126
 2007,    11,  29, -2.6491,  1.6090,     8,  283.7,  3.0995,  9.6066
 2007,    11,  30, -3.2186,  0.9799,     8,  298.1,  3.3645, 11.3196
 2007,    12,   1, -3.3536,  0.4271,     8,  307.7,  3.3807, 11.4292
 2007,    12,   2, -3.2509,  0.1152,     8,  313.0,  3.2530, 10.5818
 2007,    12,   3, -3.1065, -0.3573,     1,  321.6,  3.1270,  9.7779
 2007,    12,   4, -2.7626, -1.2631,     1,  339.6,  3.0377,  9.2274
 2007,    12,   5, -2.4273, -1.7777,     1,  351.2,  3.0087,  9.0523
 2007,    12,   6, -1.9645, -1.9558,     1,  359.9,  2.7721,  7.6846
 2007,    12,   7, -1.1826, -2.0287,     2,   14.8,  2.3483,  5.5143
 2007,    12,   8, -0.4257, -2.0809,     2,   33.4,  2.1240,  4.5115
 2007,    12,   9,  0.0255, -2.1978,     3,   45.7,  2.1979,  4.8310
 2007,    12,  10,  0.1742, -2.3925,     3,   49.2,  2.3988,  5.7544
 2007,    12,  11,  0.4726, -2.4045,     3,   56.1,  2.4505,  6.0048
 2007,    12,  12,  0.5854, -2.2268,     3,   59.7,  2.3024,  5.3012
 2007,    12,  13,  0.7382, -2.2395,     3,   63.2,  2.3580,  5.5602
 2007,    12,  14,  0.6649, -2.4288,     3,   60.3,  2.5181,  6.3410
 2007,    12,  15,  0.4832, -2.6938,     3,   55.2,  2.7368,  7.4901
 2007,    12,  16,  0.4194, -2.8393,     3,   53.4,  2.8701,  8.2377
 2007,    12,  17,  0.7020, -2.7082,     3,   59.5,  2.7977,  7.8270
 2007,    12,  18,  1.1083, -2.4596,     3,   69.3,  2.6978,  7.2779
 2007,    12,  19,  1.3069, -2.2263,     3,   75.4,  2.5816,  6.6644
 2007,    12,  20,  1.5030, -2.2530,     3,   78.7,  2.7083,  7.3350
 2007,    12,  21,  1.7896, -1.8830,     3,   88.5,  2.5978,  6.7487
 2007,    12,  22,  2.0509, -1.4202,     4,  100.3,  2.4946,  6.2232
 2007,    12,  23,  2.1789, -0.9244,     4,  112.0,  2.3669,  5.6020
 2007,    12,  24,  2.2173, -0.6798,     4,  118.0,  2.3192,  5.3787
 2007,    12,  25,  1.7193, -0.6879,     4,  113.2,  1.8518,  3.4291
 2007,    12,  26,  1.3914, -0.3340,     4,  121.5,  1.4309,  2.0476
 2007,    12,  27,  1.3954,  0.1313,     5,  140.4,  1.4015,  1.9642
 2007,    12,  28,  1.4590,  0.5778,     5,  156.6,  1.5692,  2.4624
 2007,    12,  29,  1.4065,  0.6758,     5,  160.7,  1.5604,  2.4349
 2007,    12,  30,  1.0816,  0.8038,     5,  171.6,  1.3476,  1.8160
 2007,    12,  31,  1.0411,  0.8783,     5,  175.2,  1.3621,  1.8553
 2008,     1,   1,  1.2113,  0.8752,     5,  170.8,  1.4944,  2.2332
 2008,     1,   2,  1.2896,  0.9230,     5,  170.6,  1.5859,  2.5151
 2008,     1,   3,  1.4154,  1.0991,     5,  172.8,  1.7920,  3.2113
 2008,     1,   4,  1.2437,  1.5550,     6,  186.3,  1.9912,  3.9647
 2008,     1,   5,  0.6636,  1.5998,     6,  202.5,  1.7320,  2.9997
 2008,     1,   6,  0.0676,  1.7498,     6,  222.8,  1.7511,  3.0662
 2008,     1,   7, -0.3838,  1.7570,     7,  237.3,  1.7985,  3.2344
 2008,     1,   8, -0.6860,  1.5942,     7,  248.3,  1.7355,  3.0121
 2008,     1,   9, -0.9169,  1.3861,     7,  258.5,  1.6619,  2.7620
 2008,     1,  10, -1.0586,  1.3607,     7,  262.9,  1.7240,  2.9722
 2008,     1,  11, -1.1867,  1.3399,     7,  266.5,  1.7899,  3.2037
 2008,     1,  12, -1.1564,  1.2741,     7,  267.2,  1.7206,  2.9606
 2008,     1,  13, -1.1841,  1.1494,     8,  270.8,  1.6502,  2.7232
 2008,     1,  14, -1.1671,  1.1927,     7,  269.4,  1.6687,  2.7846
 2008,     1,  15, -1.3835,  1.3817,     8,  270.0,  1.9553,  3.8231
 2008,     1,  16, -1.4724,  1.5076,     7,  269.3,  2.1074,  4.4410
 2008,     1,  17, -1.2906,  1.7511,     7,  261.4,  2.1753,  4.7321
 2008,     1,  18, -1.2868,  1.7482,     7,  261.4,  2.1707,  4.7121
 2008,     1,  19, -1.2569,  1.6644,     7,  262.1,  2.0856,  4.3499
 2008,     1,  20, -1.3824,  1.2871,     8,  272.0,  1.8888,  3.5677
 2008,     1,  21, -1.1603,  0.7252,     8,  283.0,  1.3683,  1.8721
 2008,     1,  22, -1.0525, -0.1738,     1,  324.4,  1.0667,  1.1380
 2008,     1,  23, -1.1911, -0.8859,     1,  351.6,  1.4844,  2.2035
 2008,     1,  24, -1.0509, -1.5915,     2,   11.6,  1.9072,  3.6375
 2008,     1,  25, -0.7894, -1.9343,     2,   22.8,  2.0892,  4.3646
 2008,     1,  26, -0.5018, -1.9546,     2,   30.6,  2.0180,  4.0723
 2008,     1,  27, -0.0995, -1.8359,     2,   41.9,  1.8385,  3.3802
 2008,     1,  28,  0.3252, -1.9218,     3,   54.6,  1.9491,  3.7991
 2008,     1,  29,  0.4328, -1.9095,     3,   57.8,  1.9579,  3.8335
 2008,     1,  30,  0.4466, -1.9668,     3,   57.8,  2.0169,  4.0679
 2008,     1,  31,  0.6070, -1.9662,     3,   62.2,  2.0577,  4.2342
 2008,     2,   1,  1.0839, -2.0033,     3,   73.4,  2.2777,  5.1880
 2008,     2,   2,  1.5539, -1.8049,     3,   85.7,  2.3817,  5.6724
 2008,     2,   3,  1.5513, -1.3553,     4,   93.9,  2.0600,  4.2435
 2008,     2,   4,  1.5671, -1.1964,     4,   97.6,  1.9716,  3.8871
 2008,     2,   5,  1.7201, -0.9064,     4,  107.2,  1.9443,  3.7802
 2008,     2,   6,  1.9396, -0.6073,     4,  117.6,  2.0324,  4.1307
 2008,     2,   7,  2.2309, -0.3331,     4,  126.5,  2.2556,  5.0876
 2008,     2,   8,  2.4551, -0.2813,     4,  128.5,  2.4712,  6.1066
 2008,     2,   9,  2.3307, -0.0836,     4,  132.9,  2.3322,  5.4391
 2008,     2,  10,  2.1929,  0.1430,     5,  138.7,  2.1975,  4.8291
 2008,     2,  11,  1.8764,  0.5107,     5,  150.2,  1.9447,  3.7817
 2008,     2,  12,  1.5201,  0.6966,     5,  159.6,  1.6721,  2.7960
 2008,     2,  13,  1.1092,  0.4654,     5,  157.8,  1.2028,  1.4468
 2008,     2,  14,  0.4547,  0.5362,     6,  184.7,  0.7030,  0.4942
 2008,     2,  15, -0.0372,  0.7319,     7,  227.9,  0.7328,  0.5370
 2008,     2,  16, -0.4457,  0.7983,     7,  254.2,  0.9143,  0.8360
 2008,     2,  17, -0.6970,  0.5254,     8,  278.0,  0.8728,  0.7618
 2008,     2,  18, -0.8547, -0.0308,     1,  317.1,  0.8552,  0.7314
 2008,     2,  19, -0.7778, -0.4308,     1,  344.0,  0.8891,  0.7906
 2008,     2,  20, -0.5725, -0.7495,     2,    7.6,  0.9432,  0.8896
 2008,     2,  21, -0.4397, -0.7591,     2,   14.9,  0.8772,  0.7695
 2008,     2,  22, -0.4813, -0.6923,     2,   10.2,  0.8432,  0.7109
 2008,     2,  23, -0.3565, -0.4943,     2,    9.2,  0.6095,  0.3715
 2008,     2,  24, -0.0599, -0.2961,     2,   33.6,  0.3021,  0.0913
 2008,     2,  25, -0.0086, -0.4583,     2,   43.9,  0.4584,  0.2101
 2008,     2,  26, -0.3293, -0.6972,     2,   19.7,  0.7711,  0.5945
 2008,     2,  27, -0.3503, -0.7037,     2,   18.5,  0.7860,  0.6179
 2008,     2,  28, -0.2547, -0.3399,     2,    8.2,  0.4248,  0.1804
 2008,     2,  29, -0.1727, -0.1371,     1,  353.4,  0.2205,  0.0486
 2008,     3,   1,  0.1347, -0.4971,     3,   60.2,  0.5150,  0.2652
 2008,     3,   2, -0.3522, -0.8159,     2,   21.7,  0.8887,  0.7897
 2008,     3,   3, -0.6128, -1.1419,     2,   16.8,  1.2960,  1.6795
 2008,     3,   4, -0.7026, -1.3648,     2,   17.8,  1.5351,  2.3564
 2008,     3,   5, -0.8213, -1.4797,     2,   16.0,  1.6924,  2.8641
 2008,     3,   6, -0.9814, -1.4659,     2,   11.2,  1.7641,  3.1119
 2008,     3,   7, -1.0769, -1.5079,     2,    9.5,  1.8530,  3.4336
 2008,     3,   8, -1.0764, -1.6911,     2,   12.5,  2.0046,  4.0185
 2008,     3,   9, -1.1163, -2.0742,     2,   16.7,  2.3555,  5.5485
 2008,     3,  10, -0.9161, -2.3587,     2,   23.8,  2.5304,  6.4028
 2008,     3,  11, -0.5773, -2.5164,     2,   32.1,  2.5817,  6.6653
 2008,     3,  12, -0.3344, -2.7097,     2,   38.0,  2.7303,  7.4546
 2008,     3,  13, -0.1118, -2.6915,     2,   42.6,  2.6938,  7.2565
 2008,     3,  14,  0.0345, -2.6105,     3,   45.8,  2.6107,  6.8158
 2008,     3,  15,  0.1605, -2.4024,     3,   48.8,  2.4077,  5.7971
 2008,     3,  16,  0.5436, -2.0601,     3,   59.8,  2.1306,  4.5396
 2008,     3,  17,  0.9689, -1.8436,     3,   72.7,  2.0827,  4.3376
 2008,     3,  18,  1.3193, -1.5576,     3,   85.3,  2.0412,  4.1666
 2008,     3,  19,  1.6080, -1.5245,     4,   91.5,  2.2158,  4.9096
 2008,     3,  20,  1.7130, -1.2648,     4,   98.6,  2.1293,  4.5339
 2008,     3,  21,  1.8986, -0.8712,     4,  110.4,  2.0889,  4.3637
 2008,     3,  22,  1.9734, -0.6632,     4,  116.4,  2.0819,  4.3343
 2008,     3,  23,  1.9425, -0.2209,     4,  128.5,  1.9550,  3.8221
 2008,     3,  24,  1.8989,  0.1219,     5,  138.7,  1.9028,  3.6208
 2008,     3,  25,  1.7218,  0.4392,     5,  149.3,  1.7770,  3.1577
 2008,     3,  26,  1.6931,  0.5203,     5,  152.1,  1.7712,  3.1372
 2008,     3,  27,  1.2034,  0.7045,     5,  165.3,  1.3944,  1.9444
 2008,     3,  28,  0.7625,  0.5441,     5,  170.5,  0.9367,  0.8775
 2008,     3,  29,  0.5900,  0.6325,     6,  182.0,  0.8650,  0.7482
 2008,     3,  30,  0.4688,  0.7931,     6,  194.4,  0.9213,  0.8487
 2008,     3,  31,  0.2285,  0.8770,     6,  210.4,  0.9063,  0.8214
 2008,     4,   1, -0.3266,  0.9214,     7,  244.5,  0.9776,  0.9557
 2008,     4,   2, -0.8034,  0.8632,     7,  267.9,  1.1792,  1.3906
 2008,     4,   3, -0.8493,  0.7979,     8,  271.8,  1.1653,  1.3580
 2008,     4,   4, -0.8937,  0.3126,     8,  295.7,  0.9467,  0.8963
 2008,     4,   5, -1.0737,  0.0800,     8,  310.7,  1.0766,  1.1591
 2008,     4,   6, -1.2038,  0.0528,     8,  312.5,  1.2050,  1.4519
 2008,     4,   7, -1.0129,  0.0935,     8,  309.7,  1.0172,  1.0348
 2008,     4,   8, -0.7381, -0.0257,     1,  317.0,  0.7386,  0.5455
 2008,     4,   9, -0.6929, -0.2373,     1,  333.9,  0.7324,  0.5364
 2008,     4,  10, -0.6065, -0.6649,     2,    2.6,  0.9000,  0.8099
 2008,     4,  11, -0.3179, -0.8040,     2,   23.4,  0.8645,  0.7474
 2008,     4,  12, -0.1400, -0.8316,     2,   35.4,  0.8432,  0.7111
 2008,     4,  13,  0.1227, -0.7619,     3,   54.2,  0.7718,  0.5956
 2008,     4,  14,  0.4354, -0.7627,     3,   74.7,  0.8782,  0.7713
 2008,     4,  15,  0.5290, -0.4781,     4,   92.9,  0.7130,  0.5084
 2008,     4,  16,  0.6017, -0.1839,     4,  118.0,  0.6292,  0.3958
 2008,     4,  17,  0.6262, -0.2576,     4,  112.6,  0.6771,  0.4585
 2008,     4,  18,  0.7192, -0.4452,     4,  103.2,  0.8458,  0.7154
 2008,     4,  19,  0.6595, -0.4638,     4,   99.9,  0.8062,  0.6500
 2008,     4,  20,  0.8919, -0.1910,     4,  122.9,  0.9121,  0.8319
 2008,     4,  21,  0.9750, -0.1580,     4,  125.8,  0.9878,  0.9757
 2008,     4,  22,  0.8175, -0.3252,     4,  113.3,  0.8798,  0.7740
 2008,     4,  23,  0.8024, -0.2286,     4,  119.1,  0.8343,  0.6960
 2008,     4,  24,  0.8181,  0.0959,     5,  141.7,  0.8237,  0.6785
 2008,     4,  25,  0.6603,  0.8369,     6,  186.7,  1.0660,  1.1363
 2008,     4,  26,  0.3979,  1.1329,     6,  205.6,  1.2008,  1.4419
 2008,     4,  27,  0.4216,  0.9409,     6,  200.9,  1.0310,  1.0629
 2008,     4,  28,  0.2961,  0.6221,     6,  199.5,  0.6890,  0.4747
 2008,     4,  29,  0.1857,  0.5947,     6,  207.7,  0.6230,  0.3882
 2008,     4,  30,  0.3814,  0.5030,     6,  187.8,  0.6313,  0.3985
 2008,     5,   1,  1.1132,  0.4379,     5,  156.5,  1.1962,  1.4310
 2008,     5,   2,  1.4970,  0.6528,     5,  158.6,  1.6331,  2.6670
 2008,     5,   3,  1.7517,  1.0157,     5,  165.1,  2.0249,  4.1002
 2008,     5,   4,  1.6600,  1.3549,     5,  174.2,  2.1427,  4.5914
 2008,     5,   5,  1.6411,  1.3927,     5,  175.3,  2.1524,  4.6328
 2008,     5,   6,  1.5119,  1.4830,     5,  179.4,  2.1178,  4.4851
 2008,     5,   7,  1.1685,  1.3931,     6,  185.0,  1.8182,  3.3060
 2008,     5,   8,  0.8589,  1.3454,     6,  192.4,  1.5962,  2.5479
 2008,     5,   9,  0.8265,  1.2945,     6,  192.4,  1.5358,  2.3588
 2008,     5,  10,  0.8111,  1.5142,     6,  196.8,  1.7178,  2.9508
 2008,     5,  11,  0.6319,  1.4533,     6,  201.5,  1.5847,  2.5112
 2008,     5,  12,  0.4990,  1.4543,     6,  206.1,  1.5375,  2.3639
 2008,     5,  13,  0.1648,  1.4928,     6,  218.7,  1.5018,  2.2555
 2008,     5,  14, -0.3917,  1.5225,     7,  239.4,  1.5721,  2.4714
 2008,     5,  15, -0.7461,  1.6094,     7,  249.9,  1.7739,  3.1468
 2008,     5,  16, -0.9495,  1.9374,     7,  251.1,  2.1576,  4.6550
 2008,     5,  17, -1.2183,  2.1357,     7,  254.7,  2.4588,  6.0455
 2008,     5,  18, -1.4195,  1.8482,     7,  262.5,  2.3304,  5.4310
 2008,     5,  19, -2.0777,  1.6580,     8,  276.4,  2.6582,  7.0658
 2008,     5,  20, -2.3930,  1.4925,     8,  283.0,  2.8203,  7.9538
 2008,     5,  21, -2.5813,  1.0461,     8,  292.9,  2.7852,  7.7574
 2008,     5,  22, -2.5364,  0.4673,     8,  304.6,  2.5791,  6.6519
 2008,     5,  23, -2.3399, -0.0471,     1,  316.2,  2.3404,  5.4773
 2008,     5,  24, -1.8545, -0.3281,     1,  325.0,  1.8833,  3.5470
 2008,     5,  25, -1.5259, -0.5945,     1,  336.3,  1.6376,  2.6819
 2008,     5,  26, -1.3239, -0.4629,     1,  334.3,  1.4025,  1.9670
 2008,     5,  27, -1.1404, -0.5101,     1,  339.1,  1.2493,  1.5607
 2008,     5,  28, -0.8166, -0.3538,     1,  338.4,  0.8900,  0.7921
 2008,     5,  29, -0.9372, -0.3394,     1,  334.9,  0.9967,  0.9935
 2008,     5,  30, -1.1216, -0.4282,     1,  335.9,  1.2006,  1.4413
 2008,     5,  31, -0.9507, -0.5960,     1,  347.1,  1.1220,  1.2589
 2008,     6,   1, -0.5149, -1.0046,     2,   17.9,  1.1288,  1.2743
 2008,     6,   2, -0.3280, -1.1970,     2,   29.7,  1.2411,  1.5404
 2008,     6,   3, -0.0934, -1.4149,     2,   41.2,  1.4180,  2.0108
 2008,     6,   4,  0.2720, -1.2135,     3,   57.6,  1.2437,  1.5467
 2008,     6,   5,  0.7925, -1.1907,     3,   78.6,  1.4303,  2.0458
 2008,     6,   6,  1.0166, -1.1336,     3,   86.9,  1.5226,  2.3183
 2008,     6,   7,  1.0830, -1.0999,     3,   89.6,  1.5436,  2.3828
 2008,     6,   8,  0.9513, -0.9814,     3,   89.1,  1.3667,  1.8680
 2008,     6,   9,  1.0285, -0.7900,     4,   97.5,  1.2969,  1.6820
 2008,     6,  10,  1.1987, -0.5248,     4,  111.4,  1.3085,  1.7122
 2008,     6,  11,  1.3029, -0.1898,     4,  126.7,  1.3166,  1.7335
 2008,     6,  12,  1.2136, -0.0822,     4,  131.1,  1.2164,  1.4795
 2008,     6,  13,  1.1368,  0.1331,     5,  141.7,  1.1446,  1.3100
 2008,     6,  14,  1.1111,  0.4619,     5,  157.6,  1.2033,  1.4480
 2008,     6,  15,  0.8540,  0.6630,     5,  172.8,  1.0811,  1.1689
 2008,     6,  16,  0.4194,  0.9118,     6,  200.3,  1.0036,  1.0072
 2008,     6,  17,  0.2062,  0.8708,     6,  211.7,  0.8949,  0.8008
 2008,     6,  18,  0.0534,  0.7608,     6,  221.0,  0.7627,  0.5816
 2008,     6,  19,  0.0691,  0.7655,     6,  219.8,  0.7686,  0.5908
 2008,     6,  20,  0.1063,  0.6439,     6,  215.6,  0.6526,  0.4259
 2008,     6,  21,  0.1310,  0.5289,     6,  211.1,  0.5449,  0.2969
 2008,     6,  22, -0.0300,  0.3758,     7,  229.6,  0.3770,  0.1421
 2008,     6,  23, -0.2220,  0.4298,     7,  252.3,  0.4837,  0.2340
 2008,     6,  24, -0.3152,  0.4287,     7,  261.3,  0.5321,  0.2831
 2008,     6,  25, -0.4327,  0.5436,     7,  263.5,  0.6948,  0.4828
 2008,     6,  26, -0.5958,  0.5570,     8,  271.9,  0.8156,  0.6652
 2008,     6,  27, -0.6515,  0.4988,     8,  277.6,  0.8206,  0.6733
 2008,     6,  28, -0.7193,  0.1681,     8,  301.8,  0.7386,  0.5456
 2008,     6,  29, -0.7565, -0.3087,     1,  337.2,  0.8171,  0.6676
 2008,     6,  30, -1.0144, -0.5275,     1,  342.5,  1.1434,  1.3073
 2008,     7,   1, -1.2045, -0.7026,     1,  345.3,  1.3945,  1.9446
 2008,     7,   2, -1.3801, -0.7988,     1,  345.1,  1.5946,  2.5428
 2008,     7,   3, -1.4668, -0.8330,     1,  344.6,  1.6869,  2.8455
 2008,     7,   4, -1.4169, -0.5834,     1,  337.4,  1.5323,  2.3481
 2008,     7,   5, -1.3194, -0.4196,     1,  332.6,  1.3845,  1.9169
 2008,     7,   6, -1.1234, -0.4218,     1,  335.6,  1.1999,  1.4398
 2008,     7,   7, -1.0348, -0.5772,     1,  344.2,  1.1849,  1.4040
 2008,     7,   8, -1.0944, -0.6786,     1,  346.8,  1.2877,  1.6582
 2008,     7,   9, -1.3553, -0.7913,     1,  345.3,  1.5694,  2.4631
 2008,     7,  10, -1.4937, -0.8722,     1,  345.3,  1.7297,  2.9919
 2008,     7,  11, -1.5100, -0.6828,     1,  339.3,  1.6572,  2.7462
 2008,     7,  12, -1.1919, -0.8060,     1,  349.1,  1.4388,  2.0702
 2008,     7,  13, -0.9838, -1.1997,     2,    5.6,  1.5515,  2.4072
 2008,     7,  14, -0.9603, -1.2662,     2,    7.8,  1.5892,  2.5255
 2008,     7,  15, -0.6393, -1.2409,     2,   17.7,  1.3959,  1.9485
 2008,     7,  16, -0.0801, -1.3818,     2,   41.7,  1.3841,  1.9158
 2008,     7,  17,  0.0948, -1.5608,     3,   48.5,  1.5636,  2.4450
 2008,     7,  18,  0.0759, -1.7030,     3,   47.6,  1.7047,  2.9059
 2008,     7,  19,  0.2404, -1.8196,     3,   52.5,  1.8354,  3.3687
 2008,     7,  20,  0.3130, -1.5843,     3,   56.2,  1.6150,  2.6081
 2008,     7,  21,  0.3666, -1.0682,     3,   63.9,  1.1293,  1.2753
 2008,     7,  22,  0.6004, -0.6726,     3,   86.8,  0.9016,  0.8129
 2008,     7,  23,  0.6185, -0.5101,     4,   95.5,  0.8017,  0.6428
 2008,     7,  24,  0.5915, -0.1111,     4,  124.4,  0.6018,  0.3622
 2008,     7,  25,  0.7018,  0.0781,     5,  141.4,  0.7062,  0.4987
 2008,     7,  26,  0.8162,  0.1610,     5,  146.2,  0.8320,  0.6921
 2008,     7,  27,  0.7165,  0.3137,     5,  158.6,  0.7822,  0.6118
 2008,     7,  28,  0.6411,  0.3545,     5,  163.9,  0.7326,  0.5367
 2008,     7,  29,  0.6840,  0.2014,     5,  151.4,  0.7130,  0.5084
 2008,     7,  30,  0.7336,  0.1878,     5,  149.4,  0.7573,  0.5735
 2008,     7,  31,  0.8518, -0.2267,     4,  120.1,  0.8815,  0.7770
 2008,     8,   1,  0.9662, -0.2450,     4,  120.8,  0.9968,  0.9936
 2008,     8,   2,  0.9825, -0.0766,     4,  130.5,  0.9855,  0.9711
 2008,     8,   3,  0.7946, -0.1152,     4,  126.7,  0.8029,  0.6447
 2008,     8,   4,  0.3306, -0.2131,     4,  102.2,  0.3934,  0.1547
 2008,     8,   5,  0.0809, -0.3254,     3,   59.0,  0.3353,  0.1124
 2008,     8,   6, -0.1388, -0.6131,     2,   32.2,  0.6286,  0.3952
 2008,     8,   7, -0.3274, -0.9533,     2,   26.0,  1.0080,  1.0161
 2008,     8,   8, -0.3868, -1.1689,     2,   26.7,  1.2313,  1.5160
 2008,     8,   9, -0.4285, -1.2544,     2,   26.1,  1.3255,  1.7570
 2008,     8,  10, -0.2647, -1.1039,     2,   31.5,  1.1352,  1.2887
 2008,     8,  11,  0.0132, -1.1831,     3,   45.6,  1.1832,  1.3999
 2008,     8,  12,  0.0663, -1.2112,     3,   48.1,  1.2130,  1.4714
 2008,     8,  13, -0.3604, -1.2865,     2,   29.3,  1.3360,  1.7849
 2008,     8,  14, -0.5696, -1.3233,     2,   21.7,  1.4407,  2.0756
 2008,     8,  15, -0.5366, -1.1865,     2,   20.7,  1.3022,  1.6957
 2008,     8,  16, -0.5557, -1.2503,     2,   21.0,  1.3683,  1.8721
 2008,     8,  17, -0.4789, -1.3481,     2,   25.4,  1.4306,  2.0466
 2008,     8,  18, -0.4704, -1.4812,     2,   27.4,  1.5541,  2.4151
 2008,     8,  19, -0.2661, -1.4981,     2,   34.9,  1.5215,  2.3151
 2008,     8,  20, -0.1095, -1.6553,     2,   41.2,  1.6589,  2.7521
 2008,     8,  21, -0.0238, -1.8629,     2,   44.3,  1.8631,  3.4710
 2008,     8,  22,  0.0912, -2.0237,     3,   47.6,  2.0257,  4.1036
 2008,     8,  23,  0.1411, -2.1326,     3,   48.8,  2.1373,  4.5681
 2008,     8,  24, -0.0813, -2.1417,     2,   42.8,  2.1432,  4.5935
 2008,     8,  25, -0.2013, -1.9484,     2,   39.1,  1.9588,  3.8369
 2008,     8,  26, -0.1048, -1.7499,     2,   41.6,  1.7531,  3.0732
 2008,     8,  27, -0.0366, -1.6368,     2,   43.7,  1.6372,  2.6804
 2008,     8,  28,  0.0700, -1.5272,     3,   47.6,  1.5288,  2.3372
 2008,     8,  29,  0.1669, -1.5245,     3,   51.2,  1.5336,  2.3519
 2008,     8,  30,  0.0691, -1.4732,     3,   47.7,  1.4748,  2.1750
 2008,     8,  31, -0.0963, -1.5295,     2,   41.4,  1.5325,  2.3485
 2008,     9,   1, -0.1059, -1.3495,     2,   40.5,  1.3537,  1.8324
 2008,     9,   2,  0.0996, -1.3553,     3,   49.2,  1.3589,  1.8466
 2008,     9,   3,  0.1831, -1.1695,     3,   53.9,  1.1838,  1.4013
 2008,     9,   4,  0.4604, -0.8723,     3,   72.8,  0.9863,  0.9728
 2008,     9,   5,  0.7690, -0.7744,     3,   89.8,  1.0913,  1.1910
 2008,     9,   6,  1.1162, -0.7979,     4,   99.4,  1.3721,  1.8826
 2008,     9,   7,  1.3577, -0.5304,     4,  113.7,  1.4576,  2.1247
 2008,     9,   8,  1.4387, -0.3535,     4,  121.2,  1.4815,  2.1949
 2008,     9,   9,  1.6586, -0.1433,     4,  130.1,  1.6648,  2.7716
 2008,     9,  10,  1.8246,  0.1154,     5,  138.6,  1.8283,  3.3425
 2008,     9,  11,  1.8301,  0.4427,     5,  148.6,  1.8828,  3.5451
 2008,     9,  12,  1.7585,  0.6750,     5,  156.0,  1.8836,  3.5478
 2008,     9,  13,  1.5851,  0.7245,     5,  159.6,  1.7428,  3.0374
 2008,     9,  14,  1.5170,  0.7044,     5,  159.9,  1.6725,  2.7974
 2008,     9,  15,  1.5029,  0.8458,     5,  164.4,  1.7245,  2.9739
 2008,     9,  16,  1.2917,  0.8185,     5,  167.4,  1.5292,  2.3384
 2008,     9,  17,  1.1130,  0.7933,     5,  170.5,  1.3668,  1.8682
 2008,     9,  18,  0.9098,  0.6474,     5,  170.4,  1.1166,  1.2468
 2008,     9,  19,  0.7182,  0.6723,     5,  178.1,  0.9837,  0.9677
 2008,     9,  20,  0.6966,  0.7392,     6,  181.7,  1.0157,  1.0316
 2008,     9,  21,  0.6957,  0.9677,     6,  189.3,  1.1918,  1.4205
 2008,     9,  22,  0.7081,  1.1522,     6,  193.4,  1.3524,  1.8290
 2008,     9,  23,  0.5046,  1.2943,     6,  203.7,  1.3892,  1.9300
 2008,     9,  24,  0.3743,  1.2354,     6,  208.1,  1.2909,  1.6664
 2008,     9,  25,  0.2085,  1.2920,     6,  215.8,  1.3087,  1.7128
 2008,     9,  26, -0.0692,  1.1081,     7,  228.6,  1.1103,  1.2327
 2008,     9,  27, -0.3813,  1.0621,     7,  244.7,  1.1285,  1.2735
 2008,     9,  28, -0.7201,  0.8036,     7,  266.9,  1.0790,  1.1642
 2008,     9,  29, -0.8222,  0.7182,     8,  273.9,  1.0917,  1.1919
 2008,     9,  30, -0.8204,  0.5299,     8,  282.1,  0.9766,  0.9538
 2008,    10,   1, -0.9526,  0.3020,     8,  297.4,  0.9993,  0.9986
 2008,    10,   2, -1.0447, -0.0408,     1,  317.2,  1.0455,  1.0932
 2008,    10,   3, -1.1701,  0.0558,     8,  312.3,  1.1714,  1.3723
 2008,    10,   4, -0.9764, -0.0152,     1,  315.9,  0.9765,  0.9536
 2008,    10,   5, -0.8606, -0.0495,     1,  318.3,  0.8620,  0.7431
 2008,    10,   6, -0.7363, -0.1954,     1,  329.9,  0.7617,  0.5803
 2008,    10,   7, -0.3646, -0.1381,     1,  335.7,  0.3899,  0.1520
 2008,    10,   8, -0.3578, -0.2581,     1,  350.8,  0.4412,  0.1946
 2008,    10,   9, -0.5867, -0.3667,     1,  347.0,  0.6919,  0.4787
 2008,    10,  10, -0.5654, -0.4931,     1,  356.1,  0.7503,  0.5629
 2008,    10,  11, -0.4215, -0.6248,     2,   11.0,  0.7537,  0.5681
 2008,    10,  12, -0.2958, -0.5958,     2,   18.6,  0.6652,  0.4425
 2008,    10,  13, -0.0146, -0.6131,     2,   43.6,  0.6133,  0.3761
 2008,    10,  14,  0.1523, -0.6288,     3,   58.6,  0.6470,  0.4186
 2008,    10,  15,  0.3090, -0.6228,     3,   71.4,  0.6952,  0.4834
 2008,    10,  16,  0.4035, -0.5245,     3,   82.6,  0.6617,  0.4379
 2008,    10,  17,  0.6037, -0.6935,     3,   86.0,  0.9194,  0.8454
 2008,    10,  18,  0.8247, -0.7922,     4,   91.2,  1.1435,  1.3076
 2008,    10,  19,  1.2053, -0.7696,     4,  102.4,  1.4301,  2.0451
 2008,    10,  20,  1.4892, -0.7640,     4,  107.8,  1.6738,  2.8015
 2008,    10,  21,  1.6643, -0.8202,     4,  108.8,  1.8554,  3.4427
 2008,    10,  22,  1.9137, -0.6533,     4,  116.2,  2.0222,  4.0892
 2008,    10,  23,  2.1237, -0.4784,     4,  122.3,  2.1769,  4.7390
 2008,    10,  24,  2.2394, -0.1430,     4,  131.3,  2.2439,  5.0353
 2008,    10,  25,  2.3206,  0.2296,     5,  140.7,  2.3319,  5.4379
 2008,    10,  26,  2.2475,  0.4620,     5,  146.6,  2.2945,  5.2646
 2008,    10,  27,  1.9516,  0.6498,     5,  153.4,  2.0570,  4.2311
 2008,    10,  28,  1.8517,  1.0812,     5,  165.3,  2.1443,  4.5979
 2008,    10,  29,  1.6495,  1.1713,     5,  170.4,  2.0230,  4.0926
 2008,    10,  30,  1.2944,  1.1371,     5,  176.3,  1.7229,  2.9685
 2008,    10,  31,  0.8608,  1.2463,     6,  190.4,  1.5147,  2.2943
 2008,    11,   1,  0.1617,  1.2387,     6,  217.6,  1.2492,  1.5605
 2008,    11,   2, -0.1043,  1.1095,     7,  230.4,  1.1144,  1.2418
 2008,    11,   3, -0.4370,  1.0823,     7,  247.0,  1.1672,  1.3624
 2008,    11,   4, -0.4697,  0.8405,     7,  254.2,  0.9628,  0.9271
 2008,    11,   5, -0.2732,  0.3197,     7,  265.5,  0.4205,  0.1768
 2008,    11,   6, -0.0443,  0.0554,     7,  263.7,  0.0709,  0.0050
 2008,    11,   7,  0.2068,  0.1596,     5,  172.7,  0.2613,  0.0683
 2008,    11,   8,  0.4677,  0.3684,     5,  173.2,  0.5953,  0.3544
 2008,    11,   9,  0.7244,  0.5564,     5,  172.5,  0.9135,  0.8344
 2008,    11,  10,  0.8688,  0.4871,     5,  164.3,  0.9960,  0.9921
 2008,    11,  11,  0.9645,  0.5320,     5,  163.9,  1.1015,  1.2133
 2008,    11,  12,  1.1268,  0.4688,     5,  157.6,  1.2204,  1.4894
 2008,    11,  13,  0.9546,  0.4614,     5,  160.8,  1.0603,  1.1242
 2008,    11,  14,  0.9411,  0.3539,     5,  155.6,  1.0055,  1.0109
 2008,    11,  15,  0.8366,  0.3528,     5,  157.9,  0.9079,  0.8243
 2008,    11,  16,  0.9154,  0.5308,     5,  165.1,  1.0582,  1.1198
 2008,    11,  17,  0.9730,  0.5086,     5,  162.6,  1.0979,  1.2054
 2008,    11,  18,  0.8737,  0.6374,     5,  171.1,  1.0815,  1.1697
 2008,    11,  19,  0.9402,  0.5338,     5,  164.6,  1.0812,  1.1690
 2008,    11,  20,  1.1644,  0.5138,     5,  158.8,  1.2727,  1.6198
 2008,    11,  21,  1.2687,  0.9074,     5,  170.6,  1.5598,  2.4330
 2008,    11,  22,  1.3694,  1.2581,     5,  177.6,  1.8596,  3.4581
 2008,    11,  23,  1.2657,  1.3683,     6,  182.2,  1.8639,  3.4743
 2008,    11,  24,  0.9485,  1.2759,     6,  188.4,  1.5898,  2.5275
 2008,    11,  25,  0.7059,  1.4990,     6,  199.8,  1.6569,  2.7453
 2008,    11,  26,  0.5155,  1.5717,     6,  206.8,  1.6540,  2.7358
 2008,    11,  27,  0.2029,  1.4260,     6,  216.9,  1.4403,  2.0746
 2008,    11,  28, -0.0279,  1.5821,     7,  226.0,  1.5824,  2.5039
 2008,    11,  29, -0.2757,  1.6015,     7,  234.8,  1.6251,  2.6410
 2008,    11,  30, -0.5246,  1.6416,     7,  242.7,  1.7234,  2.9701
 2008,    12,   1, -0.6730,  1.6170,     7,  247.6,  1.7515,  3.0677
 2008,    12,   2, -0.4091,  1.5856,     7,  239.5,  1.6375,  2.6814
 2008,    12,   3, -0.2611,  1.3983,     7,  235.6,  1.4224,  2.0234
 2008,    12,   4, -0.4013,  0.9647,     7,  247.6,  1.0449,  1.0918
 2008,    12,   5, -0.6050,  0.6537,     7,  267.8,  0.8907,  0.7933
 2008,    12,   6, -0.5887,  0.6165,     7,  268.7,  0.8525,  0.7267
 2008,    12,   7, -0.6010,  0.7309,     7,  264.4,  0.9462,  0.8954
 2008,    12,   8, -0.5659,  0.6205,     7,  267.4,  0.8398,  0.7053
 2008,    12,   9, -0.3575,  0.6869,     7,  252.5,  0.7744,  0.5997
 2008,    12,  10,  0.0392,  0.6398,     6,  221.5,  0.6410,  0.4108
 2008,    12,  11,  0.2031,  0.5149,     6,  203.5,  0.5535,  0.3063
 2008,    12,  12, -0.0654,  0.5466,     7,  231.8,  0.5505,  0.3030
 2008,    12,  13, -0.2062,  1.0701,     7,  235.9,  1.0897,  1.1875
 2008,    12,  14, -0.5873,  1.1154,     7,  252.8,  1.2606,  1.5890
 2008,    12,  15, -0.6825,  1.0274,     7,  258.6,  1.2335,  1.5215
 2008,    12,  16, -0.8930,  1.1170,     7,  263.6,  1.4301,  2.0453
 2008,    12,  17, -1.2972,  1.2231,     8,  271.7,  1.7828,  3.1785
 2008,    12,  18, -1.3997,  1.1659,     8,  275.2,  1.8217,  3.3186
 2008,    12,  19, -1.1491,  0.9320,     8,  276.0,  1.4795,  2.1890
 2008,    12,  20, -0.8073,  0.5805,     8,  279.3,  0.9943,  0.9887
 2008,    12,  21, -0.6587,  0.3969,     8,  283.9,  0.7691,  0.5915
 2008,    12,  22, -0.3093,  0.1798,     8,  284.8,  0.3577,  0.1280
 2008,    12,  23, -0.2272,  0.0927,     8,  292.8,  0.2454,  0.0602
 2008,    12,  24,  0.0740,  0.0231,     5,  152.4,  0.0775,  0.0060
 2008,    12,  25,  0.5632, -0.0548,     4,  129.4,  0.5659,  0.3202
 2008,    12,  26,  0.9004,  0.1903,     5,  146.9,  0.9203,  0.8469
 2008,    12,  27,  1.0365,  0.6396,     5,  166.7,  1.2180,  1.4834
 2008,    12,  28,  0.8707,  0.7529,     5,  175.8,  1.1511,  1.3249
 2008,    12,  29,  0.6883,  0.6612,     5,  178.8,  0.9544,  0.9109
 2008,    12,  30,  0.5322,  0.8779,     6,  193.8,  1.0266,  1.0539
 2008,    12,  31,  0.4753,  0.9894,     6,  199.3,  1.0976,  1.2048
 2009,     1,   1,  0.2063,  0.9392,     6,  212.6,  0.9616,  0.9247
 2009,     1,   2, -0.2188,  0.9075,     7,  238.6,  0.9335,  0.8715
 2009,     1,   3, -0.5978,  1.0467,     7,  254.7,  1.2054,  1.4529
 2009,     1,   4, -0.6652,  0.9675,     7,  259.5,  1.1741,  1.3785
 2009,     1,   5, -0.6707,  0.8249,     7,  264.1,  1.0632,  1.1303
 2009,     1,   6, -0.5326,  0.7724,     7,  259.6,  0.9382,  0.8803
 2009,     1,   7, -0.5810,  0.9460,     7,  256.6,  1.1102,  1.2325
 2009,     1,   8, -0.6078,  0.9117,     7,  258.7,  1.0957,  1.2006
 2009,     1,   9, -0.5207,  1.0958,     7,  250.4,  1.2132,  1.4719
 2009,     1,  10, -0.4179,  1.2356,     7,  243.7,  1.3043,  1.7012
 2009,     1,  11, -0.5131,  1.4030,     7,  245.1,  1.4938,  2.2315
 2009,     1,  12, -0.9110,  1.6484,     7,  253.9,  1.8834,  3.5470
 2009,     1,  13, -1.4719,  1.9326,     7,  262.3,  2.4293,  5.9013
 2009,     1,  14, -1.6055,  1.8764,     7,  265.6,  2.4695,  6.0984
 2009,     1,  15, -1.8470,  1.4495,     8,  276.9,  2.3479,  5.5126
 2009,     1,  16, -2.5068,  0.9739,     8,  293.8,  2.6893,  7.2324
 2009,     1,  17, -2.7468,  0.5516,     8,  303.6,  2.8017,  7.8494
 2009,     1,  18, -2.6332,  0.2743,     8,  309.1,  2.6474,  7.0088
 2009,     1,  19, -2.3652, -0.1666,     1,  319.0,  2.3711,  5.6220
 2009,     1,  20, -1.9082, -0.5889,     1,  332.2,  1.9970,  3.9881
 2009,     1,  21, -1.6579, -0.9992,     1,  346.1,  1.9357,  3.7469
 2009,     1,  22, -1.4497, -1.2124,     1,  354.9,  1.8899,  3.5716
 2009,     1,  23, -1.1316, -1.2970,     2,    3.9,  1.7213,  2.9628
 2009,     1,  24, -0.7903, -1.4079,     2,   15.7,  1.6145,  2.6067
 2009,     1,  25, -0.5511, -1.4898,     2,   24.7,  1.5884,  2.5231
 2009,     1,  26, -0.2227, -1.3660,     2,   35.7,  1.3840,  1.9154
 2009,     1,  27, -0.0072, -1.4204,     2,   44.7,  1.4204,  2.0175
 2009,     1,  28,  0.1872, -1.2386,     3,   53.6,  1.2527,  1.5691
 2009,     1,  29,  0.2648, -1.0437,     3,   59.2,  1.0768,  1.1594
 2009,     1,  30,  0.3917, -0.7768,     3,   71.8,  0.8700,  0.7568
 2009,     1,  31,  0.7788, -0.4228,     4,  106.5,  0.8862,  0.7854
 2009,     2,   1,  1.1246, -0.0698,     4,  131.4,  1.1268,  1.2697
 2009,     2,   2,  1.2592, -0.0034,     4,  134.8,  1.2592,  1.5855
 2009,     2,   3,  1.4187,  0.1314,     5,  140.3,  1.4248,  2.0300
 2009,     2,   4,  1.7525,  0.6210,     5,  154.5,  1.8593,  3.4571
 2009,     2,   5,  1.7991,  0.8809,     5,  161.1,  2.0032,  4.0127
 2009,     2,   6,  1.7052,  0.6523,     5,  155.9,  1.8257,  3.3332
 2009,     2,   7,  1.4246,  0.6569,     5,  159.8,  1.5687,  2.4609
 2009,     2,   8,  1.0546,  0.6537,     5,  166.8,  1.2407,  1.5394
 2009,     2,   9,  0.5174,  0.7133,     6,  189.0,  0.8812,  0.7765
 2009,     2,  10,  0.4187,  0.6989,     6,  194.1,  0.8147,  0.6638
 2009,     2,  11,  0.4458,  0.6948,     6,  192.3,  0.8255,  0.6815
 2009,     2,  12,  0.4844,  0.5009,     6,  181.0,  0.6968,  0.4855
 2009,     2,  13,  0.0918,  0.2531,     6,  205.1,  0.2693,  0.0725
 2009,     2,  14, -0.0446,  0.0396,     8,  273.4,  0.0596,  0.0036
 2009,     2,  15, -0.2050, -0.0765,     1,  335.5,  0.2188,  0.0479
 2009,     2,  16, -0.3625, -0.0708,     1,  326.1,  0.3694,  0.1365
 2009,     2,  17, -0.3148, -0.0054,     1,  316.0,  0.3149,  0.0991
 2009,     2,  18, -0.1863,  0.0597,     8,  297.2,  0.1956,  0.0383
 2009,     2,  19, -0.3574,  0.1512,     8,  292.1,  0.3881,  0.1506
 2009,     2,  20, -0.4435,  0.2245,     8,  288.2,  0.4971,  0.2471
 2009,     2,  21, -0.1963,  0.0688,     8,  295.7,  0.2081,  0.0433
 2009,     2,  22, -0.0836, -0.5733,     2,   36.7,  0.5793,  0.3356
 2009,     2,  23,  0.0978, -0.8877,     3,   51.3,  0.8931,  0.7976
 2009,     2,  24,  0.5473, -1.1172,     3,   71.1,  1.2441,  1.5477
 2009,     2,  25,  0.7241, -1.0239,     3,   80.3,  1.2540,  1.5726
 2009,     2,  26,  0.9477, -0.7659,     4,   96.1,  1.2185,  1.4847
 2009,     2,  27,  1.1023, -0.4871,     4,  111.2,  1.2051,  1.4524
 2009,     2,  28,  0.9948, -0.2709,     4,  119.8,  1.0310,  1.0629
 2009,     3,   1,  0.9396, -0.1359,     4,  126.8,  0.9493,  0.9012
 2009,     3,   2,  0.9428,  0.0817,     5,  140.0,  0.9463,  0.8955
 2009,     3,   3,  0.8579,  0.2403,     5,  150.6,  0.8910,  0.7938
 2009,     3,   4,  0.8787,  0.1634,     5,  145.5,  0.8938,  0.7988
 2009,     3,   5,  0.6957,  0.0659,     5,  140.4,  0.6988,  0.4884
 2009,     3,   6,  0.6106,  0.0786,     5,  142.3,  0.6156,  0.3790
 2009,     3,   7,  0.2979,  0.0589,     5,  146.2,  0.3037,  0.0922
 2009,     3,   8,  0.1754,  0.1892,     6,  182.2,  0.2581,  0.0666
 2009,     3,   9, -0.2505,  0.1451,     8,  284.9,  0.2895,  0.0838
 2009,     3,  10, -0.7176,  0.1954,     8,  299.8,  0.7437,  0.5531
 2009,     3,  11, -1.0811,  0.1459,     8,  307.3,  1.0909,  1.1901
 2009,     3,  12, -1.3054,  0.1222,     8,  309.7,  1.3111,  1.7189
 2009,     3,  13, -1.3963,  0.1557,     8,  308.6,  1.4049,  1.9738
 2009,     3,  14, -1.2049,  0.1327,     8,  308.7,  1.2122,  1.4695
 2009,     3,  15, -0.8083,  0.2698,     8,  296.5,  0.8521,  0.7261
 2009,     3,  16, -0.5325,  0.3225,     8,  283.8,  0.6226,  0.3876
 2009,     3,  17, -0.1115,  0.5632,     7,  236.2,  0.5742,  0.3297
 2009,     3,  18,  0.1779,  0.6857,     6,  210.5,  0.7084,  0.5018
 2009,     3,  19,  0.4028,  0.6963,     6,  194.9,  0.8044,  0.6471
 2009,     3,  20,  0.4286,  0.9902,     6,  201.6,  1.0790,  1.1642
 2009,     3,  21,  0.3724,  1.1642,     6,  207.3,  1.2223,  1.4940
 2009,     3,  22,  0.1547,  1.2060,     6,  217.7,  1.2159,  1.4784
 2009,     3,  23, -0.2326,  1.2188,     7,  235.8,  1.2408,  1.5395
 2009,     3,  24, -0.6486,  1.0854,     7,  255.9,  1.2644,  1.5987
 2009,     3,  25, -1.2027,  0.5804,     8,  289.2,  1.3354,  1.7834
 2009,     3,  26, -1.8366,  0.3007,     8,  305.7,  1.8611,  3.4637
 2009,     3,  27, -2.3535,  0.3071,     8,  307.6,  2.3735,  5.6334
 2009,     3,  28, -2.5170,  0.0507,     8,  313.8,  2.5175,  6.3380
 2009,     3,  29, -2.6811, -0.1783,     1,  318.8,  2.6870,  7.2201
 2009,     3,  30, -2.8689, -0.5081,     1,  325.0,  2.9136,  8.4890
 2009,     3,  31, -3.0015, -0.7604,     1,  329.2,  3.0963,  9.5870
 2009,     4,   1, -2.5833, -1.3336,     1,  342.3,  2.9072,  8.4518
 2009,     4,   2, -2.1535, -1.8445,     1,  355.6,  2.8355,  8.0398
 2009,     4,   3, -1.6221, -1.8778,     2,    4.2,  2.4814,  6.1574
 2009,     4,   4, -1.2030, -1.8719,     2,   12.3,  2.2251,  4.9512
 2009,     4,   5, -0.7952, -1.7531,     2,   20.6,  1.9250,  3.7056
 2009,     4,   6, -0.4601, -1.9820,     2,   31.9,  2.0347,  4.1402
 2009,     4,   7, -0.3712, -2.2238,     2,   35.5,  2.2545,  5.0829
 2009,     4,   8, -0.0161, -2.4026,     2,   44.6,  2.4027,  5.7728
 2009,     4,   9,  0.2702, -2.4810,     3,   51.2,  2.4956,  6.2282
 2009,     4,  10,  0.3575, -2.6449,     3,   52.7,  2.6689,  7.1232
 2009,     4,  11,  0.4939, -2.4124,     3,   56.6,  2.4624,  6.0634
 2009,     4,  12,  1.1260, -2.3250,     3,   70.8,  2.5833,  6.6736
 2009,     4,  13,  1.6860, -2.1078,     3,   83.7,  2.6992,  7.2857
 2009,     4,  14,  2.1545, -1.6315,     4,   97.9,  2.7026,  7.3038
 2009,     4,  15,  2.4184, -0.9000,     4,  114.6,  2.5804,  6.6583
 2009,     4,  16,  2.4929,  0.1216,     5,  137.8,  2.4959,  6.2295
 2009,     4,  17,  2.3008,  0.7576,     5,  153.2,  2.4223,  5.8677
 2009,     4,  18,  2.0512,  1.2321,     5,  166.0,  2.3928,  5.7255
 2009,     4,  19,  1.7881,  1.5493,     5,  175.9,  2.3659,  5.5976
 2009,     4,  20,  1.7048,  1.6226,     5,  178.6,  2.3535,  5.5392
 2009,     4,  21,  1.6550,  1.5309,     5,  177.8,  2.2545,  5.0828
 2009,     4,  22,  1.5967,  1.7380,     6,  182.4,  2.3601,  5.5702
 2009,     4,  23,  1.3039,  2.0070,     6,  192.0,  2.3933,  5.7279
 2009,     4,  24,  0.9309,  2.1750,     6,  201.8,  2.3658,  5.5971
 2009,     4,  25,  0.4237,  2.3230,     6,  214.7,  2.3613,  5.5759
 2009,     4,  26, -0.0696,  2.3244,     7,  226.7,  2.3254,  5.4075
 2009,     4,  27, -0.7332,  2.2684,     7,  242.9,  2.3839,  5.6831
 2009,     4,  28, -1.3431,  1.8413,     7,  261.1,  2.2791,  5.1943
 2009,     4,  29, -1.6120,  1.6170,     7,  269.9,  2.2833,  5.2133
 2009,     4,  30, -1.5958,  1.5345,     8,  271.1,  2.2139,  4.9012
 2009,     5,   1, -1.6149,  1.3503,     8,  275.1,  2.1050,  4.4312
 2009,     5,   2, -1.5471,  1.0382,     8,  281.1,  1.8632,  3.4716
 2009,     5,   3, -1.2769,  1.1387,     8,  273.3,  1.7109,  2.9272
 2009,     5,   4, -1.1256,  1.0031,     8,  273.3,  1.5077,  2.2733
 2009,     5,   5, -0.9824,  1.0047,     7,  269.4,  1.4052,  1.9745
 2009,     5,   6, -0.7606,  1.0776,     7,  260.2,  1.3190,  1.7397
 2009,     5,   7, -0.6555,  1.0770,     7,  256.3,  1.2608,  1.5896
 2009,     5,   8, -0.6133,  0.8922,     7,  259.5,  1.0826,  1.1721
 2009,     5,   9, -0.5485,  0.7123,     7,  262.6,  0.8990,  0.8083
 2009,     5,  10, -0.6843,  0.5015,     8,  278.8,  0.8484,  0.7198
 2009,     5,  11, -0.5589,  0.3715,     8,  281.4,  0.6711,  0.4504
 2009,     5,  12, -0.3036,  0.2206,     8,  279.0,  0.3753,  0.1409
 2009,     5,  13, -0.0330,  0.1542,     7,  237.1,  0.1577,  0.0249
 2009,     5,  14,  0.1548,  0.2220,     6,  190.1,  0.2706,  0.0732
 2009,     5,  15,  0.0893,  0.1609,     6,  196.0,  0.1840,  0.0339
 2009,     5,  16,  0.1315,  0.2451,     6,  196.8,  0.2782,  0.0774
 2009,     5,  17,  0.2907,  0.5428,     6,  196.8,  0.6157,  0.3791
 2009,     5,  18,  0.4544,  0.8061,     6,  195.6,  0.9253,  0.8562
 2009,     5,  19,  0.2416,  1.1195,     6,  212.8,  1.1452,  1.3116
 2009,     5,  20,  0.2110,  1.3103,     6,  215.9,  1.3272,  1.7614
 2009,     5,  21, -0.1076,  1.2110,     7,  230.1,  1.2157,  1.4780
 2009,     5,  22, -0.4446,  1.3682,     7,  243.0,  1.4386,  2.0695
 2009,     5,  23, -0.3685,  1.1113,     7,  243.3,  1.1708,  1.3707
 2009,     5,  24, -0.3106,  0.8435,     7,  245.2,  0.8988,  0.8079
 2009,     5,  25, -0.0369,  0.5335,     7,  229.0,  0.5348,  0.2860
 2009,     5,  26,  0.0416,  0.5656,     6,  220.8,  0.5672,  0.3217
 2009,     5,  27,  0.1391,  0.5146,     6,  209.9,  0.5330,  0.2841
 2009,     5,  28,  0.5764,  0.4890,     5,  175.3,  0.7559,  0.5714
 2009,     5,  29,  0.8315,  0.7044,     5,  175.3,  1.0897,  1.1875
 2009,     5,  30,  0.9334,  0.9860,     6,  181.6,  1.3577,  1.8434
 2009,     5,  31,  0.9247,  1.1111,     6,  185.2,  1.4456,  2.0896
 2009,     6,   1,  1.0016,  1.0534,     6,  181.4,  1.4535,  2.1127
 2009,     6,   2,  1.0073,  1.2609,     6,  186.4,  1.6138,  2.6044
 2009,     6,   3,  0.8772,  1.3863,     6,  192.7,  1.6405,  2.6914
 2009,     6,   4,  0.7075,  1.4455,     6,  198.9,  1.6094,  2.5901
 2009,     6,   5,  0.7142,  1.4051,     6,  198.1,  1.5762,  2.4843
 2009,     6,   6,  0.5267,  1.6150,     6,  206.9,  1.6988,  2.8858
 2009,     6,   7,  0.3695,  1.5637,     6,  211.7,  1.6068,  2.5817
 2009,     6,   8, -0.0469,  1.4779,     7,  226.8,  1.4786,  2.1864
 2009,     6,   9, -0.5760,  1.2973,     7,  248.9,  1.4194,  2.0147
 2009,     6,  10, -1.0275,  1.1382,     7,  267.1,  1.5334,  2.3514
 2009,     6,  11, -1.3654,  0.8872,     8,  282.0,  1.6283,  2.6514
 2009,     6,  12, -1.5644,  0.7532,     8,  289.3,  1.7363,  3.0147
 2009,     6,  13, -1.4847,  0.6082,     8,  292.7,  1.6045,  2.5743
 2009,     6,  14, -1.2044,  0.4993,     8,  292.5,  1.3038,  1.6999
 2009,     6,  15, -0.7987,  0.3669,     8,  290.3,  0.8789,  0.7725
 2009,     6,  16, -0.5092,  0.2417,     8,  289.6,  0.5637,  0.3177
 2009,     6,  17, -0.6069,  0.3105,     8,  287.9,  0.6817,  0.4648
 2009,     6,  18, -0.8060,  0.2473,     8,  297.9,  0.8431,  0.7108
 2009,     6,  19, -1.0517,  0.1905,     8,  304.7,  1.0688,  1.1424
 2009,     6,  20, -1.0360,  0.1128,     8,  308.8,  1.0422,  1.0861
 2009,     6,  21, -0.7249, -0.1266,     1,  324.9,  0.7359,  0.5415
 2009,     6,  22, -0.4524, -0.2873,     1,  347.4,  0.5359,  0.2872
 2009,     6,  23, -0.3975, -0.3898,     1,  359.4,  0.5567,  0.3100
 2009,     6,  24, -0.4923, -0.6325,     2,    7.1,  0.8015,  0.6424
 2009,     6,  25, -0.2943, -0.6136,     2,   19.4,  0.6805,  0.4631
 2009,     6,  26, -0.1927, -0.9169,     2,   33.1,  0.9369,  0.8779
 2009,     6,  27, -0.2620, -0.8397,     2,   27.7,  0.8797,  0.7738
 2009,     6,  28, -0.1490, -0.6475,     2,   32.0,  0.6645,  0.4415
 2009,     6,  29, -0.2347, -0.9424,     2,   31.0,  0.9712,  0.9433
 2009,     6,  30, -0.0552, -1.0900,     2,   42.1,  1.0914,  1.1912
 2009,     7,   1,  0.1055, -0.9789,     3,   51.2,  0.9845,  0.9693
 2009,     7,   2,  0.2541, -0.6848,     3,   65.4,  0.7304,  0.5335
 2009,     7,   3,  0.3654, -0.6288,     3,   75.2,  0.7273,  0.5289
 2009,     7,   4,  0.4303, -0.6459,     3,   78.7,  0.7762,  0.6024
 2009,     7,   5,  0.3911, -0.6939,     3,   74.4,  0.7965,  0.6344
 2009,     7,   6,  0.1955, -0.6135,     3,   62.7,  0.6439,  0.4146
 2009,     7,   7, -0.0274, -0.5530,     2,   42.2,  0.5537,  0.3066
 2009,     7,   8, -0.0256, -0.5034,     2,   42.1,  0.5040,  0.2541
 2009,     7,   9,  0.2257, -0.5128,     3,   68.8,  0.5603,  0.3139
 2009,     7,  10,  0.3536, -0.5293,     3,   78.7,  0.6365,  0.4052
 2009,     7,  11,  0.7926, -0.3632,     4,  110.4,  0.8718,  0.7601
 2009,     7,  12,  1.2677, -0.4213,     4,  116.6,  1.3359,  1.7845
 2009,     7,  13,  1.6595, -0.4075,     4,  121.2,  1.7088,  2.9201
 2009,     7,  14,  1.6091, -0.3808,     4,  121.7,  1.6535,  2.7341
 2009,     7,  15,  1.3307, -0.2507,     4,  124.3,  1.3541,  1.8335
 2009,     7,  16,  1.2238, -0.0178,     4,  134.2,  1.2239,  1.4979
 2009,     7,  17,  0.9734, -0.1198,     4,  128.0,  0.9807,  0.9618
 2009,     7,  18,  0.6414, -0.2296,     4,  115.3,  0.6813,  0.4641
 2009,     7,  19,  0.7638, -0.2380,     4,  117.7,  0.8000,  0.6400
 2009,     7,  20,  0.9330, -0.0157,     4,  134.0,  0.9332,  0.8708
 2009,     7,  21,  0.7748,  0.1836,     5,  148.3,  0.7962,  0.6340
 2009,     7,  22,  0.8080,  0.2568,     5,  152.6,  0.8478,  0.7188
 2009,     7,  23,  0.6036,  0.4355,     5,  170.8,  0.7443,  0.5540
 2009,     7,  24,  0.4957,  0.6007,     6,  185.5,  0.7788,  0.6065
 2009,     7,  25,  0.5648,  0.6953,     6,  185.9,  0.8958,  0.8024
 2009,     7,  26,  0.5745,  0.6287,     6,  182.6,  0.8517,  0.7254
 2009,     7,  27,  0.6884,  0.8557,     6,  186.2,  1.0983,  1.2062
 2009,     7,  28,  0.7242,  0.9097,     6,  186.5,  1.1627,  1.3520
 2009,     7,  29,  0.5567,  0.8518,     6,  191.8,  1.0176,  1.0355
 2009,     7,  30,  0.4068,  0.9955,     6,  202.8,  1.0754,  1.1565
 2009,     7,  31,  0.3255,  1.0527,     6,  207.8,  1.1019,  1.2142
 2009,     8,   1,  0.2561,  1.1265,     6,  212.2,  1.1552,  1.3345
 2009,     8,   2,  0.0579,  1.1668,     6,  222.2,  1.1682,  1.3647
 2009,     8,   3, -0.0947,  1.2300,     7,  229.4,  1.2337,  1.5220
 2009,     8,   4, -0.0708,  1.2297,     7,  228.3,  1.2318,  1.5173
 2009,     8,   5, -0.1090,  1.0128,     7,  231.1,  1.0187,  1.0377
 2009,     8,   6, -0.2145,  0.9017,     7,  238.4,  0.9269,  0.8591
 2009,     8,   7, -0.2333,  0.6909,     7,  243.7,  0.7293,  0.5318
 2009,     8,   8, -0.1783,  0.5803,     7,  242.1,  0.6070,  0.3685
 2009,     8,   9, -0.2072,  0.1826,     8,  273.6,  0.2762,  0.0763
 2009,     8,  10, -0.4164, -0.4867,     2,    4.4,  0.6405,  0.4103
 2009,     8,  11, -0.7672, -0.5955,     1,  352.8,  0.9712,  0.9432
 2009,     8,  12, -0.9422, -0.7793,     1,  354.6,  1.2228,  1.4951
 2009,     8,  13, -1.1087, -1.1239,     2,    0.4,  1.5787,  2.4924
 2009,     8,  14, -1.3444, -1.5180,     2,    3.5,  2.0278,  4.1118
 2009,     8,  15, -1.2103, -1.6689,     2,    9.1,  2.0616,  4.2500
 2009,     8,  16, -1.1649, -1.7570,     2,   11.5,  2.1081,  4.4439
 2009,     8,  17, -0.9703, -1.5624,     2,   13.2,  1.8392,  3.3826
 2009,     8,  18, -0.9440, -1.3574,     2,   10.2,  1.6534,  2.7336
 2009,     8,  19, -1.1033, -0.9704,     1,  356.3,  1.4694,  2.1590
 2009,     8,  20, -1.2513, -0.5313,     1,  338.0,  1.3594,  1.8480
 2009,     8,  21, -1.0663, -0.3707,     1,  334.2,  1.1289,  1.2744
 2009,     8,  22, -0.9500, -0.4456,     1,  340.1,  1.0493,  1.1011
 2009,     8,  23, -0.8997, -0.3917,     1,  338.5,  0.9813,  0.9630
 2009,     8,  24, -0.8320, -0.3582,     1,  338.3,  0.9059,  0.8206
 2009,     8,  25, -0.6685, -0.5204,     1,  352.9,  0.8472,  0.7177
 2009,     8,  26, -0.5207, -0.4905,     1,  358.3,  0.7154,  0.5118
 2009,     8,  27, -0.3677, -0.3362,     1,  357.4,  0.4982,  0.2482
 2009,     8,  28, -0.1447, -0.3609,     2,   23.1,  0.3888,  0.1512
 2009,     8,  29,  0.0903, -0.4571,     3,   56.2,  0.4659,  0.2171
 2009,     8,  30,  0.3465, -0.3942,     3,   86.3,  0.5248,  0.2754
 2009,     8,  31,  0.4426, -0.1920,     4,  111.5,  0.4824,  0.2327
 2009,     9,   1,  0.6336, -0.0277,     4,  132.5,  0.6342,  0.4022
 2009,     9,   2,  0.9903, -0.0323,     4,  133.1,  0.9908,  0.9818
 2009,     9,   3,  1.4550, -0.1054,     4,  130.9,  1.4588,  2.1281
 2009,     9,   4,  1.7545,  0.0615,     5,  137.0,  1.7556,  3.0822
 2009,     9,   5,  1.7165,  0.2552,     5,  143.5,  1.7353,  3.0114
 2009,     9,   6,  1.5747,  0.2417,     5,  143.7,  1.5931,  2.5381
 2009,     9,   7,  1.4217,  0.2898,     5,  146.5,  1.4509,  2.1051
 2009,     9,   8,  1.3858,  0.3283,     5,  148.3,  1.4241,  2.0281
 2009,     9,   9,  1.1258,  0.3150,     5,  150.6,  1.1690,  1.3666
 2009,     9,  10,  0.8530,  0.2106,     5,  148.9,  0.8786,  0.7719
 2009,     9,  11,  0.5633,  0.1640,     5,  151.2,  0.5867,  0.3442
 2009,     9,  12,  0.2200, -0.0883,     4,  113.1,  0.2370,  0.0562
 2009,     9,  13,  0.0588, -0.5280,     3,   51.4,  0.5313,  0.2823
 2009,     9,  14,  0.0693, -0.4381,     3,   54.0,  0.4436,  0.1968
 2009,     9,  15,  0.3276, -0.6137,     3,   73.1,  0.6957,  0.4839
 2009,     9,  16,  0.6880, -0.5616,     4,   95.8,  0.8881,  0.7888
 2009,     9,  17,  0.8776, -0.5379,     4,  103.5,  1.0294,  1.0596
 2009,     9,  18,  0.9811, -0.1683,     4,  125.3,  0.9954,  0.9908
 2009,     9,  19,  1.1567,  0.1725,     5,  143.5,  1.1695,  1.3678
 2009,     9,  20,  1.2835,  0.5399,     5,  157.8,  1.3925,  1.9389
 2009,     9,  21,  1.2507,  0.5317,     5,  158.0,  1.3590,  1.8470
 2009,     9,  22,  1.2454,  0.5581,     5,  159.1,  1.3648,  1.8626
 2009,     9,  23,  1.4843,  0.5920,     5,  156.7,  1.5980,  2.5536
 2009,     9,  24,  1.3533,  0.5866,     5,  158.4,  1.4749,  2.1754
 2009,     9,  25,  1.2269,  0.6077,     5,  161.3,  1.3691,  1.8745
 2009,     9,  26,  1.1812,  0.6685,     5,  164.5,  1.3572,  1.8421
 2009,     9,  27,  1.0435,  0.8545,     5,  174.3,  1.3487,  1.8191
 2009,     9,  28,  1.1688,  0.8948,     5,  172.4,  1.4720,  2.1668
 2009,     9,  29,  1.2560,  0.8520,     5,  169.2,  1.5178,  2.3036
 2009,     9,  30,  1.2700,  0.5772,     5,  159.4,  1.3950,  1.9461
 2009,    10,   1,  1.2150,  0.3042,     5,  149.1,  1.2525,  1.5687
 2009,    10,   2,  1.0575,  0.1185,     5,  141.4,  1.0641,  1.1323
 2009,    10,   3,  1.1167,  0.0665,     5,  138.4,  1.1187,  1.2514
 2009,    10,   4,  0.9688,  0.2368,     5,  148.7,  0.9974,  0.9947
 2009,    10,   5,  0.8257,  0.1907,     5,  148.0,  0.8475,  0.7182
 2009,    10,   6,  0.6583,  0.2867,     5,  158.5,  0.7180,  0.5155
 2009,    10,   7,  0.5792,  0.5226,     5,  177.1,  0.7801,  0.6086
 2009,    10,   8,  0.4232,  0.7859,     6,  196.7,  0.8926,  0.7968
 2009,    10,   9,  0.2085,  0.7393,     6,  209.2,  0.7682,  0.5901
 2009,    10,  10, -0.2806,  0.5694,     7,  251.2,  0.6348,  0.4030
 2009,    10,  11, -0.5151,  0.5882,     7,  266.2,  0.7819,  0.6114
 2009,    10,  12, -0.4267,  0.4717,     7,  267.1,  0.6361,  0.4046
 2009,    10,  13, -0.5474,  0.5641,     7,  269.1,  0.7860,  0.6178
 2009,    10,  14, -0.8450,  0.5406,     8,  282.4,  1.0031,  1.0062
 2009,    10,  15, -1.1876,  0.6373,     8,  286.8,  1.3478,  1.8165
 2009,    10,  16, -1.2390,  0.4741,     8,  294.1,  1.3266,  1.7598
 2009,    10,  17, -1.1768,  0.4008,     8,  296.2,  1.2432,  1.5455
 2009,    10,  18, -1.2857,  0.3090,     8,  301.5,  1.3224,  1.7486
 2009,    10,  19, -1.4136,  0.0883,     8,  311.4,  1.4164,  2.0061
 2009,    10,  20, -1.4332, -0.2626,     1,  325.4,  1.4570,  2.1229
 2009,    10,  21, -1.5839, -0.1954,     1,  322.0,  1.5959,  2.5470
 2009,    10,  22, -1.4914, -0.1173,     1,  319.5,  1.4960,  2.2380
 2009,    10,  23, -1.4939,  0.1104,     8,  310.8,  1.4980,  2.2440
 2009,    10,  24, -1.4449,  0.3531,     8,  301.3,  1.4874,  2.2123
 2009,    10,  25, -1.5066,  0.5999,     8,  293.3,  1.6217,  2.6299
 2009,    10,  26, -1.7647,  0.6980,     8,  293.4,  1.8977,  3.6012
 2009,    10,  27, -1.9332,  0.3267,     8,  305.4,  1.9607,  3.8442
 2009,    10,  28, -2.2564,  0.0602,     8,  313.5,  2.2572,  5.0951
 2009,    10,  29, -2.4016, -0.2734,     1,  321.5,  2.4171,  5.8422
 2009,    10,  30, -2.2321, -0.4938,     1,  327.5,  2.2861,  5.2263
 2009,    10,  31, -2.1643, -0.8623,     1,  336.7,  2.3297,  5.4277
 2009,    11,   1, -1.8792, -1.0209,     1,  343.5,  2.1386,  4.5735
 2009,    11,   2, -1.8871, -1.3485,     1,  350.5,  2.3194,  5.3795
 2009,    11,   3, -1.7726, -1.6102,     1,  357.3,  2.3948,  5.7349
 2009,    11,   4, -1.3785, -2.0424,     2,   11.0,  2.4641,  6.0716
 2009,    11,   5, -0.9760, -2.1523,     2,   20.6,  2.3633,  5.5850
 2009,    11,   6, -0.3957, -2.1925,     2,   34.8,  2.2280,  4.9638
 2009,    11,   7,  0.0130, -2.1811,     3,   45.3,  2.1811,  4.7572
 2009,    11,   8,  0.3384, -2.2392,     3,   53.6,  2.2646,  5.1286
 2009,    11,   9,  0.6898, -2.0249,     3,   63.8,  2.1392,  4.5761
 2009,    11,  10,  1.1538, -1.7004,     3,   79.2,  2.0549,  4.2226
 2009,    11,  11,  1.1018, -1.7508,     3,   77.2,  2.0686,  4.2793
 2009,    11,  12,  0.7116, -1.8146,     3,   66.4,  1.9491,  3.7992
 2009,    11,  13,  0.7562, -1.5551,     3,   70.9,  1.7292,  2.9902
 2009,    11,  14,  1.0370, -1.3301,     3,   82.9,  1.6866,  2.8446
 2009,    11,  15,  1.2528, -1.1579,     4,   92.3,  1.7060,  2.9103
 2009,    11,  16,  1.3268, -0.8188,     4,  103.3,  1.5591,  2.4307
 2009,    11,  17,  1.5455, -0.5823,     4,  114.4,  1.6516,  2.7277
 2009,    11,  18,  1.5303, -0.4092,     4,  120.0,  1.5841,  2.5094
 2009,    11,  19,  1.3683, -0.0988,     4,  130.9,  1.3719,  1.8820
 2009,    11,  20,  1.1608,  0.1156,     5,  140.7,  1.1666,  1.3609
 2009,    11,  21,  1.1517,  0.2769,     5,  148.5,  1.1845,  1.4030
 2009,    11,  22,  0.9923,  0.5306,     5,  163.1,  1.1252,  1.2661
 2009,    11,  23,  0.4907,  0.9207,     6,  196.9,  1.0433,  1.0886
 2009,    11,  24,  0.2674,  1.2085,     6,  212.5,  1.2377,  1.5320
 2009,    11,  25,  0.2230,  1.5661,     6,  216.9,  1.5819,  2.5023
 2009,    11,  26,  0.0316,  1.7527,     6,  224.0,  1.7529,  3.0728
 2009,    11,  27, -0.1115,  1.6765,     7,  228.8,  1.6802,  2.8231
 2009,    11,  28, -0.0908,  1.4835,     7,  228.5,  1.4863,  2.2091
 2009,    11,  29,  0.0599,  1.4068,     6,  222.6,  1.4080,  1.9826
 2009,    11,  30, -0.1262,  1.4113,     7,  230.1,  1.4169,  2.0077
 2009,    12,   1, -0.3611,  1.2973,     7,  240.6,  1.3466,  1.8134
 2009,    12,   2, -0.7454,  1.1842,     7,  257.2,  1.3993,  1.9579
 2009,    12,   3, -1.0670,  0.9822,     8,  272.4,  1.4503,  2.1033
 2009,    12,   4, -1.0573,  0.8205,     8,  277.2,  1.3383,  1.7911
 2009,    12,   5, -1.0278,  0.4256,     8,  292.5,  1.1124,  1.2374
 2009,    12,   6, -0.8960,  0.2602,     8,  298.8,  0.9330,  0.8705
 2009,    12,   7, -1.0046,  0.1790,     8,  304.9,  1.0205,  1.0414
 2009,    12,   8, -1.0141,  0.1762,     8,  305.1,  1.0293,  1.0595
 2009,    12,   9, -0.9513,  0.0891,     8,  309.6,  0.9554,  0.9129
 2009,    12,  10, -0.8201, -0.0200,     1,  316.4,  0.8203,  0.6729
 2009,    12,  11, -0.5380,  0.0010,     8,  314.9,  0.5380,  0.2895
 2009,    12,  12, -0.0372, -0.3458,     2,   38.9,  0.3478,  0.1210
 2009,    12,  13,  0.2482, -0.2804,     3,   86.5,  0.3745,  0.1403
 2009,    12,  14,  0.2329, -0.0736,     4,  117.5,  0.2442,  0.0596
 2009,    12,  15, -0.0196,  0.2500,     7,  229.5,  0.2507,  0.0629
 2009,    12,  16, -0.1235,  0.6201,     7,  236.3,  0.6323,  0.3997
 2009,    12,  17, -0.2701,  0.6073,     7,  249.0,  0.6646,  0.4417
 2009,    12,  18, -0.8313,  0.6829,     8,  275.6,  1.0758,  1.1574
 2009,    12,  19, -1.4510,  0.5309,     8,  294.9,  1.5450,  2.3872
 2009,    12,  20, -1.8924,  0.3040,     8,  305.9,  1.9166,  3.6735
 2009,    12,  21, -1.9947,  0.0546,     8,  313.4,  1.9954,  3.9817
 2009,    12,  22, -2.0188, -0.4369,     1,  327.2,  2.0655,  4.2664
 2009,    12,  23, -1.8375, -0.7844,     1,  338.1,  1.9980,  3.9918
 2009,    12,  24, -1.3948, -1.0408,     1,  351.7,  1.7403,  3.0286
 2009,    12,  25, -0.7316, -1.4397,     2,   18.1,  1.6150,  2.6081
 2009,    12,  26, -0.0043, -1.8108,     2,   44.9,  1.8108,  3.2790
 2009,    12,  27,  0.4461, -2.1239,     3,   56.9,  2.1703,  4.7101
 2009,    12,  28,  0.9423, -2.2288,     3,   67.9,  2.4198,  5.8556
 2009,    12,  29,  1.0884, -2.1285,     3,   72.1,  2.3906,  5.7150
 2009,    12,  30,  1.1944, -2.0084,     3,   75.7,  2.3367,  5.4602
 2009,    12,  31,  1.1716, -1.9922,     3,   75.5,  2.3112,  5.3415
 2010,     1,   1,  0.9250, -1.7637,     3,   72.7,  1.9916,  3.9664
 2010,     1,   2,  1.1144, -1.2358,     3,   87.0,  1.6641,  2.7691
 2010,     1,   3,  1.1242, -0.9282,     4,   95.5,  1.4578,  2.1253
 2010,     1,   4,  1.1517, -0.7334,     4,  102.5,  1.3653,  1.8641
 2010,     1,   5,  1.0776, -0.8384,     4,   97.1,  1.3653,  1.8641
 2010,     1,   6,  0.9089, -0.9430,     3,   88.9,  1.3098,  1.7155
 2010,     1,   7,  0.8255, -0.8418,     3,   89.4,  1.1791,  1.3902
 2010,     1,   8,  0.6501, -0.7563,     3,   85.7,  0.9973,  0.9945
 2010,     1,   9,  0.5138, -0.5362,     3,   88.8,  0.7427,  0.5515
 2010,     1,  10,  0.4957, -0.2056,     4,  112.5,  0.5367,  0.2880
 2010,     1,  11,  0.8498, -0.1712,     4,  123.6,  0.8668,  0.7514
 2010,     1,  12,  1.0348, -0.3421,     4,  116.7,  1.0899,  1.1879
 2010,     1,  13,  0.6505, -0.5304,     4,   95.8,  0.8394,  0.7046
 2010,     1,  14,  0.3062, -0.6474,     3,   70.3,  0.7161,  0.5129
 2010,     1,  15,  0.4594, -0.6806,     3,   79.0,  0.8212,  0.6744
 2010,     1,  16,  0.7225, -0.5328,     4,   98.6,  0.8977,  0.8059
 2010,     1,  17,  1.0361, -0.4457,     4,  111.7,  1.1279,  1.2721
 2010,     1,  18,  1.2181, -0.0872,     4,  130.9,  1.2212,  1.4913
 2010,     1,  19,  0.8677,  0.3243,     5,  155.5,  0.9264,  0.8582
 2010,     1,  20,  0.4481,  0.7327,     6,  193.6,  0.8588,  0.7376
 2010,     1,  21,  0.0616,  0.8933,     6,  221.1,  0.8954,  0.8018
 2010,     1,  22, -0.5214,  0.7440,     7,  260.0,  0.9085,  0.8253
 2010,     1,  23, -0.7831,  0.8627,     7,  267.2,  1.1651,  1.3575
 2010,     1,  24, -1.0284,  1.0502,     7,  269.4,  1.4699,  2.1605
 2010,     1,  25, -1.1740,  1.1468,     8,  270.7,  1.6412,  2.6935
 2010,     1,  26, -1.0993,  1.3597,     7,  264.0,  1.7486,  3.0575
 2010,     1,  27, -1.0623,  1.5493,     7,  259.4,  1.8785,  3.5287
 2010,     1,  28, -0.9236,  1.6390,     7,  254.4,  1.8813,  3.5392
 2010,     1,  29, -1.0209,  1.4502,     7,  260.1,  1.7734,  3.1451
 2010,     1,  30, -0.8308,  1.3885,     7,  255.9,  1.6181,  2.6182
 2010,     1,  31, -0.5877,  1.4835,     7,  246.6,  1.5956,  2.5461
 2010,     2,   1, -0.7346,  1.5051,     7,  251.0,  1.6748,  2.8050
 2010,     2,   2, -0.9380,  1.5301,     7,  256.5,  1.7947,  3.2211
 2010,     2,   3, -1.0741,  1.3134,     7,  264.3,  1.6967,  2.8788
 2010,     2,   4, -1.3895,  1.0432,     8,  278.1,  1.7375,  3.0189
 2010,     2,   5, -1.4550,  0.7098,     8,  289.0,  1.6189,  2.6209
 2010,     2,   6, -1.4800,  0.8504,     8,  285.1,  1.7069,  2.9135
 2010,     2,   7, -1.7160,  0.8033,     8,  289.9,  1.8947,  3.5898
 2010,     2,   8, -1.8566,  0.4711,     8,  300.8,  1.9155,  3.6691
 2010,     2,   9, -1.7207, -0.1508,     1,  320.0,  1.7273,  2.9837
 2010,     2,  10, -1.4971, -0.6084,     1,  337.1,  1.6160,  2.6115
 2010,     2,  11, -1.4530, -0.5868,     1,  337.0,  1.5670,  2.4554
 2010,     2,  12, -1.5326, -0.3998,     1,  329.6,  1.5839,  2.5088
 2010,     2,  13, -1.3802, -0.3382,     1,  328.8,  1.4210,  2.0193
 2010,     2,  14, -1.1484, -0.1467,     1,  322.3,  1.1578,  1.3404
 2010,     2,  15, -0.9776,  0.0591,     8,  311.5,  0.9794,  0.9592
 2010,     2,  16, -0.6372,  0.1042,     8,  305.7,  0.6457,  0.4169
 2010,     2,  17, -0.0642, -0.0055,     1,  319.9,  0.0645,  0.0042
 2010,     2,  18,  0.4801, -0.0090,     4,  133.9,  0.4802,  0.2305
 2010,     2,  19,  0.4546,  0.1313,     5,  151.1,  0.4732,  0.2239
 2010,     2,  20,  0.4801,  0.1432,     5,  151.6,  0.5010,  0.2510
 2010,     2,  21,  0.3664,  0.2367,     5,  167.9,  0.4362,  0.1903
 2010,     2,  22, -0.0790,  0.2600,     7,  241.9,  0.2717,  0.0738
 2010,     2,  23, -0.5157,  0.2525,     8,  288.9,  0.5742,  0.3297
 2010,     2,  24, -0.5851,  0.5370,     8,  272.5,  0.7941,  0.6307
 2010,     2,  25, -0.6912,  0.9113,     7,  262.2,  1.1438,  1.3082
 2010,     2,  26, -0.7922,  0.7135,     8,  273.0,  1.0661,  1.1366
 2010,     2,  27, -0.7216,  0.0398,     8,  311.8,  0.7227,  0.5223
 2010,     2,  28, -0.6963, -0.3985,     1,  344.8,  0.8023,  0.6436
 2010,     3,   1, -0.8706, -0.3380,     1,  336.2,  0.9339,  0.8723
 2010,     3,   2, -0.6572, -0.3682,     1,  344.3,  0.7533,  0.5675
 2010,     3,   3, -0.5110, -0.5450,     2,    1.8,  0.7471,  0.5581
 2010,     3,   4, -0.4932, -0.4380,     1,  356.6,  0.6596,  0.4351
 2010,     3,   5, -0.3632, -0.4839,     2,    8.1,  0.6051,  0.3661
 2010,     3,   6, -0.2969, -0.5052,     2,   14.6,  0.5860,  0.3433
 2010,     3,   7, -0.0667, -0.5560,     2,   38.2,  0.5600,  0.3136
 2010,     3,   8,  0.0346, -0.6190,     3,   48.2,  0.6199,  0.3843
 2010,     3,   9, -0.4147, -0.6465,     2,   12.3,  0.7681,  0.5899
 2010,     3,  10, -1.0062, -0.6707,     1,  348.7,  1.2092,  1.4622
 2010,     3,  11, -1.4235, -0.7604,     1,  343.1,  1.6138,  2.6044
 2010,     3,  12, -1.5712, -0.4329,     1,  330.4,  1.6298,  2.6561
 2010,     3,  13, -1.3236, -0.5057,     1,  335.9,  1.4170,  2.0078
 2010,     3,  14, -0.9984, -0.7032,     1,  350.2,  1.2212,  1.4913
 2010,     3,  15, -0.9455, -0.9046,     1,  358.7,  1.3085,  1.7123
 2010,     3,  16, -0.7807, -1.2173,     2,   12.3,  1.4461,  2.0912
 2010,     3,  17, -0.7815, -1.6489,     2,   19.6,  1.8248,  3.3298
 2010,     3,  18, -0.5737, -1.5628,     2,   24.8,  1.6648,  2.7716
 2010,     3,  19, -0.0611, -1.5518,     2,   42.7,  1.5530,  2.4119
 2010,     3,  20,  0.2545, -1.5201,     3,   54.5,  1.5412,  2.3753
 2010,     3,  21,  0.5383, -1.3539,     3,   66.7,  1.4570,  2.1229
 2010,     3,  22,  0.9802, -1.1097,     3,   86.5,  1.4807,  2.1923
 2010,     3,  23,  1.1639, -1.0841,     4,   92.0,  1.5906,  2.5300
 2010,     3,  24,  1.4209, -0.9897,     4,  100.1,  1.7316,  2.9985
 2010,     3,  25,  1.4681, -1.1120,     4,   97.9,  1.8417,  3.3917
 2010,     3,  26,  1.5668, -1.0816,     4,  100.4,  1.9039,  3.6247
 2010,     3,  27,  1.5550, -0.6992,     4,  110.8,  1.7050,  2.9069
 2010,     3,  28,  1.6439, -0.2615,     4,  126.0,  1.6646,  2.7709
 2010,     3,  29,  1.6893,  0.0833,     5,  137.8,  1.6913,  2.8606
 2010,     3,  30,  1.6681,  0.1524,     5,  140.2,  1.6750,  2.8058
 2010,     3,  31,  1.7406,  0.4215,     5,  148.6,  1.7909,  3.2075
 2010,     4,   1,  1.4793,  0.7445,     5,  161.7,  1.6561,  2.7426
 2010,     4,   2,  1.1325,  1.0695,     5,  178.4,  1.5577,  2.4266
 2010,     4,   3,  0.7463,  1.1676,     6,  192.4,  1.3857,  1.9202
 2010,     4,   4,  0.3913,  1.2403,     6,  207.5,  1.3005,  1.6914
 2010,     4,   5,  0.2562,  1.2582,     6,  213.5,  1.2840,  1.6488
 2010,     4,   6,  0.0966,  1.2832,     6,  220.7,  1.2869,  1.6560
 2010,     4,   7, -0.1030,  1.0898,     7,  230.4,  1.0947,  1.1983
 2010,     4,   8, -0.3560,  0.8869,     7,  246.9,  0.9557,  0.9134
 2010,     4,   9, -0.3487,  0.8499,     7,  247.3,  0.9186,  0.8438
 2010,     4,  10, -0.2531,  0.5723,     7,  248.9,  0.6258,  0.3916
 2010,     4,  11, -0.2647,  0.4183,     7,  257.3,  0.4950,  0.2451
 2010,     4,  12, -0.0035,  0.3118,     7,  225.6,  0.3118,  0.0972
 2010,     4,  13,  0.0970,  0.2211,     6,  201.3,  0.2415,  0.0583
 2010,     4,  14,  0.1095,  0.1721,     6,  192.5,  0.2040,  0.0416
 2010,     4,  15,  0.3474,  0.0898,     5,  149.5,  0.3588,  0.1287
 2010,     4,  16,  0.5705, -0.0212,     4,  132.9,  0.5709,  0.3260
 2010,     4,  17,  0.7313, -0.1914,     4,  120.3,  0.7559,  0.5714
 2010,     4,  18,  0.6674, -0.0738,     4,  128.7,  0.6715,  0.4509
 2010,     4,  19,  0.8787,  0.1958,     5,  147.6,  0.9003,  0.8105
 2010,     4,  20,  0.9651,  0.3066,     5,  152.6,  1.0127,  1.0255
 2010,     4,  21,  0.8373,  0.5696,     5,  169.2,  1.0127,  1.0255
 2010,     4,  22,  0.4449,  0.7322,     6,  193.7,  0.8567,  0.7340
 2010,     4,  23,  0.0742,  0.5399,     6,  217.2,  0.5450,  0.2970
 2010,     4,  24, -0.1380,  0.1947,     7,  260.3,  0.2386,  0.0569
 2010,     4,  25, -0.5440, -0.0347,     1,  318.6,  0.5451,  0.2971
 2010,     4,  26, -0.8581, -0.2580,     1,  331.7,  0.8960,  0.8029
 2010,     4,  27, -1.2484, -0.4613,     1,  335.3,  1.3309,  1.7712
 2010,     4,  28, -1.4582, -0.4220,     1,  331.1,  1.5181,  2.3045
 2010,     4,  29, -1.5647, -0.6894,     1,  338.8,  1.7099,  2.9236
 2010,     4,  30, -1.5525, -1.1220,     1,  350.9,  1.9155,  3.6690
 2010,     5,   1, -1.7931, -1.6473,     1,  357.6,  2.4349,  5.9286
 2010,     5,   2, -1.5354, -1.9285,     2,    6.5,  2.4651,  6.0767
 2010,     5,   3, -0.8516, -1.9382,     2,   21.3,  2.1170,  4.4817
 2010,     5,   4, -0.2815, -1.8248,     2,   36.2,  1.8464,  3.4090
 2010,     5,   5,  0.2039, -1.6683,     3,   52.0,  1.6807,  2.8247
 2010,     5,   6,  0.5604, -1.3955,     3,   66.9,  1.5038,  2.2615
 2010,     5,   7,  0.8940, -1.0050,     3,   86.7,  1.3451,  1.8093
 2010,     5,   8,  1.1431, -0.6583,     4,  105.1,  1.3191,  1.7401
 2010,     5,   9,  1.2142, -0.4770,     4,  113.6,  1.3045,  1.7017
 2010,     5,  10,  1.2977, -0.2118,     4,  125.7,  1.3149,  1.7290
 2010,     5,  11,  1.2810, -0.3351,     4,  120.3,  1.3241,  1.7534
 2010,     5,  12,  1.3732, -0.3191,     4,  121.9,  1.4098,  1.9876
 2010,     5,  13,  1.2159, -0.3467,     4,  119.1,  1.2644,  1.5986
 2010,     5,  14,  1.1569, -0.3541,     4,  118.0,  1.2099,  1.4639
 2010,     5,  15,  1.1745, -0.1033,     4,  130.0,  1.1790,  1.3900
 2010,     5,  16,  1.1077, -0.0747,     4,  131.1,  1.1102,  1.2326
 2010,     5,  17,  1.0652,  0.0795,     5,  139.3,  1.0681,  1.1409
 2010,     5,  18,  0.7996,  0.3894,     5,  161.0,  0.8894,  0.7910
 2010,     5,  19,  0.5676,  0.4175,     5,  171.3,  0.7047,  0.4965
 2010,     5,  20,  0.3937,  0.5531,     6,  189.6,  0.6789,  0.4609
 2010,     5,  21,  0.2280,  0.7751,     6,  208.6,  0.8080,  0.6528
 2010,     5,  22,  0.2808,  0.8503,     6,  206.7,  0.8955,  0.8019
 2010,     5,  23,  0.2776,  0.9840,     6,  209.2,  1.0224,  1.0453
 2010,     5,  24,  0.1419,  0.6871,     6,  213.3,  0.7016,  0.4923
 2010,     5,  25, -0.2054,  0.4474,     7,  249.7,  0.4922,  0.2423
 2010,     5,  26, -0.3500,  0.2817,     8,  276.2,  0.4492,  0.2018
 2010,     5,  27, -0.5309, -0.0632,     1,  321.8,  0.5346,  0.2858
 2010,     5,  28, -0.7671, -0.3476,     1,  339.4,  0.8421,  0.7092
 2010,     5,  29, -0.8958, -0.4766,     1,  343.0,  1.0147,  1.0295
 2010,     5,  30, -0.9059, -0.4539,     1,  341.6,  1.0132,  1.0267
 2010,     5,  31, -0.7854, -0.3900,     1,  341.4,  0.8768,  0.7689
 2010,     6,   1, -0.8036, -0.2188,     1,  330.2,  0.8329,  0.6937
 2010,     6,   2, -0.5195, -0.2218,     1,  338.1,  0.5649,  0.3191
 2010,     6,   3, -0.3463, -0.1826,     1,  342.8,  0.3915,  0.1533
 2010,     6,   4, -0.1675, -0.2507,     2,   11.3,  0.3016,  0.0909
 2010,     6,   5,  0.0563, -0.4392,     3,   52.3,  0.4428,  0.1961
 2010,     6,   6,  0.2245, -0.6048,     3,   65.4,  0.6451,  0.4162
 2010,     6,   7,  0.3500, -0.7323,     3,   70.5,  0.8117,  0.6588
 2010,     6,   8,  0.4199, -0.7437,     3,   74.5,  0.8541,  0.7294
 2010,     6,   9,  0.3265, -0.7604,     3,   68.2,  0.8275,  0.6848
 2010,     6,  10,  0.1060, -0.7239,     3,   53.3,  0.7317,  0.5353
 2010,     6,  11,  0.0384, -0.4277,     3,   50.1,  0.4294,  0.1844
 2010,     6,  12,  0.0910, -0.3400,     3,   60.0,  0.3520,  0.1239
 2010,     6,  13,  0.1247, -0.4094,     3,   61.9,  0.4279,  0.1831
 2010,     6,  14,  0.1872, -0.3822,     3,   71.1,  0.4256,  0.1811
 2010,     6,  15,  0.2407, -0.3857,     3,   77.0,  0.4547,  0.2067
 2010,     6,  16, -0.0886, -0.6118,     2,   36.8,  0.6182,  0.3822
 2010,     6,  17, -0.5561, -0.8954,     2,   13.2,  1.0540,  1.1109
 2010,     6,  18, -0.7368, -1.0014,     2,    8.7,  1.2433,  1.5457
 2010,     6,  19, -0.7491, -1.0900,     2,   10.5,  1.3226,  1.7492
 2010,     6,  20, -0.3331, -1.5192,     2,   32.6,  1.5553,  2.4191
 2010,     6,  21,  0.0418, -1.7409,     3,   46.4,  1.7414,  3.0323
 2010,     6,  22,  0.1518, -1.7540,     3,   49.9,  1.7605,  3.0995
 2010,     6,  23,  0.0192, -1.2931,     3,   45.8,  1.2933,  1.6726
 2010,     6,  24, -0.0646, -1.0250,     2,   41.4,  1.0270,  1.0547
 2010,     6,  25, -0.1344, -0.9574,     2,   37.0,  0.9668,  0.9348
 2010,     6,  26, -0.0941, -0.8028,     2,   38.3,  0.8083,  0.6533
 2010,     6,  27,  0.0510, -1.0317,     3,   47.8,  1.0330,  1.0671
 2010,     6,  28,  0.1372, -0.9866,     3,   52.9,  0.9961,  0.9923
 2010,     6,  29, -0.0109, -0.8417,     2,   44.3,  0.8417,  0.7085
 2010,     6,  30, -0.1820, -0.7736,     2,   31.8,  0.7947,  0.6315
 2010,     7,   1, -0.3991, -0.8252,     2,   19.2,  0.9166,  0.8401
 2010,     7,   2, -0.6697, -1.0204,     2,   11.7,  1.2205,  1.4897
 2010,     7,   3, -0.7740, -1.0014,     2,    7.3,  1.2657,  1.6019
 2010,     7,   4, -0.7261, -0.7935,     2,    2.5,  1.0755,  1.1567
 2010,     7,   5, -0.5275, -0.6574,     2,    6.3,  0.8429,  0.7104
 2010,     7,   6, -0.2348, -0.2885,     2,    5.9,  0.3720,  0.1384
 2010,     7,   7, -0.2200,  0.0905,     8,  292.6,  0.2379,  0.0566
 2010,     7,   8, -0.2224,  0.4940,     7,  249.2,  0.5418,  0.2935
 2010,     7,   9, -0.4736,  0.6422,     7,  261.4,  0.7980,  0.6368
 2010,     7,  10, -0.9744,  0.4807,     8,  288.7,  1.0865,  1.1805
 2010,     7,  11, -1.3841,  0.3212,     8,  301.9,  1.4208,  2.0188
 2010,     7,  12, -1.4556, -0.0256,     1,  316.0,  1.4558,  2.1194
 2010,     7,  13, -1.3943, -0.3108,     1,  327.6,  1.4286,  2.0408
 2010,     7,  14, -1.4764, -0.6869,     1,  340.0,  1.6284,  2.6515
 2010,     7,  15, -1.2493, -1.1167,     1,  356.8,  1.6756,  2.8077
 2010,     7,  16, -0.8519, -1.5721,     2,   16.5,  1.7881,  3.1973
 2010,     7,  17, -0.4461, -1.7228,     2,   30.5,  1.7796,  3.1670
 2010,     7,  18, -0.2136, -1.5985,     2,   37.4,  1.6127,  2.6010
 2010,     7,  19,  0.0992, -1.5174,     3,   48.7,  1.5206,  2.3123
 2010,     7,  20,  0.3639, -1.4345,     3,   59.2,  1.4800,  2.1903
 2010,     7,  21,  0.6716, -1.2841,     3,   72.6,  1.4491,  2.1000
 2010,     7,  22,  0.8463, -1.1237,     3,   82.0,  1.4067,  1.9788
 2010,     7,  23,  0.8493, -1.1228,     3,   82.1,  1.4078,  1.9819
 2010,     7,  24,  0.9709, -1.1848,     3,   84.3,  1.5318,  2.3464
 2010,     7,  25,  0.9515, -1.4538,     3,   78.2,  1.7375,  3.0189
 2010,     7,  26,  0.9307, -1.5191,     3,   76.5,  1.7815,  3.1739
 2010,     7,  27,  1.0904, -1.4368,     3,   82.2,  1.8037,  3.2534
 2010,     7,  28,  0.9997, -0.9759,     4,   90.7,  1.3971,  1.9519
 2010,     7,  29,  0.8837, -0.5182,     4,  104.6,  1.0244,  1.0493
 2010,     7,  30,  0.8886, -0.1425,     4,  125.9,  0.9000,  0.8099
 2010,     7,  31,  0.8189,  0.0415,     5,  137.9,  0.8200,  0.6723
 2010,     8,   1,  0.4756,  0.2580,     5,  163.5,  0.5411,  0.2928
 2010,     8,   2,  0.2374,  0.3839,     6,  193.3,  0.4514,  0.2037
 2010,     8,   3,  0.2609,  0.4375,     6,  194.2,  0.5094,  0.2595
 2010,     8,   4,  0.1495,  0.4017,     6,  204.6,  0.4286,  0.1837
 2010,     8,   5, -0.1857,  0.1392,     8,  278.1,  0.2321,  0.0539
 2010,     8,   6, -0.0246,  0.0782,     7,  242.5,  0.0820,  0.0067
 2010,     8,   7,  0.2022,  0.0695,     5,  154.0,  0.2138,  0.0457
 2010,     8,   8,  0.3123,  0.1836,     5,  165.5,  0.3622,  0.1312
 2010,     8,   9,  0.2559,  0.1245,     5,  160.9,  0.2846,  0.0810
 2010,     8,  10, -0.1116, -0.1032,     1,  357.8,  0.1521,  0.0231
 2010,     8,  11, -0.4627, -0.1032,     1,  327.6,  0.4740,  0.2247
 2010,     8,  12, -0.5572, -0.0347,     1,  318.6,  0.5583,  0.3117
 2010,     8,  13, -0.3454, -0.1111,     1,  332.8,  0.3628,  0.1317
 2010,     8,  14, -0.4042, -0.4435,     2,    2.7,  0.6001,  0.3601
 2010,     8,  15, -0.5657, -0.7109,     2,    6.5,  0.9085,  0.8254
 2010,     8,  16, -0.4645, -0.7307,     2,   12.6,  0.8658,  0.7497
 2010,     8,  17, -0.2025, -0.9357,     2,   32.8,  0.9574,  0.9166
 2010,     8,  18, -0.0346, -0.7222,     2,   42.3,  0.7230,  0.5228
 2010,     8,  19,  0.0716, -0.6633,     3,   51.2,  0.6672,  0.4452
 2010,     8,  20,  0.5104, -0.2884,     4,  105.5,  0.5863,  0.3437
 2010,     8,  21,  0.8912, -0.0245,     4,  133.4,  0.8915,  0.7948
 2010,     8,  22,  1.0947,  0.1473,     5,  142.7,  1.1045,  1.2200
 2010,     8,  23,  1.1218,  0.4071,     5,  154.9,  1.1933,  1.4241
 2010,     8,  24,  1.1356,  0.5560,     5,  161.1,  1.2644,  1.5986
 2010,     8,  25,  1.1829,  0.6146,     5,  162.5,  1.3330,  1.7770
 2010,     8,  26,  1.1963,  1.0404,     5,  176.0,  1.5854,  2.5134
 2010,     8,  27,  0.8753,  1.1267,     6,  187.2,  1.4268,  2.0357
 2010,     8,  28,  0.2899,  0.7738,     6,  204.5,  0.8263,  0.6828
 2010,     8,  29, -0.2054,  0.3362,     7,  256.4,  0.3940,  0.1552
 2010,     8,  30, -0.3257,  0.0545,     8,  305.5,  0.3302,  0.1090
 2010,     8,  31, -0.2682, -0.2293,     1,  355.5,  0.3529,  0.1245
 2010,     9,   1, -0.3640, -0.5754,     2,   12.7,  0.6809,  0.4636
 2010,     9,   2, -0.4817, -0.9008,     2,   16.9,  1.0215,  1.0435
 2010,     9,   3, -0.2020, -1.0909,     2,   34.5,  1.1094,  1.2308
 2010,     9,   4, -0.1103, -1.2013,     2,   39.8,  1.2064,  1.4553
 2010,     9,   5, -0.1938, -1.2625,     2,   36.3,  1.2772,  1.6313
 2010,     9,   6, -0.1094, -1.0183,     2,   38.9,  1.0242,  1.0490
 2010,     9,   7,  0.3424, -1.0438,     3,   63.2,  1.0985,  1.2068
 2010,     9,   8,  0.5066, -0.8842,     3,   74.8,  1.0191,  1.0385
 2010,     9,   9,  0.6354, -0.5805,     4,   92.6,  0.8606,  0.7407
 2010,     9,  10,  0.7201, -0.3897,     4,  106.6,  0.8188,  0.6704
 2010,     9,  11,  0.5395, -0.1944,     4,  115.2,  0.5734,  0.3288
 2010,     9,  12,  0.3081, -0.1924,     4,  103.0,  0.3632,  0.1319
 2010,     9,  13,  0.4142, -0.2258,     4,  106.4,  0.4717,  0.2225
 2010,     9,  14,  0.3769, -0.2776,     4,   98.6,  0.4681,  0.2191
 2010,     9,  15,  0.1165, -0.2271,     3,   72.1,  0.2553,  0.0652
 2010,     9,  16, -0.1256, -0.2032,     2,   13.3,  0.2389,  0.0571
 2010,     9,  17, -0.4215, -0.3814,     1,  357.1,  0.5684,  0.3231
 2010,     9,  18, -0.6333, -0.4669,     1,  351.4,  0.7868,  0.6190
 2010,     9,  19, -0.9556, -0.5179,     1,  343.5,  1.0869,  1.1814
 2010,     9,  20, -1.0446, -0.7472,     1,  350.6,  1.2843,  1.6494
 2010,     9,  21, -1.0899, -0.8117,     1,  351.7,  1.3590,  1.8468
 2010,     9,  22, -1.0598, -0.6660,     1,  347.1,  1.2517,  1.5668
 2010,     9,  23, -0.9144, -0.3632,     1,  336.7,  0.9839,  0.9680
 2010,     9,  24, -0.7210, -0.2859,     1,  336.6,  0.7756,  0.6016
 2010,     9,  25, -0.5639, -0.2270,     1,  336.9,  0.6079,  0.3695
 2010,     9,  26, -0.5599, -0.2296,     1,  337.3,  0.6051,  0.3662
 2010,     9,  27, -0.4894, -0.2372,     1,  340.9,  0.5439,  0.2958
 2010,     9,  28, -0.3804, -0.1778,     1,  340.0,  0.4199,  0.1763
 2010,     9,  29, -0.4513, -0.1340,     1,  331.5,  0.4707,  0.2216
 2010,     9,  30, -0.3656, -0.3370,     1,  357.7,  0.4973,  0.2473
 2010,    10,   1, -0.2946, -0.6432,     2,   20.4,  0.7075,  0.5005
 2010,    10,   2, -0.0360, -0.9327,     2,   42.8,  0.9334,  0.8712
 2010,    10,   3,  0.1564, -1.1069,     3,   53.0,  1.1179,  1.2496
 2010,    10,   4,  0.6611, -0.8745,     3,   82.1,  1.0962,  1.2017
 2010,    10,   5,  1.1754, -0.4919,     4,  112.3,  1.2741,  1.6234
 2010,    10,   6,  1.8019, -0.1299,     4,  130.9,  1.8066,  3.2639
 2010,    10,   7,  2.1946,  0.2725,     5,  142.1,  2.2115,  4.8905
 2010,    10,   8,  2.5886,  0.8444,     5,  153.1,  2.7228,  7.4138
 2010,    10,   9,  2.7556,  1.3802,     5,  161.6,  3.0819,  9.4980
 2010,    10,  10,  2.3727,  1.6285,     5,  169.5,  2.8778,  8.2815
 2010,    10,  11,  1.9339,  2.0060,     6,  181.0,  2.7864,  7.7641
 2010,    10,  12,  1.3985,  2.2584,     6,  193.2,  2.6563,  7.0560
 2010,    10,  13,  0.9687,  2.4970,     6,  203.8,  2.6783,  7.1731
 2010,    10,  14,  0.6567,  2.4743,     6,  210.1,  2.5600,  6.5535
 2010,    10,  15,  0.3946,  2.3256,     6,  215.4,  2.3589,  5.5642
 2010,    10,  16,  0.2265,  1.9020,     6,  218.2,  1.9155,  3.6690
 2010,    10,  17,  0.1155,  1.6664,     6,  221.0,  1.6704,  2.7903
 2010,    10,  18,  0.0382,  1.4461,     6,  223.5,  1.4466,  2.0926
 2010,    10,  19, -0.1834,  1.2835,     7,  233.1,  1.2965,  1.6809
 2010,    10,  20, -0.1654,  1.1493,     7,  233.2,  1.1611,  1.3481
 2010,    10,  21,  0.1339,  0.9348,     6,  216.8,  0.9443,  0.8918
 2010,    10,  22,  0.3726,  0.5952,     6,  192.9,  0.7022,  0.4931
 2010,    10,  23,  0.4105,  0.4574,     6,  183.1,  0.6146,  0.3777
 2010,    10,  24,  0.3378,  0.3108,     5,  177.6,  0.4590,  0.2107
 2010,    10,  25,  0.0714,  0.2296,     6,  207.7,  0.2404,  0.0578
 2010,    10,  26, -0.0848,  0.1807,     7,  250.1,  0.1996,  0.0398
 2010,    10,  27,  0.0753,  0.1395,     6,  196.7,  0.1585,  0.0251
 2010,    10,  28,  0.2346,  0.1083,     5,  159.8,  0.2584,  0.0668
 2010,    10,  29,  0.3581,  0.0228,     5,  138.6,  0.3588,  0.1288
 2010,    10,  30,  0.4730, -0.2907,     4,  103.4,  0.5552,  0.3082
 2010,    10,  31,  0.6874, -0.3029,     4,  111.2,  0.7512,  0.5643
 2010,    11,   1,  0.5568, -0.3815,     4,  100.6,  0.6750,  0.4556
 2010,    11,   2,  0.3497, -0.1516,     4,  111.6,  0.3811,  0.1452
 2010,    11,   3,  0.1570, -0.0702,     4,  110.9,  0.1720,  0.0296
 2010,    11,   4,  0.3545,  0.0744,     5,  146.8,  0.3622,  0.1312
 2010,    11,   5,  0.5324,  0.4805,     5,  177.1,  0.7171,  0.5142
 2010,    11,   6,  0.5913,  0.7510,     6,  186.8,  0.9559,  0.9138
 2010,    11,   7,  0.4397,  0.8763,     6,  198.4,  0.9804,  0.9613
 2010,    11,   8,  0.1189,  0.9070,     6,  217.5,  0.9147,  0.8367
 2010,    11,   9, -0.2978,  0.8108,     7,  245.2,  0.8638,  0.7461
 2010,    11,  10, -0.7641,  0.9227,     7,  264.6,  1.1980,  1.4352
 2010,    11,  11, -0.6793,  0.9081,     7,  261.8,  1.1340,  1.2861
 2010,    11,  12, -0.9332,  0.6498,     8,  280.1,  1.1371,  1.2931
 2010,    11,  13, -1.4600,  0.3532,     8,  301.4,  1.5021,  2.2564
 2010,    11,  14, -1.5843,  0.0828,     8,  312.0,  1.5865,  2.5170
 2010,    11,  15, -1.1492, -0.1036,     1,  320.2,  1.1539,  1.3314
 2010,    11,  16, -0.7185, -0.2519,     1,  334.3,  0.7613,  0.5796
 2010,    11,  17, -0.5619, -0.1828,     1,  333.0,  0.5909,  0.3491
 2010,    11,  18, -0.6978, -0.0354,     1,  317.9,  0.6987,  0.4882
 2010,    11,  19, -0.5868, -0.0672,     1,  321.5,  0.5907,  0.3489
 2010,    11,  20, -0.4211, -0.2097,     1,  341.5,  0.4704,  0.2213
 2010,    11,  21, -0.2301, -0.0885,     1,  336.0,  0.2465,  0.0608
 2010,    11,  22, -0.0266, -0.3559,     2,   40.7,  0.3569,  0.1274
 2010,    11,  23, -0.0376, -0.4301,     2,   40.0,  0.4317,  0.1864
 2010,    11,  24, -0.0413, -0.5072,     2,   40.3,  0.5089,  0.2589
 2010,    11,  25,  0.0082, -0.5612,     3,   45.8,  0.5613,  0.3150
 2010,    11,  26,  0.1120, -0.6744,     3,   54.4,  0.6836,  0.4673
 2010,    11,  27,  0.1190, -0.8238,     3,   53.2,  0.8323,  0.6928
 2010,    11,  28, -0.0736, -0.8541,     2,   40.1,  0.8573,  0.7349
 2010,    11,  29, -0.0936, -0.7000,     2,   37.4,  0.7063,  0.4988
 2010,    11,  30, -0.0919, -0.8172,     2,   38.6,  0.8224,  0.6763
 2010,    12,   1,  0.0249, -0.9052,     3,   46.6,  0.9055,  0.8199
 2010,    12,   2,  0.4446, -0.8301,     3,   73.2,  0.9416,  0.8867
 2010,    12,   3,  0.7823, -0.7980,     3,   89.4,  1.1175,  1.2488
 2010,    12,   4,  1.0908, -0.6822,     4,  103.0,  1.2866,  1.6554
 2010,    12,   5,  1.1741, -0.3500,     4,  118.4,  1.2252,  1.5010
 2010,    12,   6,  1.0947, -0.1567,     4,  126.9,  1.1059,  1.2230
 2010,    12,   7,  1.1409, -0.1030,     4,  129.8,  1.1455,  1.3122
 2010,    12,   8,  1.2782, -0.0061,     4,  134.7,  1.2782,  1.6338
 2010,    12,   9,  1.2893,  0.2908,     5,  147.7,  1.3217,  1.7469
 2010,    12,  10,  1.3316,  0.7411,     5,  164.1,  1.5240,  2.3225
 2010,    12,  11,  1.2019,  0.7700,     5,  167.6,  1.4274,  2.0375
 2010,    12,  12,  0.9139,  0.5615,     5,  166.6,  1.0726,  1.1505
 2010,    12,  13,  0.7469,  0.6156,     5,  174.5,  0.9679,  0.9368
 2010,    12,  14,  0.5351,  0.7720,     6,  190.3,  0.9394,  0.8824
 2010,    12,  15,  0.0234,  0.5739,     6,  222.7,  0.5744,  0.3300
 2010,    12,  16, -0.4476,  0.4635,     7,  269.0,  0.6443,  0.4152
 2010,    12,  17, -0.7634,  0.4935,     8,  282.1,  0.9090,  0.8263
 2010,    12,  18, -1.0826,  0.4056,     8,  294.5,  1.1561,  1.3366
 2010,    12,  19, -1.1118,  0.5892,     8,  287.1,  1.2583,  1.5832
 2010,    12,  20, -0.9347,  0.5779,     8,  283.3,  1.0989,  1.2076
 2010,    12,  21, -0.3306,  0.6972,     7,  250.4,  0.7716,  0.5954
 2010,    12,  22,  0.3124,  0.2465,     5,  173.3,  0.3979,  0.1583
 2010,    12,  23,  0.7600,  0.1075,     5,  143.1,  0.7676,  0.5892
 2010,    12,  24,  1.0334,  0.2287,     5,  147.5,  1.0584,  1.1203
 2010,    12,  25,  1.0672,  0.1717,     5,  144.1,  1.0809,  1.1684
 2010,    12,  26,  0.8803,  0.1510,     5,  144.7,  0.8932,  0.7978
 2010,    12,  27,  0.6273,  0.2520,     5,  156.9,  0.6760,  0.4570
 2010,    12,  28,  0.3918,  0.2836,     5,  170.9,  0.4837,  0.2339
 2010,    12,  29,  0.1980,  0.1362,     5,  169.5,  0.2404,  0.0578
 2010,    12,  30,  0.1392, -0.1070,     4,   97.4,  0.1756,  0.0308
 2010,    12,  31,  0.3217,  0.1737,     5,  163.4,  0.3656,  0.1337
 2011,     1,   1,  0.3307,  0.4115,     6,  186.2,  0.5279,  0.2787
 2011,     1,   2,  0.0149,  0.6166,     6,  223.6,  0.6167,  0.3804
 2011,     1,   3, -0.2591,  0.4832,     7,  253.2,  0.5483,  0.3007
 2011,     1,   4, -0.2240,  0.2271,     7,  269.6,  0.3190,  0.1017
 2011,     1,   5, -0.4044,  0.0219,     8,  311.9,  0.4050,  0.1641
 2011,     1,   6, -0.3297,  0.1652,     8,  288.4,  0.3688,  0.1360
 2011,     1,   7, -0.0418,  0.3103,     7,  232.7,  0.3131,  0.0980
 2011,     1,   8,  0.3545,  0.4796,     6,  188.5,  0.5964,  0.3557
 2011,     1,   9,  0.5439,  0.6041,     6,  183.0,  0.8129,  0.6608
 2011,     1,  10,  0.8135,  0.8408,     6,  180.9,  1.1699,  1.3687
 2011,     1,  11,  0.9593,  1.2868,     6,  188.3,  1.6050,  2.5760
 2011,     1,  12,  0.8948,  1.6822,     6,  197.0,  1.9054,  3.6304
 2011,     1,  13,  0.8127,  1.8284,     6,  201.0,  2.0009,  4.0035
 2011,     1,  14,  0.6661,  1.6980,     6,  203.6,  1.8240,  3.3269
 2011,     1,  15,  0.4614,  1.6497,     6,  209.4,  1.7130,  2.9343
 2011,     1,  16,  0.1720,  1.4310,     6,  218.1,  1.4413,  2.0773
 2011,     1,  17, -0.3266,  1.4419,     7,  237.8,  1.4785,  2.1859
 2011,     1,  18, -1.2378,  1.7565,     7,  260.2,  2.1489,  4.6176
 2011,     1,  19, -1.6259,  1.7572,     7,  267.8,  2.3940,  5.7313
 2011,     1,  20, -1.8398,  1.6537,     8,  273.0,  2.4738,  6.1199
 2011,     1,  21, -1.9912,  1.3602,     8,  280.7,  2.4114,  5.8149
 2011,     1,  22, -2.1461,  1.1864,     8,  286.1,  2.4523,  6.0136
 2011,     1,  23, -2.1496,  0.9879,     8,  290.3,  2.3657,  5.5967
 2011,     1,  24, -2.0525,  0.4562,     8,  302.5,  2.1026,  4.4209
 2011,     1,  25, -2.0842,  0.0259,     8,  314.3,  2.0844,  4.3446
 2011,     1,  26, -2.0534, -0.5030,     1,  328.8,  2.1141,  4.4694
 2011,     1,  27, -1.6819, -0.7746,     1,  339.7,  1.8517,  3.4289
 2011,     1,  28, -0.9589, -1.0023,     2,    1.3,  1.3871,  1.9240
 2011,     1,  29, -0.6220, -1.3331,     2,   20.0,  1.4711,  2.1640
 2011,     1,  30, -0.4926, -1.2542,     2,   23.6,  1.3475,  1.8156
 2011,     1,  31, -0.2414, -1.0551,     2,   32.1,  1.0823,  1.1714
 2011,     2,   1,  0.6780, -0.8079,     3,   85.0,  1.0546,  1.1123
 2011,     2,   2,  0.5721, -0.4893,     4,   94.5,  0.7528,  0.5668
 2011,     2,   3,  0.6969, -0.3229,     4,  110.1,  0.7681,  0.5900
 2011,     2,   4,  0.6815, -0.1415,     4,  123.3,  0.6960,  0.4845
 2011,     2,   5,  0.3948, -0.2846,     4,   99.2,  0.4867,  0.2369
 2011,     2,   6,  0.3547, -0.3318,     4,   91.9,  0.4857,  0.2359
 2011,     2,   7,  0.6437, -0.3815,     4,  104.3,  0.7483,  0.5599
 2011,     2,   8,  0.7181, -0.3828,     4,  106.9,  0.8138,  0.6622
 2011,     2,   9,  0.5949, -0.5635,     4,   91.6,  0.8194,  0.6715
 2011,     2,  10,  0.2031, -0.8428,     3,   58.5,  0.8669,  0.7516
 2011,     2,  11,  0.2286, -0.9078,     3,   59.1,  0.9361,  0.8763
 2011,     2,  12,  0.2412, -0.6409,     3,   65.6,  0.6848,  0.4690
 2011,     2,  13,  0.2385, -0.6180,     3,   66.1,  0.6624,  0.4387
 2011,     2,  14,  0.3037, -0.5598,     3,   73.5,  0.6369,  0.4056
 2011,     2,  15,  0.1924, -0.4670,     3,   67.4,  0.5050,  0.2551
 2011,     2,  16, -0.0304, -0.2256,     2,   37.3,  0.2276,  0.0518
 2011,     2,  17, -0.0140, -0.0158,     2,    3.5,  0.0211,  0.0004
 2011,     2,  18,  0.0542,  0.0503,     5,  177.9,  0.0739,  0.0055
 2011,     2,  19, -0.1360,  0.1174,     8,  274.2,  0.1797,  0.0323
 2011,     2,  20, -0.0858,  0.3558,     7,  238.6,  0.3660,  0.1340
 2011,     2,  21,  0.0347,  0.5514,     6,  221.4,  0.5525,  0.3053
 2011,     2,  22, -0.0054,  0.5820,     7,  225.5,  0.5820,  0.3388
 2011,     2,  23,  0.0251,  0.2318,     6,  218.8,  0.2332,  0.0544
 2011,     2,  24,  0.2272,  0.0504,     5,  147.5,  0.2328,  0.0542
 2011,     2,  25,  0.2128, -0.2095,     4,   90.4,  0.2987,  0.0892
 2011,     2,  26,  0.0283, -0.3534,     3,   49.6,  0.3546,  0.1257
 2011,     2,  27,  0.0184, -0.5576,     3,   46.9,  0.5579,  0.3113
 2011,     2,  28,  0.0249, -0.3605,     3,   48.9,  0.3614,  0.1306
 2011,     3,   1,  0.0354, -0.0621,     3,   74.7,  0.0714,  0.0051
 2011,     3,   2,  0.1568,  0.2784,     6,  195.6,  0.3195,  0.1021
 2011,     3,   3,  0.0300,  0.4554,     6,  221.2,  0.4564,  0.2083
 2011,     3,   4, -0.1447,  0.6432,     7,  237.7,  0.6593,  0.4347
 2011,     3,   5, -0.3661,  0.4596,     7,  263.5,  0.5876,  0.3453
 2011,     3,   6, -0.7377,  0.3959,     8,  286.8,  0.8372,  0.7009
 2011,     3,   7, -0.7015,  0.2959,     8,  292.1,  0.7613,  0.5796
 2011,     3,   8, -0.8420, -0.3067,     1,  335.0,  0.8962,  0.8031
 2011,     3,   9, -0.9894, -0.5380,     1,  343.5,  1.1262,  1.2683
 2011,     3,  10, -0.7698, -0.7103,     1,  357.7,  1.0474,  1.0971
 2011,     3,  11, -0.3126, -1.0528,     2,   28.5,  1.0982,  1.2060
 2011,     3,  12, -0.0730, -1.2170,     2,   41.6,  1.2192,  1.4864
 2011,     3,  13,  0.1346, -1.1276,     3,   51.8,  1.1356,  1.2895
 2011,     3,  14,  0.4625, -0.9039,     3,   72.1,  1.0153,  1.0308
 2011,     3,  15,  0.4684, -0.5477,     3,   85.5,  0.7206,  0.5193
 2011,     3,  16,  0.3905, -0.4824,     3,   84.0,  0.6206,  0.3852
 2011,     3,  17,  0.2128, -0.6414,     3,   63.4,  0.6758,  0.4567
 2011,     3,  18,  0.3077, -0.6132,     3,   71.6,  0.6860,  0.4706
 2011,     3,  19,  0.3192, -0.6101,     3,   72.6,  0.6886,  0.4741
 2011,     3,  20,  0.5419, -0.6818,     3,   83.5,  0.8710,  0.7586
 2011,     3,  21,  1.0774, -0.2836,     4,  120.3,  1.1141,  1.2411
 2011,     3,  22,  1.4888, -0.1021,     4,  131.1,  1.4923,  2.2269
 2011,     3,  23,  1.6890, -0.0848,     4,  132.1,  1.6911,  2.8598
 2011,     3,  24,  1.8574,  0.0492,     5,  136.5,  1.8580,  3.4523
 2011,     3,  25,  1.6761,  0.2414,     5,  143.2,  1.6934,  2.8677
 2011,     3,  26,  1.4102,  0.4010,     5,  150.9,  1.4661,  2.1495
 2011,     3,  27,  1.3875,  0.2962,     5,  147.1,  1.4188,  2.0130
 2011,     3,  28,  1.2681,  0.3283,     5,  149.5,  1.3099,  1.7160
 2011,     3,  29,  1.1300,  0.5594,     5,  161.3,  1.2609,  1.5898
 2011,     3,  30,  0.8915,  0.9660,     6,  182.3,  1.3145,  1.7279
 2011,     3,  31,  0.5769,  1.4300,     6,  203.0,  1.5420,  2.3777
 2011,     4,   1,  0.6433,  1.6794,     6,  204.0,  1.7984,  3.2341
 2011,     4,   2,  0.6415,  1.9386,     6,  206.7,  2.0420,  4.1699
 2011,     4,   3,  0.5148,  2.1369,     6,  211.5,  2.1980,  4.8311
 2011,     4,   4,  0.1357,  2.0619,     6,  221.2,  2.0664,  4.2699
 2011,     4,   5, -0.2306,  1.9902,     7,  231.6,  2.0035,  4.0142
 2011,     4,   6, -0.6805,  1.7880,     7,  245.8,  1.9131,  3.6600
 2011,     4,   7, -1.0209,  1.3580,     7,  261.9,  1.6990,  2.8864
 2011,     4,   8, -1.1383,  0.8884,     8,  277.0,  1.4440,  2.0850
 2011,     4,   9, -0.9316,  0.5154,     8,  286.0,  1.0647,  1.1336
 2011,     4,  10, -0.6671,  0.7198,     7,  267.8,  0.9814,  0.9632
 2011,     4,  11, -0.4525,  0.7289,     7,  256.8,  0.8580,  0.7361
 2011,     4,  12, -0.5252,  0.6286,     7,  264.9,  0.8191,  0.6710
 2011,     4,  13, -0.3934,  0.7092,     7,  254.0,  0.8109,  0.6576
 2011,     4,  14, -0.1467,  0.5994,     7,  238.8,  0.6171,  0.3808
 2011,     4,  15, -0.0921,  0.4077,     7,  237.7,  0.4180,  0.1747
 2011,     4,  16, -0.2853,  0.3852,     7,  261.5,  0.4793,  0.2297
 2011,     4,  17, -0.2079,  0.3850,     7,  253.4,  0.4375,  0.1914
 2011,     4,  18, -0.2933,  0.1518,     8,  287.6,  0.3303,  0.1091
 2011,     4,  19, -0.4353,  0.1326,     8,  298.1,  0.4550,  0.2070
 2011,     4,  20, -0.4941,  0.2331,     8,  289.7,  0.5463,  0.2985
 2011,     4,  21, -0.4543,  0.5379,     7,  265.2,  0.7041,  0.4957
 2011,     4,  22, -0.4572,  0.3200,     8,  280.0,  0.5581,  0.3114
 2011,     4,  23, -0.5729, -0.1409,     1,  328.8,  0.5899,  0.3480
 2011,     4,  24, -0.4225, -0.4488,     2,    1.7,  0.6164,  0.3800
 2011,     4,  25, -0.2318, -0.6166,     2,   24.4,  0.6587,  0.4339
 2011,     4,  26, -0.0174, -0.7026,     2,   43.6,  0.7028,  0.4939
 2011,     4,  27,  0.2932, -0.6566,     3,   69.1,  0.7191,  0.5171
 2011,     4,  28,  0.7468, -0.7816,     3,   88.7,  1.0810,  1.1686
 2011,     4,  29,  1.2638, -0.7298,     4,  105.0,  1.4594,  2.1298
 2011,     4,  30,  1.4856, -0.3569,     4,  121.5,  1.5279,  2.3345
 2011,     5,   1,  1.6438,  0.3070,     5,  145.6,  1.6722,  2.7962
 2011,     5,   2,  1.8579,  0.6798,     5,  155.1,  1.9784,  3.9140
 2011,     5,   3,  1.9966,  0.8576,     5,  158.2,  2.1730,  4.7220
 2011,     5,   4,  1.9598,  1.0445,     5,  163.1,  2.2208,  4.9319
 2011,     5,   5,  1.8773,  1.4150,     5,  172.0,  2.3509,  5.5265
 2011,     5,   6,  1.6847,  1.7805,     6,  181.6,  2.4512,  6.0083
 2011,     5,   7,  1.4926,  2.2244,     6,  191.1,  2.6788,  7.1758
 2011,     5,   8,  1.0227,  2.4615,     6,  202.4,  2.6655,  7.1051
 2011,     5,   9,  0.4862,  2.5613,     6,  214.3,  2.6071,  6.7968
 2011,     5,  10, -0.1562,  2.4183,     7,  228.7,  2.4234,  5.8727
 2011,     5,  11, -0.7513,  2.2592,     7,  243.4,  2.3808,  5.6682
 2011,     5,  12, -1.1849,  1.7741,     7,  258.7,  2.1334,  4.5516
 2011,     5,  13, -1.3850,  1.3479,     8,  270.8,  1.9326,  3.7350
 2011,     5,  14, -1.3330,  0.9642,     8,  279.1,  1.6451,  2.7065
 2011,     5,  15, -1.5783,  1.0016,     8,  282.6,  1.8693,  3.4941
 2011,     5,  16, -1.7306,  1.0073,     8,  284.8,  2.0024,  4.0095
 2011,     5,  17, -1.8118,  0.7515,     8,  292.5,  1.9615,  3.8476
 2011,     5,  18, -1.6766,  0.4864,     8,  298.8,  1.7458,  3.0477
 2011,     5,  19, -1.4484,  0.3717,     8,  300.6,  1.4953,  2.2359
 2011,     5,  20, -0.9723,  0.2784,     8,  299.0,  1.0114,  1.0229
 2011,     5,  21, -0.5586,  0.1359,     8,  301.3,  0.5749,  0.3305
 2011,     5,  22, -0.1460,  0.2063,     7,  260.3,  0.2527,  0.0639
 2011,     5,  23,  0.2319,  0.2195,     5,  178.4,  0.3193,  0.1020
 2011,     5,  24,  0.8367,  0.2732,     5,  153.1,  0.8802,  0.7747
 2011,     5,  25,  1.1776,  0.2625,     5,  147.6,  1.2065,  1.4555
 2011,     5,  26,  1.1362,  0.4885,     5,  158.3,  1.2367,  1.5295
 2011,     5,  27,  1.2651,  0.6037,     5,  160.5,  1.4017,  1.9649
 2011,     5,  28,  1.1863,  0.7632,     5,  167.8,  1.4106,  1.9899
 2011,     5,  29,  0.7110,  0.7963,     6,  183.2,  1.0675,  1.1395
 2011,     5,  30,  0.3370,  0.7397,     6,  200.5,  0.8128,  0.6607
 2011,     5,  31,  0.1587,  0.3725,     6,  201.9,  0.4049,  0.1639
 2011,     6,   1,  0.0590, -0.0626,     3,   88.3,  0.0860,  0.0074
 2011,     6,   2, -0.0719, -0.2178,     2,   26.7,  0.2293,  0.0526
 2011,     6,   3, -0.2976, -0.2955,     1,  359.8,  0.4194,  0.1759
 2011,     6,   4, -0.1245, -0.4440,     2,   29.3,  0.4611,  0.2127
 2011,     6,   5, -0.0467, -0.4983,     2,   39.6,  0.5005,  0.2505
 2011,     6,   6,  0.2417, -0.4366,     3,   74.0,  0.4991,  0.2491
 2011,     6,   7,  0.6493, -0.3845,     4,  104.4,  0.7546,  0.5695
 2011,     6,   8,  1.1365, -0.3299,     4,  118.8,  1.1834,  1.4004
 2011,     6,   9,  1.4995, -0.0142,     4,  134.5,  1.4995,  2.2486
 2011,     6,  10,  1.4733,  0.2286,     5,  143.8,  1.4909,  2.2229
 2011,     6,  11,  1.2649,  0.3088,     5,  148.7,  1.3021,  1.6954
 2011,     6,  12,  0.9936,  0.3829,     5,  156.1,  1.0649,  1.1339
 2011,     6,  13,  0.9675,  0.2075,     5,  147.1,  0.9895,  0.9792
 2011,     6,  14,  0.7976,  0.1662,     5,  146.8,  0.8147,  0.6637
 2011,     6,  15,  0.6012,  0.1291,     5,  147.1,  0.6149,  0.3781
 2011,     6,  16,  0.2967,  0.2687,     5,  177.2,  0.4003,  0.1603
 2011,     6,  17,  0.1303,  0.4251,     6,  208.0,  0.4447,  0.1977
 2011,     6,  18,  0.3784,  0.4801,     6,  186.8,  0.6113,  0.3737
 2011,     6,  19,  0.5305,  0.3335,     5,  167.2,  0.6266,  0.3926
 2011,     6,  20,  0.4312,  0.0028,     5,  135.4,  0.4312,  0.1859
 2011,     6,  21,  0.1149, -0.1134,     4,   90.4,  0.1614,  0.0261
 2011,     6,  22,  0.0486, -0.1996,     3,   58.7,  0.2055,  0.0422
 2011,     6,  23, -0.0194, -0.4823,     2,   42.7,  0.4827,  0.2330
 2011,     6,  24, -0.0102, -0.7487,     2,   44.2,  0.7487,  0.5606
 2011,     6,  25,  0.1924, -0.9294,     3,   56.7,  0.9491,  0.9007
 2011,     6,  26,  0.2296, -0.8011,     3,   61.0,  0.8334,  0.6945
 2011,     6,  27,  0.1010, -0.6307,     3,   54.1,  0.6387,  0.4080
 2011,     6,  28, -0.1194, -0.5480,     2,   32.7,  0.5609,  0.3146
 2011,     6,  29, -0.3322, -0.3393,     2,    0.6,  0.4748,  0.2254
 2011,     6,  30, -0.3989, -0.4749,     2,    5.0,  0.6202,  0.3847
 2011,     7,   1, -0.4596, -0.4872,     2,    1.7,  0.6698,  0.4486
 2011,     7,   2, -0.4792, -0.6897,     2,   10.2,  0.8399,  0.7054
 2011,     7,   3, -0.4470, -0.6835,     2,   11.8,  0.8167,  0.6670
 2011,     7,   4, -0.6712, -0.4499,     1,  348.8,  0.8080,  0.6529
 2011,     7,   5, -0.6001, -0.3843,     1,  347.6,  0.7126,  0.5078
 2011,     7,   6, -0.4414, -0.1630,     1,  335.3,  0.4705,  0.2214
 2011,     7,   7, -0.5791, -0.1554,     1,  330.0,  0.5996,  0.3595
 2011,     7,   8, -0.9404, -0.1603,     1,  324.7,  0.9540,  0.9100
 2011,     7,   9, -1.0710, -0.2160,     1,  326.4,  1.0925,  1.1936
 2011,     7,  10, -1.1977, -0.4009,     1,  333.5,  1.2630,  1.5951
 2011,     7,  11, -1.4565, -0.6387,     1,  338.7,  1.5904,  2.5294
 2011,     7,  12, -1.6780, -0.8329,     1,  341.4,  1.8733,  3.5094
 2011,     7,  13, -1.4309, -0.9409,     1,  348.3,  1.7125,  2.9327
 2011,     7,  14, -0.9851, -1.1394,     2,    4.2,  1.5062,  2.2685
 2011,     7,  15, -0.4141, -1.0236,     2,   23.0,  1.1042,  1.2193
 2011,     7,  16, -0.0368, -0.8225,     2,   42.4,  0.8233,  0.6779
 2011,     7,  17,  0.1671, -0.6348,     3,   59.7,  0.6564,  0.4309
 2011,     7,  18,  0.3487, -0.3821,     3,   87.4,  0.5173,  0.2676
 2011,     7,  19,  0.6677, -0.2278,     4,  116.2,  0.7055,  0.4977
 2011,     7,  20,  0.8882,  0.1282,     5,  143.2,  0.8974,  0.8053
 2011,     7,  21,  0.9311,  0.5833,     5,  167.1,  1.0987,  1.2072
 2011,     7,  22,  0.8494,  0.7963,     5,  178.2,  1.1643,  1.3557
 2011,     7,  23,  0.8416,  0.9985,     6,  184.9,  1.3059,  1.7053
 2011,     7,  24,  0.6186,  0.8907,     6,  190.2,  1.0845,  1.1761
 2011,     7,  25,  0.2523,  0.7444,     6,  206.3,  0.7860,  0.6177
 2011,     7,  26, -0.0923,  0.6179,     7,  233.5,  0.6247,  0.3903
 2011,     7,  27, -0.3758,  0.3551,     8,  271.6,  0.5170,  0.2673
 2011,     7,  28, -0.6426,  0.1606,     8,  301.0,  0.6624,  0.4388
 2011,     7,  29, -0.7785,  0.0690,     8,  309.9,  0.7816,  0.6109
 2011,     7,  30, -0.6789, -0.0855,     1,  322.2,  0.6842,  0.4682
 2011,     7,  31, -0.3530, -0.1547,     1,  338.7,  0.3854,  0.1485
 2011,     8,   1, -0.2877,  0.1340,     8,  290.0,  0.3173,  0.1007
 2011,     8,   2, -0.4719,  0.2756,     8,  284.7,  0.5465,  0.2986
 2011,     8,   3, -0.4752,  0.3995,     8,  275.0,  0.6208,  0.3854
 2011,     8,   4, -0.4859,  0.6610,     7,  261.3,  0.8204,  0.6731
 2011,     8,   5, -0.3877,  0.8440,     7,  249.7,  0.9288,  0.8626
 2011,     8,   6, -0.0987,  0.5927,     7,  234.5,  0.6009,  0.3611
 2011,     8,   7, -0.0969,  0.3358,     7,  241.1,  0.3494,  0.1221
 2011,     8,   8, -0.0217,  0.4315,     7,  227.9,  0.4321,  0.1867
 2011,     8,   9, -0.0105,  0.3486,     7,  226.7,  0.3488,  0.1216
 2011,     8,  10, -0.2917,  0.1630,     8,  285.8,  0.3342,  0.1117
 2011,     8,  11, -0.3157, -0.0452,     1,  323.1,  0.3189,  0.1017
 2011,     8,  12, -0.3779, -0.5676,     2,   11.3,  0.6819,  0.4650
 2011,     8,  13, -0.6755, -0.9156,     2,    8.6,  1.1378,  1.2947
 2011,     8,  14, -0.8693, -1.0625,     2,    5.7,  1.3728,  1.8847
 2011,     8,  15, -0.9869, -0.9918,     2,    0.1,  1.3991,  1.9576
 2011,     8,  16, -1.0093, -0.8934,     1,  356.5,  1.3479,  1.8170
 2011,     8,  17, -1.0570, -0.8704,     1,  354.5,  1.3692,  1.8748
 2011,     8,  18, -0.8653, -0.8599,     1,  359.8,  1.2199,  1.4882
 2011,     8,  19, -0.8380, -0.6548,     1,  353.0,  1.0635,  1.1311
 2011,     8,  20, -0.8550, -0.6110,     1,  350.6,  1.0509,  1.1043
 2011,     8,  21, -1.0344, -0.5806,     1,  344.3,  1.1862,  1.4071
 2011,     8,  22, -1.2161, -0.7551,     1,  346.8,  1.4315,  2.0491
 2011,     8,  23, -1.0596, -1.0012,     1,  358.4,  1.4578,  2.1251
 2011,     8,  24, -0.8669, -1.3562,     2,   12.4,  1.6096,  2.5908
 2011,     8,  25, -0.6723, -1.6839,     2,   23.2,  1.8131,  3.2874
 2011,     8,  26, -0.3980, -1.7383,     2,   32.1,  1.7833,  3.1801
 2011,     8,  27,  0.1447, -1.5758,     3,   50.2,  1.5824,  2.5040
 2011,     8,  28,  0.5904, -1.3121,     3,   69.2,  1.4388,  2.0702
 2011,     8,  29,  0.6261, -1.0199,     3,   76.5,  1.1967,  1.4321
 2011,     8,  30,  0.5248, -0.8394,     3,   77.0,  0.9900,  0.9800
 2011,     8,  31,  0.3656, -0.5083,     3,   80.7,  0.6262,  0.3921
 2011,     9,   1,  0.2034, -0.2027,     4,   90.1,  0.2871,  0.0824
 2011,     9,   2,  0.2472, -0.2609,     3,   88.5,  0.3594,  0.1292
 2011,     9,   3,  0.2277, -0.3092,     3,   81.4,  0.3840,  0.1475
 2011,     9,   4,  0.0566, -0.2501,     3,   57.8,  0.2564,  0.0658
 2011,     9,   5, -0.1591, -0.2004,     2,    6.6,  0.2559,  0.0655
 2011,     9,   6,  0.0330, -0.4475,     3,   49.2,  0.4487,  0.2013
 2011,     9,   7,  0.1758, -0.6409,     3,   60.3,  0.6646,  0.4417
 2011,     9,   8,  0.2531, -0.6429,     3,   66.5,  0.6910,  0.4774
 2011,     9,   9,  0.1411, -0.7769,     3,   55.3,  0.7896,  0.6235
 2011,     9,  10, -0.0694, -0.8969,     2,   40.6,  0.8996,  0.8093
 2011,     9,  11, -0.1169, -0.6857,     2,   35.3,  0.6956,  0.4838
 2011,     9,  12, -0.0434, -0.5475,     2,   40.5,  0.5492,  0.3017
 2011,     9,  13, -0.3000, -0.3851,     2,    7.1,  0.4882,  0.2383
 2011,     9,  14, -0.4344, -0.4023,     1,  357.8,  0.5921,  0.3506
 2011,     9,  15, -0.2365, -0.3931,     2,   14.0,  0.4588,  0.2105
 2011,     9,  16,  0.1318, -0.4753,     3,   60.5,  0.4932,  0.2432
 2011,     9,  17,  0.4344, -0.4303,     4,   90.3,  0.6115,  0.3739
 2011,     9,  18,  0.5507, -0.5820,     3,   88.4,  0.8013,  0.6420
 2011,     9,  19,  0.7208, -0.4147,     4,  105.1,  0.8316,  0.6915
 2011,     9,  20,  0.7797, -0.1819,     4,  121.9,  0.8006,  0.6410
 2011,     9,  21,  0.6427,  0.1439,     5,  147.6,  0.6586,  0.4338
 2011,     9,  22,  0.4715,  0.4249,     5,  177.0,  0.6347,  0.4028
 2011,     9,  23,  0.5079,  0.4569,     5,  177.0,  0.6832,  0.4668
 2011,     9,  24,  0.6150,  0.4559,     5,  171.6,  0.7655,  0.5861
 2011,     9,  25,  0.8215,  0.7217,     5,  176.3,  1.0935,  1.1957
 2011,     9,  26,  0.8734,  0.8777,     6,  180.1,  1.2382,  1.5331
 2011,     9,  27,  0.7887,  0.9400,     6,  185.0,  1.2270,  1.5056
 2011,     9,  28,  0.6889,  1.2457,     6,  196.1,  1.4235,  2.0265
 2011,     9,  29,  0.6469,  1.4729,     6,  201.3,  1.6087,  2.5878
 2011,     9,  30,  0.6463,  1.4567,     6,  201.1,  1.5937,  2.5397
 2011,    10,   1,  0.7089,  1.4864,     6,  199.5,  1.6468,  2.7120
 2011,    10,   2,  0.7375,  1.4021,     6,  197.3,  1.5842,  2.5097
 2011,    10,   3,  0.3519,  1.3501,     6,  210.4,  1.3952,  1.9467
 2011,    10,   4,  0.0980,  1.2567,     6,  220.5,  1.2605,  1.5889
 2011,    10,   5, -0.4379,  1.3390,     7,  243.1,  1.4088,  1.9848
 2011,    10,   6, -0.7514,  1.4499,     7,  252.4,  1.6331,  2.6669
 2011,    10,   7, -0.8849,  1.3145,     7,  258.9,  1.5846,  2.5110
 2011,    10,   8, -1.0584,  1.2130,     7,  266.1,  1.6099,  2.5917
 2011,    10,   9, -1.3904,  1.0108,     8,  279.0,  1.7190,  2.9548
 2011,    10,  10, -1.6067,  0.7188,     8,  290.9,  1.7601,  3.0981
 2011,    10,  11, -1.8264,  0.4963,     8,  299.8,  1.8927,  3.5822
 2011,    10,  12, -2.0650,  0.4574,     8,  302.5,  2.1151,  4.4735
 2011,    10,  13, -2.2716,  0.3148,     8,  307.1,  2.2933,  5.2593
 2011,    10,  14, -2.6479, -0.0906,     1,  317.0,  2.6495,  7.0198
 2011,    10,  15, -2.9395, -0.7105,     1,  328.6,  3.0241,  9.1453
 2011,    10,  16, -3.0236, -1.4760,     1,  341.0,  3.3647, 11.3209
 2011,    10,  17, -2.9999, -2.0816,     1,  349.8,  3.6514, 13.3326
 2011,    10,  18, -2.8883, -2.3042,     1,  353.6,  3.6948, 13.6513
 2011,    10,  19, -2.3874, -2.5048,     2,    1.4,  3.4603, 11.9739
 2011,    10,  20, -1.7508, -2.3653,     2,    8.5,  2.9428,  8.6600
 2011,    10,  21, -1.3320, -2.0455,     2,   11.9,  2.4410,  5.9585
 2011,    10,  22, -1.2713, -1.6755,     2,    7.8,  2.1031,  4.4232
 2011,    10,  23, -1.1028, -1.4123,     2,    7.0,  1.7918,  3.2106
 2011,    10,  24, -0.8615, -1.1153,     2,    7.3,  1.4093,  1.9861
 2011,    10,  25, -0.6722, -0.8176,     2,    5.6,  1.0585,  1.1203
 2011,    10,  26, -0.8527, -0.8648,     2,    0.4,  1.2145,  1.4751
 2011,    10,  27, -0.6736, -0.9643,     2,   10.1,  1.1763,  1.3837
 2011,    10,  28, -0.4875, -0.9692,     2,   18.3,  1.0849,  1.1770
 2011,    10,  29, -0.1331, -0.9632,     2,   37.1,  0.9723,  0.9454
 2011,    10,  30,  0.1410, -0.9430,     3,   53.5,  0.9535,  0.9092
 2011,    10,  31,  0.3548, -0.8849,     3,   66.8,  0.9534,  0.9089
 2011,    11,   1,  0.6576, -0.6808,     3,   89.0,  0.9465,  0.8959
 2011,    11,   2,  1.0268, -0.6884,     4,  101.2,  1.2362,  1.5281
 2011,    11,   3,  1.2168, -0.6450,     4,  107.1,  1.3772,  1.8967
 2011,    11,   4,  1.2125, -0.2835,     4,  121.8,  1.2452,  1.5506
 2011,    11,   5,  1.2165,  0.1569,     5,  142.3,  1.2266,  1.5045
 2011,    11,   6,  1.1816,  0.5046,     5,  158.1,  1.2848,  1.6507
 2011,    11,   7,  1.0048,  0.9728,     5,  179.1,  1.3985,  1.9559
 2011,    11,   8,  0.6254,  1.2423,     6,  198.3,  1.3908,  1.9343
 2011,    11,   9,  0.0031,  1.5390,     6,  224.9,  1.5390,  2.3686
 2011,    11,  10, -0.5411,  1.3810,     7,  246.4,  1.4832,  2.1998
 2011,    11,  11, -0.9518,  1.0364,     7,  267.6,  1.4071,  1.9800
 2011,    11,  12, -1.1251,  0.9112,     8,  276.0,  1.4478,  2.0960
 2011,    11,  13, -1.3311,  0.8576,     8,  282.2,  1.5835,  2.5073
 2011,    11,  14, -1.2702,  0.5406,     8,  291.9,  1.3805,  1.9057
 2011,    11,  15, -1.4941,  0.2533,     8,  305.4,  1.5155,  2.2966
 2011,    11,  16, -1.4800, -0.0066,     1,  315.3,  1.4800,  2.1905
 2011,    11,  17, -1.3328, -0.3804,     1,  330.9,  1.3860,  1.9209
 2011,    11,  18, -1.2122, -0.6620,     1,  343.6,  1.3811,  1.9075
 2011,    11,  19, -1.2714, -0.6099,     1,  340.6,  1.4101,  1.9885
 2011,    11,  20, -1.1964, -0.8002,     1,  348.8,  1.4394,  2.0718
 2011,    11,  21, -0.9345, -0.9519,     2,    0.5,  1.3340,  1.7794
 2011,    11,  22, -0.6318, -1.4629,     2,   21.6,  1.5935,  2.5394
 2011,    11,  23, -0.4854, -1.8945,     2,   30.6,  1.9557,  3.8248
 2011,    11,  24, -0.3501, -1.9692,     2,   34.9,  2.0001,  4.0003
 2011,    11,  25,  0.0065, -1.9895,     3,   45.2,  1.9895,  3.9582
 2011,    11,  26,  0.4450, -2.0765,     3,   57.1,  2.1237,  4.5099
 2011,    11,  27,  0.8351, -2.1294,     3,   66.4,  2.2873,  5.2318
 2011,    11,  28,  1.1517, -2.1921,     3,   72.7,  2.4762,  6.1316
 2011,    11,  29,  1.2316, -1.8297,     3,   78.9,  2.2056,  4.8647
 2011,    11,  30,  1.3578, -1.3932,     3,   89.3,  1.9455,  3.7849
 2011,    12,   1,  1.7223, -0.9679,     4,  105.7,  1.9757,  3.9032
 2011,    12,   2,  1.9565, -0.6493,     4,  116.6,  2.0614,  4.2493
 2011,    12,   3,  2.0703, -0.2431,     4,  128.3,  2.0845,  4.3452
 2011,    12,   4,  2.1845,  0.2246,     5,  140.9,  2.1960,  4.8224
 2011,    12,   5,  2.1710,  0.3020,     5,  142.9,  2.1919,  4.8043
 2011,    12,   6,  1.9155,  0.4082,     5,  147.0,  1.9585,  3.8357
 2011,    12,   7,  1.7485,  0.4997,     5,  150.9,  1.8185,  3.3069
 2011,    12,   8,  1.4911,  0.7563,     5,  161.9,  1.6719,  2.7953
 2011,    12,   9,  1.2029,  0.8536,     5,  170.4,  1.4750,  2.1757
 2011,    12,  10,  0.9789,  0.5766,     5,  165.5,  1.1361,  1.2908
 2011,    12,  11,  0.5224,  0.4114,     5,  173.2,  0.6650,  0.4422
 2011,    12,  12,  0.3876,  0.2061,     5,  163.0,  0.4390,  0.1927
 2011,    12,  13,  0.4462,  0.1923,     5,  158.3,  0.4859,  0.2361
 2011,    12,  14,  0.5585,  0.1545,     5,  150.5,  0.5795,  0.3358
 2011,    12,  15,  0.7716, -0.0674,     4,  130.0,  0.7745,  0.5999
 2011,    12,  16,  0.8733, -0.2895,     4,  116.7,  0.9201,  0.8465
 2011,    12,  17,  0.8209, -0.3824,     4,  110.0,  0.9056,  0.8200
 2011,    12,  18,  0.7482, -0.3333,     4,  111.0,  0.8191,  0.6709
 2011,    12,  19,  0.8268, -0.2163,     4,  120.3,  0.8546,  0.7304
 2011,    12,  20,  0.9521, -0.2549,     4,  120.0,  0.9856,  0.9714
 2011,    12,  21,  1.1994, -0.1613,     4,  127.3,  1.2102,  1.4647
 2011,    12,  22,  1.4056,  0.0418,     5,  136.7,  1.4062,  1.9775
 2011,    12,  23,  1.7407,  0.0991,     5,  138.3,  1.7435,  3.0400
 2011,    12,  24,  2.0120,  0.0843,     5,  137.4,  2.0138,  4.0554
 2011,    12,  25,  1.7249,  0.1162,     5,  138.9,  1.7288,  2.9886
 2011,    12,  26,  1.4264,  0.1588,     5,  141.4,  1.4352,  2.0599
 2011,    12,  27,  1.2320,  0.3673,     5,  151.6,  1.2856,  1.6528
 2011,    12,  28,  1.0018,  0.6326,     5,  167.3,  1.1848,  1.4038
 2011,    12,  29,  0.7479,  0.7634,     6,  180.6,  1.0687,  1.1422
 2011,    12,  30,  0.4250,  1.0067,     6,  202.1,  1.0927,  1.1940
 2011,    12,  31,  0.2843,  1.1061,     6,  210.6,  1.1421,  1.3043
 2012,     1,   1,  0.1851,  0.9852,     6,  214.4,  1.0024,  1.0048
 2012,     1,   2,  0.1264,  0.8227,     6,  216.3,  0.8324,  0.6928
 2012,     1,   3, -0.0092,  0.7162,     7,  225.7,  0.7162,  0.5130
 2012,     1,   4, -0.1873,  0.5379,     7,  244.2,  0.5696,  0.3244
 2012,     1,   5,  0.0318,  0.3188,     6,  219.3,  0.3204,  0.1027
 2012,     1,   6,  0.1327,  0.3114,     6,  201.9,  0.3385,  0.1146
 2012,     1,   7, -0.1262,  0.4211,     7,  241.7,  0.4396,  0.1933
 2012,     1,   8, -0.4258,  0.1912,     8,  290.8,  0.4668,  0.2179
 2012,     1,   9, -0.3692, -0.0294,     1,  319.6,  0.3704,  0.1372
 2012,     1,  10, -0.1213,  0.0294,     8,  301.4,  0.1248,  0.0156
 2012,     1,  11,  0.1689,  0.2816,     6,  194.0,  0.3284,  0.1079
 2012,     1,  12,  0.1328,  0.2489,     6,  196.9,  0.2821,  0.0796
 2012,     1,  13,  0.1851,  0.1001,     5,  163.4,  0.2104,  0.0443
 2012,     1,  14,  0.1470,  0.2520,     6,  194.7,  0.2917,  0.0851
 2012,     1,  15,  0.0749,  0.6749,     6,  218.7,  0.6791,  0.4611
 2012,     1,  16,  0.1883,  0.6915,     6,  209.8,  0.7167,  0.5137
 2012,     1,  17,  0.2710,  0.2891,     6,  181.9,  0.3963,  0.1571
 2012,     1,  18,  0.4682,  0.2777,     5,  165.7,  0.5443,  0.2963
 2012,     1,  19,  0.8839,  0.3272,     5,  155.3,  0.9425,  0.8884
 2012,     1,  20,  1.5042,  0.1114,     5,  139.2,  1.5083,  2.2750
 2012,     1,  21,  1.6737, -0.1778,     4,  128.9,  1.6831,  2.8330
 2012,     1,  22,  1.5676,  0.0951,     5,  138.5,  1.5705,  2.4663
 2012,     1,  23,  1.4777,  0.3507,     5,  148.4,  1.5187,  2.3066
 2012,     1,  24,  1.4329,  0.4153,     5,  151.2,  1.4919,  2.2258
 2012,     1,  25,  1.1585,  0.4562,     5,  156.5,  1.2451,  1.5503
 2012,     1,  26,  0.8462,  0.5893,     5,  169.9,  1.0311,  1.0632
 2012,     1,  27,  0.5769,  0.8427,     6,  190.6,  1.0213,  1.0430
 2012,     1,  28,  0.5848,  1.2126,     6,  199.3,  1.3463,  1.8125
 2012,     1,  29,  0.6221,  1.3950,     6,  201.0,  1.5274,  2.3329
 2012,     1,  30,  0.5575,  1.1296,     6,  198.7,  1.2597,  1.5868
 2012,     1,  31,  0.4650,  1.2469,     6,  204.5,  1.3308,  1.7711
 2012,     2,   1,  0.9361,  1.4515,     6,  192.2,  1.7272,  2.9832
 2012,     2,   2,  0.7999,  1.6454,     6,  199.1,  1.8296,  3.3474
 2012,     2,   3,  0.3181,  1.8599,     6,  215.3,  1.8869,  3.5604
 2012,     2,   4, -0.1584,  2.1007,     7,  229.3,  2.1066,  4.4380
 2012,     2,   5, -0.7027,  2.5067,     7,  240.7,  2.6033,  6.7771
 2012,     2,   6, -1.1990,  2.7139,     7,  248.8,  2.9669,  8.8027
 2012,     2,   7, -1.3589,  2.0545,     7,  258.5,  2.4632,  6.0675
 2012,     2,   8, -1.3419,  1.3707,     7,  269.4,  1.9182,  3.6794
 2012,     2,   9, -1.3399,  0.8091,     8,  283.9,  1.5653,  2.4501
 2012,     2,  10, -1.2091,  0.2835,     8,  301.8,  1.2419,  1.5423
 2012,     2,  11, -0.9584, -0.1493,     1,  323.9,  0.9700,  0.9409
 2012,     2,  12, -1.0299, -0.5480,     1,  343.0,  1.1667,  1.3611
 2012,     2,  13, -1.0564, -0.9583,     1,  357.2,  1.4263,  2.0344
 2012,     2,  14, -0.8927, -1.2983,     2,   10.5,  1.5756,  2.4826
 2012,     2,  15, -0.4322, -1.3814,     2,   27.6,  1.4475,  2.0951
 2012,     2,  16, -0.1214, -1.5518,     2,   40.5,  1.5565,  2.4227
 2012,     2,  17,  0.0223, -1.6375,     3,   45.8,  1.6376,  2.6818
 2012,     2,  18, -0.1063, -1.6720,     2,   41.4,  1.6754,  2.8070
 2012,     2,  19, -0.1384, -1.5548,     2,   39.9,  1.5610,  2.4366
 2012,     2,  20, -0.0730, -1.5740,     2,   42.3,  1.5757,  2.4829
 2012,     2,  21, -0.1771, -1.6352,     2,   38.8,  1.6448,  2.7054
 2012,     2,  22, -0.2284, -1.6926,     2,   37.3,  1.7079,  2.9170
 2012,     2,  23, -0.1693, -1.7887,     2,   39.6,  1.7967,  3.2280
 2012,     2,  24, -0.2066, -1.7532,     2,   38.3,  1.7654,  3.1165
 2012,     2,  25, -0.0087, -1.7658,     2,   44.7,  1.7658,  3.1181
 2012,     2,  26,  0.2040, -1.8901,     3,   51.2,  1.9010,  3.6139
 2012,     2,  27,  0.5121, -2.0434,     3,   59.1,  2.1066,  4.4379
 2012,     2,  28,  1.0696, -2.0787,     3,   72.2,  2.3377,  5.4648
 2012,     2,  29,  1.2805, -2.0793,     3,   76.6,  2.4420,  5.9634
 2012,     3,   1,  1.4711, -1.9892,     3,   81.5,  2.4741,  6.1212
 2012,     3,   2,  1.8650, -2.0363,     3,   87.5,  2.7613,  7.6246
 2012,     3,   3,  2.3548, -1.9964,     4,   94.7,  3.0872,  9.5310
 2012,     3,   4,  2.5130, -1.9515,     4,   97.2,  3.1817, 10.1233
 2012,     3,   5,  2.6120, -1.6075,     4,  103.4,  3.0671,  9.4070
 2012,     3,   6,  2.6732, -1.0958,     4,  112.7,  2.8891,  8.3468
 2012,     3,   7,  2.6247, -0.6821,     4,  120.4,  2.7119,  7.3545
 2012,     3,   8,  2.7612, -0.4763,     4,  125.2,  2.8019,  7.8509
 2012,     3,   9,  2.7275, -0.3702,     4,  127.3,  2.7525,  7.5762
 2012,     3,  10,  2.5321, -0.1269,     4,  132.1,  2.5353,  6.4276
 2012,     3,  11,  2.2520,  0.1208,     5,  138.1,  2.2553,  5.0862
 2012,     3,  12,  2.1589,  0.4104,     5,  145.8,  2.1975,  4.8292
 2012,     3,  13,  1.8765,  0.6837,     5,  155.0,  1.9972,  3.9887
 2012,     3,  14,  1.6881,  1.0189,     5,  166.1,  1.9718,  3.8879
 2012,     3,  15,  1.5236,  1.2158,     5,  173.6,  1.9493,  3.7996
 2012,     3,  16,  1.5849,  1.7470,     6,  182.8,  2.3588,  5.5638
 2012,     3,  17,  1.4352,  2.0406,     6,  189.9,  2.4948,  6.2239
 2012,     3,  18,  1.1918,  2.5365,     6,  199.8,  2.8025,  7.8541
 2012,     3,  19,  0.9367,  3.1005,     6,  208.2,  3.2389, 10.4904
 2012,     3,  20,  0.2015,  3.4034,     6,  221.6,  3.4093, 11.6236
 2012,     3,  21, -0.3769,  3.4057,     7,  231.3,  3.4265, 11.7410
 2012,     3,  22, -0.8782,  3.1852,     7,  240.4,  3.3040, 10.9165
 2012,     3,  23, -1.2043,  2.9977,     7,  246.9,  3.2305, 10.4364
 2012,     3,  24, -1.1424,  2.6214,     7,  248.5,  2.8595,  8.1768
 2012,     3,  25, -0.8683,  2.2283,     7,  246.3,  2.3915,  5.7192
 2012,     3,  26, -0.6611,  1.7850,     7,  245.3,  1.9035,  3.6232
 2012,     3,  27, -0.3789,  1.7289,     7,  237.4,  1.7699,  3.1327
 2012,     3,  28, -0.3586,  1.6567,     7,  237.2,  1.6951,  2.8732
 2012,     3,  29, -0.3534,  1.5323,     7,  238.0,  1.5725,  2.4727
 2012,     3,  30, -0.4224,  1.2770,     7,  243.3,  1.3451,  1.8092
 2012,     3,  31, -0.6910,  1.4035,     7,  251.2,  1.5644,  2.4474
 2012,     4,   1, -0.8454,  1.3075,     7,  257.9,  1.5570,  2.4243
 2012,     4,   2, -1.1995,  1.2148,     7,  269.6,  1.7072,  2.9145
 2012,     4,   3, -1.5073,  1.3366,     8,  273.4,  2.0146,  4.0585
 2012,     4,   4, -1.9226,  1.4326,     8,  278.3,  2.3976,  5.7487
 2012,     4,   5, -2.3320,  1.3804,     8,  284.4,  2.7099,  7.3435
 2012,     4,   6, -2.7269,  1.1692,     8,  291.8,  2.9670,  8.8030
 2012,     4,   7, -2.8437,  0.8770,     8,  297.9,  2.9759,  8.8557
 2012,     4,   8, -2.6950,  0.6064,     8,  302.3,  2.7624,  7.6310
 2012,     4,   9, -2.3605,  0.3654,     8,  306.2,  2.3886,  5.7056
 2012,     4,  10, -2.0967,  0.0781,     8,  312.9,  2.0982,  4.4024
 2012,     4,  11, -1.8630, -0.2147,     1,  321.6,  1.8754,  3.5170
 2012,     4,  12, -1.7307, -0.5489,     1,  332.6,  1.8157,  3.2967
 2012,     4,  13, -1.4486, -0.8221,     1,  344.6,  1.6656,  2.7742
 2012,     4,  14, -1.2223, -0.8941,     1,  351.2,  1.5144,  2.2933
 2012,     4,  15, -0.8407, -0.8301,     1,  359.6,  1.1814,  1.3958
 2012,     4,  16, -0.3805, -0.9317,     2,   22.8,  1.0064,  1.0128
 2012,     4,  17, -0.0712, -1.1009,     2,   41.3,  1.1032,  1.2170
 2012,     4,  18,  0.3190, -1.2035,     3,   59.8,  1.2450,  1.5501
 2012,     4,  19,  0.4784, -1.0974,     3,   68.6,  1.1972,  1.4332
 2012,     4,  20,  0.6706, -0.8466,     3,   83.4,  1.0800,  1.1664
 2012,     4,  21,  0.7975, -0.4893,     4,  103.5,  0.9357,  0.8755
 2012,     4,  22,  0.7492, -0.0328,     4,  132.5,  0.7499,  0.5623
 2012,     4,  23,  0.9381,  0.1866,     5,  146.2,  0.9565,  0.9149
 2012,     4,  24,  0.9632,  0.2344,     5,  148.7,  0.9913,  0.9827
 2012,     4,  25,  1.0411,  0.2359,     5,  147.8,  1.0675,  1.1396
 2012,     4,  26,  0.7531,  0.2196,     5,  151.3,  0.7845,  0.6154
 2012,     4,  27,  0.5362,  0.2337,     5,  158.5,  0.5849,  0.3421
 2012,     4,  28,  0.2719,  0.2006,     5,  171.4,  0.3379,  0.1141
 2012,     4,  29, -0.0878,  0.1380,     7,  257.5,  0.1636,  0.0268
 2012,     4,  30, -0.1545,  0.1806,     7,  265.5,  0.2377,  0.0565
 2012,     5,   1, -0.2144,  0.0820,     8,  294.1,  0.2295,  0.0527
 2012,     5,   2, -0.3838,  0.1138,     8,  298.5,  0.4003,  0.1603
 2012,     5,   3, -0.3493,  0.2166,     8,  283.2,  0.4110,  0.1689
 2012,     5,   4, -0.3513,  0.1462,     8,  292.4,  0.3805,  0.1448
 2012,     5,   5, -0.2104, -0.0149,     1,  319.1,  0.2110,  0.0445
 2012,     5,   6,  0.0181,  0.3071,     6,  221.6,  0.3077,  0.0947
 2012,     5,   7,  0.2351,  0.6396,     6,  204.8,  0.6814,  0.4643
 2012,     5,   8,  0.1685,  0.9002,     6,  214.4,  0.9158,  0.8387
 2012,     5,   9, -0.1410,  0.9867,     7,  233.1,  0.9967,  0.9934
 2012,     5,  10, -0.1192,  1.0192,     7,  231.7,  1.0262,  1.0531
 2012,     5,  11, -0.0825,  0.8539,     7,  230.5,  0.8579,  0.7360
 2012,     5,  12,  0.0304,  0.8135,     6,  222.9,  0.8140,  0.6627
 2012,     5,  13, -0.0720,  0.6983,     7,  230.9,  0.7020,  0.4928
 2012,     5,  14, -0.2897,  0.8253,     7,  244.3,  0.8747,  0.7651
 2012,     5,  15, -0.4264,  1.0471,     7,  247.2,  1.1306,  1.2783
 2012,     5,  16, -0.4634,  0.9488,     7,  251.0,  1.0559,  1.1149
 2012,     5,  17, -0.5923,  0.8016,     7,  261.5,  0.9967,  0.9934
 2012,     5,  18, -0.8633,  0.3126,     8,  295.1,  0.9182,  0.8430
 2012,     5,  19, -0.8977,  0.0471,     8,  312.0,  0.8990,  0.8082
 2012,     5,  20, -0.5623,  0.0038,     8,  314.6,  0.5623,  0.3162
 2012,     5,  21, -0.4159,  0.2091,     8,  288.3,  0.4655,  0.2167
 2012,     5,  22, -0.3749,  0.0920,     8,  301.2,  0.3860,  0.1490
 2012,     5,  23, -0.4210,  0.0674,     8,  305.9,  0.4263,  0.1817
 2012,     5,  24, -0.3431,  0.0132,     8,  312.8,  0.3434,  0.1179
 2012,     5,  25, -0.3312, -0.1005,     1,  331.9,  0.3461,  0.1198
 2012,     5,  26, -0.1161,  0.1278,     7,  267.3,  0.1726,  0.0298
 2012,     5,  27,  0.1563,  0.3245,     6,  199.3,  0.3602,  0.1298
 2012,     5,  28,  0.1945,  0.1379,     5,  170.3,  0.2384,  0.0568
 2012,     5,  29,  0.2944,  0.0899,     5,  152.0,  0.3078,  0.0948
 2012,     5,  30,  0.5735, -0.1612,     4,  119.3,  0.5958,  0.3549
 2012,     5,  31,  0.7416, -0.1835,     4,  121.1,  0.7640,  0.5837
 2012,     6,   1,  0.8502, -0.2465,     4,  118.8,  0.8852,  0.7835
 2012,     6,   2,  0.9591,  0.0559,     5,  138.3,  0.9607,  0.9230
 2012,     6,   3,  1.3262,  0.1883,     5,  143.1,  1.3395,  1.7942
 2012,     6,   4,  1.6894,  0.1923,     5,  141.5,  1.7003,  2.8909
 2012,     6,   5,  1.9657,  0.4533,     5,  148.0,  2.0173,  4.0694
 2012,     6,   6,  2.0328,  0.8081,     5,  156.7,  2.1876,  4.7854
 2012,     6,   7,  1.7376,  1.0044,     5,  165.0,  2.0070,  4.0282
 2012,     6,   8,  1.3007,  1.0798,     5,  174.7,  1.6905,  2.8579
 2012,     6,   9,  0.6852,  1.3093,     6,  197.4,  1.4777,  2.1837
 2012,     6,  10,  0.0682,  1.6523,     6,  222.6,  1.6537,  2.7347
 2012,     6,  11, -0.3728,  1.4902,     7,  239.0,  1.5362,  2.3598
 2012,     6,  12, -0.6592,  1.2496,     7,  252.8,  1.4129,  1.9962
 2012,     6,  13, -1.0098,  1.1093,     7,  267.3,  1.5001,  2.2504
 2012,     6,  14, -1.3283,  0.8794,     8,  281.5,  1.5930,  2.5377
 2012,     6,  15, -1.4017,  0.4918,     8,  295.7,  1.4854,  2.2065
 2012,     6,  16, -1.2474, -0.1587,     1,  322.2,  1.2575,  1.5812
 2012,     6,  17, -1.2707, -0.6300,     1,  341.4,  1.4183,  2.0115
 2012,     6,  18, -1.4642, -0.8449,     1,  345.0,  1.6905,  2.8576
 2012,     6,  19, -1.4479, -0.6492,     1,  339.2,  1.5868,  2.5180
 2012,     6,  20, -1.5057, -0.3777,     1,  329.1,  1.5524,  2.4099
 2012,     6,  21, -1.6924, -0.4835,     1,  330.9,  1.7601,  3.0981
 2012,     6,  22, -1.7809, -0.5211,     1,  331.3,  1.8556,  3.4431
 2012,     6,  23, -1.7116, -0.6416,     1,  335.5,  1.8279,  3.3411
 2012,     6,  24, -1.6769, -0.7129,     1,  338.0,  1.8222,  3.3204
 2012,     6,  25, -1.5359, -0.8648,     1,  344.4,  1.7626,  3.1068
 2012,     6,  26, -1.2493, -0.8633,     1,  349.6,  1.5185,  2.3060
 2012,     6,  27, -1.0148, -0.6358,     1,  347.1,  1.1975,  1.4340
 2012,     6,  28, -0.7617, -0.6094,     1,  353.7,  0.9755,  0.9516
 2012,     6,  29, -0.4746, -0.7616,     2,   13.1,  0.8974,  0.8052
 2012,     6,  30, -0.3417, -1.1400,     2,   28.3,  1.1901,  1.4164
 2012,     7,   1, -0.2831, -1.6157,     2,   35.1,  1.6403,  2.6907
 2012,     7,   2, -0.1497, -1.4861,     2,   39.2,  1.4936,  2.2308
 2012,     7,   3,  0.0986, -1.4299,     3,   48.9,  1.4333,  2.0544
 2012,     7,   4,  0.2578, -1.5881,     3,   54.2,  1.6089,  2.5884
 2012,     7,   5,  0.2999, -1.7085,     3,   55.0,  1.7346,  3.0089
 2012,     7,   6,  0.4306, -1.5765,     3,   60.3,  1.6342,  2.6706
 2012,     7,   7,  0.5287, -1.4737,     3,   64.7,  1.5657,  2.4514
 2012,     7,   8,  0.5238, -1.3850,     3,   65.7,  1.4807,  2.1925
 2012,     7,   9,  0.2601, -1.4214,     3,   55.4,  1.4450,  2.0881
 2012,     7,  10, -0.0063, -1.3250,     2,   44.7,  1.3250,  1.7557
 2012,     7,  11, -0.1774, -1.3299,     2,   37.4,  1.3417,  1.8002
 2012,     7,  12, -0.2399, -1.2558,     2,   34.2,  1.2785,  1.6347
 2012,     7,  13, -0.3478, -1.2520,     2,   29.5,  1.2994,  1.6885
 2012,     7,  14, -0.2640, -1.3012,     2,   33.5,  1.3277,  1.7628
 2012,     7,  15, -0.1842, -1.0718,     2,   35.2,  1.0875,  1.1827
 2012,     7,  16,  0.0245, -0.9720,     3,   46.4,  0.9723,  0.9453
 2012,     7,  17,  0.4980, -0.7539,     3,   78.4,  0.9035,  0.8164
 2012,     7,  18,  0.8743, -0.5668,     4,  102.0,  1.0420,  1.0857
 2012,     7,  19,  0.9392, -0.5784,     4,  103.4,  1.1030,  1.2167
 2012,     7,  20,  0.7751, -0.5280,     4,  100.7,  0.9378,  0.8795
 2012,     7,  21,  0.7934, -0.4172,     4,  107.3,  0.8964,  0.8036
 2012,     7,  22,  0.7760, -0.0490,     4,  131.4,  0.7776,  0.6046
 2012,     7,  23,  0.8502, -0.1029,     4,  128.1,  0.8564,  0.7334
 2012,     7,  24,  0.9909, -0.1260,     4,  127.8,  0.9989,  0.9978
 2012,     7,  25,  0.9293,  0.1368,     5,  143.4,  0.9393,  0.8823
 2012,     7,  26,  0.8604,  0.2014,     5,  148.2,  0.8837,  0.7809
 2012,     7,  27,  0.7484,  0.3061,     5,  157.2,  0.8086,  0.6538
 2012,     7,  28,  0.5560,  0.4770,     5,  175.6,  0.7325,  0.5366
 2012,     7,  29,  0.4513,  0.6879,     6,  191.7,  0.8227,  0.6769
 2012,     7,  30,  0.4798,  0.7166,     6,  191.2,  0.8624,  0.7438
 2012,     7,  31,  0.3166,  1.0381,     6,  208.0,  1.0853,  1.1778
 2012,     8,   1,  0.1394,  1.1053,     6,  217.8,  1.1141,  1.2412
 2012,     8,   2, -0.0390,  1.0103,     7,  227.2,  1.0110,  1.0222
 2012,     8,   3, -0.1735,  0.9452,     7,  235.4,  0.9610,  0.9236
 2012,     8,   4, -0.2588,  0.6648,     7,  246.3,  0.7134,  0.5089
 2012,     8,   5, -0.5065,  0.3917,     8,  277.3,  0.6403,  0.4100
 2012,     8,   6, -0.7009,  0.1961,     8,  299.4,  0.7279,  0.5298
 2012,     8,   7, -1.2104, -0.0097,     1,  315.5,  1.2104,  1.4651
 2012,     8,   8, -1.5598, -0.3125,     1,  326.3,  1.5908,  2.5306
 2012,     8,   9, -1.5563, -0.7091,     1,  339.5,  1.7103,  2.9251
 2012,     8,  10, -1.6220, -0.8207,     1,  341.8,  1.8178,  3.3043
 2012,     8,  11, -1.5638, -0.8544,     1,  343.7,  1.7819,  3.1753
 2012,     8,  12, -1.4458, -0.9220,     1,  347.5,  1.7148,  2.9404
 2012,     8,  13, -1.5075, -0.9151,     1,  346.3,  1.7635,  3.1100
 2012,     8,  14, -1.5107, -1.1116,     1,  351.3,  1.8756,  3.5179
 2012,     8,  15, -1.2862, -1.3682,     2,    1.8,  1.8779,  3.5264
 2012,     8,  16, -1.0607, -1.6128,     2,   11.7,  1.9303,  3.7262
 2012,     8,  17, -0.4766, -1.7278,     2,   29.6,  1.7924,  3.2125
 2012,     8,  18, -0.3218, -1.6251,     2,   33.8,  1.6567,  2.7446
 2012,     8,  19, -0.2245, -1.5092,     2,   36.5,  1.5258,  2.3282
 2012,     8,  20, -0.0309, -1.4289,     2,   43.8,  1.4292,  2.0426
 2012,     8,  21,  0.1667, -1.3561,     3,   52.0,  1.3664,  1.8669
 2012,     8,  22,  0.4577, -1.2672,     3,   64.9,  1.3473,  1.8152
 2012,     8,  23,  0.6426, -1.5059,     3,   68.1,  1.6373,  2.6806
 2012,     8,  24,  0.7092, -1.5860,     3,   69.1,  1.7374,  3.0184
 2012,     8,  25,  0.7523, -1.7105,     3,   68.7,  1.8686,  3.4917
 2012,     8,  26,  0.9186, -1.6969,     3,   73.4,  1.9296,  3.7233
 2012,     8,  27,  1.0070, -1.6321,     3,   76.7,  1.9178,  3.6779
 2012,     8,  28,  0.8438, -1.5072,     3,   74.2,  1.7273,  2.9837
 2012,     8,  29,  0.5650, -1.3383,     3,   67.9,  1.4526,  2.1101
 2012,     8,  30,  0.2789, -1.1905,     3,   58.2,  1.2227,  1.4950
 2012,     8,  31,  0.2453, -0.8016,     3,   62.0,  0.8383,  0.7028
 2012,     9,   1, -0.1583, -0.4246,     2,   24.6,  0.4531,  0.2053
 2012,     9,   2, -0.1914, -0.3612,     2,   17.1,  0.4088,  0.1671
 2012,     9,   3,  0.1881, -0.4462,     3,   67.9,  0.4842,  0.2344
 2012,     9,   4,  0.3796, -0.3403,     4,   93.1,  0.5098,  0.2599
 2012,     9,   5,  0.4469, -0.2915,     4,  101.9,  0.5336,  0.2847
 2012,     9,   6,  0.7319, -0.4934,     4,  101.0,  0.8827,  0.7791
 2012,     9,   7,  1.0273, -0.6009,     4,  104.7,  1.1901,  1.4164
 2012,     9,   8,  1.1336, -0.5165,     4,  110.5,  1.2457,  1.5518
 2012,     9,   9,  1.1478, -0.2450,     4,  122.9,  1.1737,  1.3775
 2012,     9,  10,  1.0545, -0.1782,     4,  125.4,  1.0694,  1.1436
 2012,     9,  11,  0.7776,  0.1685,     5,  147.2,  0.7957,  0.6331
 2012,     9,  12,  0.4785,  0.5616,     6,  184.6,  0.7378,  0.5444
 2012,     9,  13,  0.3773,  0.9413,     6,  203.2,  1.0141,  1.0284
 2012,     9,  14,  0.3934,  0.8168,     6,  199.3,  0.9065,  0.8218
 2012,     9,  15,  0.3449,  0.5356,     6,  192.2,  0.6370,  0.4058
 2012,     9,  16,  0.1871,  0.4424,     6,  202.1,  0.4804,  0.2307
 2012,     9,  17,  0.1594,  0.6909,     6,  212.0,  0.7091,  0.5028
 2012,     9,  18,  0.3481,  0.7804,     6,  201.0,  0.8545,  0.7301
 2012,     9,  19,  0.4926,  0.7831,     6,  192.8,  0.9252,  0.8559
 2012,     9,  20,  0.5052,  0.6471,     6,  187.0,  0.8210,  0.6740
 2012,     9,  21,  0.4605,  0.4828,     6,  181.4,  0.6672,  0.4452
 2012,     9,  22,  0.3569,  0.4876,     6,  188.8,  0.6042,  0.3651
 2012,     9,  23,  0.4872,  0.5974,     6,  185.8,  0.7709,  0.5943
 2012,     9,  24,  0.6605,  0.5304,     5,  173.8,  0.8471,  0.7176
 2012,     9,  25,  0.6443,  0.5487,     5,  175.4,  0.8463,  0.7162
 2012,     9,  26,  0.4785,  0.7491,     6,  192.4,  0.8888,  0.7900
 2012,     9,  27,  0.5020,  1.1544,     6,  201.5,  1.2588,  1.5846
 2012,     9,  28,  0.6341,  1.4620,     6,  201.6,  1.5936,  2.5395
 2012,     9,  29,  0.7860,  1.5873,     6,  198.7,  1.7712,  3.1373
 2012,     9,  30,  0.7010,  1.6920,     6,  202.5,  1.8315,  3.3543
 2012,    10,   1,  0.1932,  2.1425,     6,  219.8,  2.1512,  4.6277
 2012,    10,   2,  0.1023,  2.2918,     6,  222.4,  2.2941,  5.2629
 2012,    10,   3, -0.0072,  2.2406,     7,  225.2,  2.2406,  5.0205
 2012,    10,   4,  0.1349,  1.8436,     6,  220.8,  1.8486,  3.4172
 2012,    10,   5,  0.1484,  1.6216,     6,  219.8,  1.6284,  2.6516
 2012,    10,   6, -0.1034,  1.4932,     7,  229.0,  1.4968,  2.2405
 2012,    10,   7, -0.3712,  1.5633,     7,  238.4,  1.6067,  2.5816
 2012,    10,   8, -0.4642,  1.6120,     7,  241.1,  1.6775,  2.8140
 2012,    10,   9, -0.4411,  1.3891,     7,  242.6,  1.4575,  2.1242
 2012,    10,  10, -0.5879,  1.0144,     7,  255.1,  1.1725,  1.3747
 2012,    10,  11, -0.7400,  0.7201,     8,  270.8,  1.0326,  1.0662
 2012,    10,  12, -0.8149,  0.4679,     8,  285.1,  0.9397,  0.8830
 2012,    10,  13, -1.0484,  0.4028,     8,  294.0,  1.1231,  1.2613
 2012,    10,  14, -1.1907,  0.1381,     8,  308.4,  1.1987,  1.4368
 2012,    10,  15, -1.3156,  0.0356,     8,  313.5,  1.3161,  1.7322
 2012,    10,  16, -1.5250, -0.1094,     1,  319.1,  1.5289,  2.3376
 2012,    10,  17, -1.8144, -0.4608,     1,  329.2,  1.8720,  3.5044
 2012,    10,  18, -2.1946, -0.4610,     1,  326.9,  2.2425,  5.0289
 2012,    10,  19, -2.1067, -0.3992,     1,  325.7,  2.1442,  4.5975
 2012,    10,  20, -1.9946, -0.3687,     1,  325.5,  2.0284,  4.1145
 2012,    10,  21, -1.7754, -0.5662,     1,  332.7,  1.8635,  3.4727
 2012,    10,  22, -1.3790, -0.7764,     1,  344.4,  1.5825,  2.5044
 2012,    10,  23, -1.0860, -0.9684,     1,  356.7,  1.4551,  2.1172
 2012,    10,  24, -0.8942, -0.9666,     2,    2.2,  1.3168,  1.7340
 2012,    10,  25, -0.9505, -0.6724,     1,  350.3,  1.1643,  1.3555
 2012,    10,  26, -1.1458, -0.3974,     1,  334.1,  1.2128,  1.4708
 2012,    10,  27, -1.1856, -0.6049,     1,  342.0,  1.3310,  1.7716
 2012,    10,  28, -1.2461, -0.9434,     1,  352.1,  1.5630,  2.4428
 2012,    10,  29, -1.1296, -1.0442,     1,  357.7,  1.5383,  2.3664
 2012,    10,  30, -0.7802, -0.8936,     2,    3.9,  1.1863,  1.4073
 2012,    10,  31, -0.8973, -0.7864,     1,  356.2,  1.1932,  1.4237
 2012,    11,   1, -0.5943, -0.8335,     2,    9.5,  1.0237,  1.0480
 2012,    11,   2, -0.1628, -1.0592,     2,   36.3,  1.0716,  1.1483
 2012,    11,   3,  0.2356, -1.1143,     3,   56.9,  1.1389,  1.2971
 2012,    11,   4,  0.3789, -0.9817,     3,   66.1,  1.0523,  1.1074
 2012,    11,   5,  0.4776, -0.6820,     3,   80.0,  0.8326,  0.6932
 2012,    11,   6,  0.5106, -0.3051,     4,  104.1,  0.5948,  0.3538
 2012,    11,   7,  0.6481,  0.2705,     5,  157.7,  0.7023,  0.4932
 2012,    11,   8,  0.6058,  0.5064,     5,  174.9,  0.7895,  0.6233
 2012,    11,   9,  0.7982,  0.3454,     5,  158.4,  0.8698,  0.7565
 2012,    11,  10,  0.6862,  0.2449,     5,  154.6,  0.7286,  0.5308
 2012,    11,  11,  0.6403,  0.3304,     5,  162.3,  0.7205,  0.5192
 2012,    11,  12,  0.5077,  0.2706,     5,  163.1,  0.5753,  0.3309
 2012,    11,  13,  0.4354,  0.2870,     5,  168.4,  0.5214,  0.2719
 2012,    11,  14,  0.3112,  0.3686,     6,  184.8,  0.4824,  0.2327
 2012,    11,  15,  0.2201,  0.3260,     6,  191.0,  0.3934,  0.1548
 2012,    11,  16,  0.1613,  0.6253,     6,  210.5,  0.6458,  0.4170
 2012,    11,  17,  0.2167,  0.7238,     6,  208.3,  0.7555,  0.5708
 2012,    11,  18,  0.2899,  0.9343,     6,  207.8,  0.9783,  0.9570
 2012,    11,  19,  0.3314,  1.1019,     6,  208.3,  1.1507,  1.3240
 2012,    11,  20,  0.3148,  1.0319,     6,  208.0,  1.0788,  1.1639
 2012,    11,  21,  0.2620,  0.8917,     6,  208.6,  0.9294,  0.8637
 2012,    11,  22,  0.3191,  0.9709,     6,  206.8,  1.0220,  1.0445
 2012,    11,  23,  0.1844,  0.9064,     6,  213.5,  0.9249,  0.8555
 2012,    11,  24,  0.0166,  0.7554,     6,  223.7,  0.7556,  0.5709
 2012,    11,  25, -0.3190,  0.3759,     7,  265.3,  0.4930,  0.2430
 2012,    11,  26, -0.4956,  0.2054,     8,  292.5,  0.5364,  0.2878
 2012,    11,  27, -0.4964, -0.1194,     1,  328.5,  0.5106,  0.2607
 2012,    11,  28, -0.4639, -0.3813,     1,  354.4,  0.6005,  0.3606
 2012,    11,  29, -0.4849, -0.7123,     2,   10.8,  0.8617,  0.7425
 2012,    11,  30, -0.2511, -0.7670,     2,   26.9,  0.8071,  0.6513
 2012,    12,   1, -0.4618, -0.7815,     2,   14.4,  0.9077,  0.8239
 2012,    12,   2, -0.3916, -0.9566,     2,   22.7,  1.0337,  1.0684
 2012,    12,   3, -0.3789, -0.8521,     2,   21.0,  0.9326,  0.8697
 2012,    12,   4, -0.2563, -0.5974,     2,   21.8,  0.6500,  0.4225
 2012,    12,   5, -0.0855, -0.3685,     2,   31.9,  0.3783,  0.1431
 2012,    12,   6,  0.1564, -0.2938,     3,   73.0,  0.3328,  0.1108
 2012,    12,   7,  0.0384, -0.1573,     3,   58.7,  0.1619,  0.0262
 2012,    12,   8, -0.1796, -0.0405,     1,  327.7,  0.1841,  0.0339
 2012,    12,   9, -0.2796,  0.2701,     8,  271.0,  0.3888,  0.1511
 2012,    12,  10, -0.4899,  0.2064,     8,  292.2,  0.5316,  0.2826
 2012,    12,  11, -0.9187, -0.1782,     1,  326.0,  0.9358,  0.8758
 2012,    12,  12, -1.1737, -0.3937,     1,  333.5,  1.2380,  1.5326
 2012,    12,  13, -1.4433, -0.8295,     1,  344.9,  1.6647,  2.7712
 2012,    12,  14, -1.2631, -1.0148,     1,  353.8,  1.6203,  2.6252
 2012,    12,  15, -1.2114, -0.9397,     1,  352.8,  1.5331,  2.3504
 2012,    12,  16, -1.4292, -0.5665,     1,  336.6,  1.5374,  2.3636
 2012,    12,  17, -1.3223, -0.6848,     1,  342.4,  1.4891,  2.2173
 2012,    12,  18, -1.1564, -0.6307,     1,  343.6,  1.3173,  1.7351
 2012,    12,  19, -0.7915, -0.5910,     1,  351.7,  0.9878,  0.9758
 2012,    12,  20, -0.3594, -0.7838,     2,   20.4,  0.8623,  0.7435
 2012,    12,  21, -0.1681, -0.8967,     2,   34.4,  0.9123,  0.8324
 2012,    12,  22,  0.3437, -1.0010,     3,   64.0,  1.0584,  1.1202
 2012,    12,  23,  0.2789, -1.1259,     3,   58.9,  1.1599,  1.3454
 2012,    12,  24,  0.1828, -1.1661,     3,   53.9,  1.1803,  1.3932
 2012,    12,  25,  0.2869, -1.0092,     3,   60.9,  1.0492,  1.1009
 2012,    12,  26,  0.5950, -0.9309,     3,   77.6,  1.1047,  1.2205
 2012,    12,  27,  0.6025, -0.8865,     3,   79.2,  1.0718,  1.1488
 2012,    12,  28,  0.6045, -0.8109,     3,   81.7,  1.0114,  1.0229
 2012,    12,  29,  0.4320, -0.7767,     3,   74.1,  0.8887,  0.7898
 2012,    12,  30,  0.7003, -0.7670,     3,   87.4,  1.0387,  1.0788
 2012,    12,  31,  0.9444, -0.9617,     3,   89.5,  1.3479,  1.8168
 2013,     1,   1,  0.8450, -1.0533,     3,   83.7,  1.3503,  1.8233
 2013,     1,   2,  0.8739, -0.7852,     4,   93.1,  1.1748,  1.3802
 2013,     1,   3,  0.8641, -0.3735,     4,  111.6,  0.9414,  0.8862
 2013,     1,   4,  1.4045, -0.0994,     4,  131.0,  1.4080,  1.9825
 2013,     1,   5,  2.0631,  0.0013,     5,  135.0,  2.0631,  4.2563
 2013,     1,   6,  2.3230,  0.0594,     5,  136.5,  2.3237,  5.3996
 2013,     1,   7,  2.2425,  0.3627,     5,  144.2,  2.2716,  5.1602
 2013,     1,   8,  2.0853,  0.7672,     5,  155.2,  2.2220,  4.9372
 2013,     1,   9,  1.6657,  1.2178,     5,  171.2,  2.0634,  4.2578
 2013,     1,  10,  1.2101,  1.5643,     6,  187.3,  1.9777,  3.9114
 2013,     1,  11,  0.7783,  1.9343,     6,  203.1,  2.0850,  4.3473
 2013,     1,  12,  0.1342,  2.2729,     6,  221.6,  2.2768,  5.1840
 2013,     1,  13, -0.2609,  2.3109,     7,  231.4,  2.3255,  5.4081
 2013,     1,  14, -0.6659,  2.3216,     7,  241.0,  2.4152,  5.8332
 2013,     1,  15, -0.9728,  2.1842,     7,  249.0,  2.3910,  5.7170
 2013,     1,  16, -1.1221,  1.9527,     7,  254.9,  2.2521,  5.0720
 2013,     1,  17, -1.1923,  1.5673,     7,  262.3,  1.9693,  3.8780
 2013,     1,  18, -1.1804,  1.4469,     7,  264.2,  1.8673,  3.4867
 2013,     1,  19, -1.1060,  1.5052,     7,  261.3,  1.8679,  3.4889
 2013,     1,  20, -1.1616,  1.4872,     7,  263.0,  1.8871,  3.5611
 2013,     1,  21, -1.1292,  1.4710,     7,  262.5,  1.8545,  3.4391
 2013,     1,  22, -1.0818,  1.4242,     7,  262.2,  1.7885,  3.1987
 2013,     1,  23, -1.0541,  1.4157,     7,  261.7,  1.7650,  3.1153
 2013,     1,  24, -1.0859,  1.5885,     7,  259.4,  1.9242,  3.7024
 2013,     1,  25, -0.8998,  1.5913,     7,  254.5,  1.8281,  3.3418
 2013,     1,  26, -0.9086,  1.5489,     7,  255.4,  1.7958,  3.2248
 2013,     1,  27, -1.1487,  1.4214,     7,  263.9,  1.8275,  3.3398
 2013,     1,  28, -1.3617,  1.1347,     8,  275.2,  1.7725,  3.1418
 2013,     1,  29, -1.3098,  0.8799,     8,  281.1,  1.5780,  2.4899
 2013,     1,  30, -1.7608,  0.6963,     8,  293.4,  1.8934,  3.5851
 2013,     1,  31, -2.2682,  0.3582,     8,  306.0,  2.2963,  5.2729
 2013,     2,   1, -2.4218, -0.2160,     1,  320.1,  2.4314,  5.9116
 2013,     2,   2, -2.2871, -0.6769,     1,  331.5,  2.3852,  5.6891
 2013,     2,   3, -1.9931, -1.1056,     1,  344.0,  2.2792,  5.1948
 2013,     2,   4, -1.7355, -1.1546,     1,  348.6,  2.0844,  4.3449
 2013,     2,   5, -1.3429, -1.1548,     1,  355.7,  1.7712,  3.1371
 2013,     2,   6, -0.9183, -1.1646,     2,    6.7,  1.4831,  2.1997
 2013,     2,   7, -0.8926, -1.0441,     2,    4.5,  1.3737,  1.8869
 2013,     2,   8, -1.1457, -0.9303,     1,  354.1,  1.4759,  2.1782
 2013,     2,   9, -1.3781, -1.1795,     1,  355.6,  1.8140,  3.2904
 2013,     2,  10, -1.3143, -1.3799,     2,    1.4,  1.9057,  3.6316
 2013,     2,  11, -0.8228, -1.5163,     2,   16.5,  1.7251,  2.9761
 2013,     2,  12, -0.3592, -1.6522,     2,   32.7,  1.6908,  2.8589
 2013,     2,  13,  0.0583, -1.9456,     3,   46.7,  1.9465,  3.7887
 2013,     2,  14,  0.5891, -1.9786,     3,   61.6,  2.0644,  4.2617
 2013,     2,  15,  1.1753, -1.4932,     3,   83.2,  1.9002,  3.6108
 2013,     2,  16,  1.5303, -1.0846,     4,   99.7,  1.8757,  3.5183
 2013,     2,  17,  1.7959, -0.7542,     4,  112.2,  1.9478,  3.7941
 2013,     2,  18,  1.9800, -0.5354,     4,  119.9,  2.0511,  4.2068
 2013,     2,  19,  1.9788, -0.3966,     4,  123.7,  2.0181,  4.0728
 2013,     2,  20,  2.0499, -0.2461,     4,  128.2,  2.0646,  4.2627
 2013,     2,  21,  1.9113, -0.1574,     4,  130.3,  1.9178,  3.6780
 2013,     2,  22,  1.6952,  0.1704,     5,  140.7,  1.7038,  2.9029
 2013,     2,  23,  1.3035,  0.3944,     5,  151.8,  1.3619,  1.8548
 2013,     2,  24,  0.8436,  0.6503,     5,  172.6,  1.0651,  1.1344
 2013,     2,  25,  0.6516,  1.0659,     6,  193.6,  1.2493,  1.5607
 2013,     2,  26,  0.5874,  1.3070,     6,  200.8,  1.4330,  2.0534
 2013,     2,  27,  0.7311,  1.4761,     6,  198.6,  1.6472,  2.7134
 2013,     2,  28,  0.5017,  1.6383,     6,  208.0,  1.7134,  2.9358
 2013,     3,   1,  0.6491,  1.8039,     6,  205.2,  1.9171,  3.6754
 2013,     3,   2,  0.5855,  1.8864,     6,  207.8,  1.9751,  3.9011
 2013,     3,   3,  0.6077,  1.6253,     6,  204.5,  1.7352,  3.0109
 2013,     3,   4,  0.3307,  1.5220,     6,  212.7,  1.5575,  2.4259
 2013,     3,   5, -0.3400,  1.3548,     7,  239.1,  1.3968,  1.9510
 2013,     3,   6, -0.7092,  1.4391,     7,  251.2,  1.6043,  2.5738
 2013,     3,   7, -0.4920,  1.3517,     7,  245.0,  1.4384,  2.0691
 2013,     3,   8,  0.0259,  1.3274,     6,  223.9,  1.3276,  1.7626
 2013,     3,   9,  0.3570,  1.3821,     6,  210.5,  1.4274,  2.0376
 2013,     3,  10,  0.4148,  1.3872,     6,  208.4,  1.4479,  2.0964
 2013,     3,  11,  0.4869,  1.1839,     6,  202.6,  1.2801,  1.6386
 2013,     3,  12,  0.5625,  1.0143,     6,  196.0,  1.1598,  1.3452
 2013,     3,  13,  0.3745,  1.3279,     6,  209.3,  1.3797,  1.9036
 2013,     3,  14,  0.1753,  1.4541,     6,  218.1,  1.4646,  2.1451
 2013,     3,  15, -0.3872,  1.3304,     7,  241.2,  1.3856,  1.9200
 2013,     3,  16, -0.8138,  1.0431,     7,  263.0,  1.3230,  1.7503
 2013,     3,  17, -1.0726,  0.7380,     8,  280.5,  1.3020,  1.6952
 2013,     3,  18, -1.1536,  0.3539,     8,  297.9,  1.2067,  1.4561
 2013,     3,  19, -1.2702,  0.0365,     8,  313.4,  1.2708,  1.6149
 2013,     3,  20, -1.1112, -0.1028,     1,  320.3,  1.1159,  1.2452
 2013,     3,  21, -0.9240, -0.4020,     1,  338.5,  1.0077,  1.0154
 2013,     3,  22, -0.8287, -0.6001,     1,  350.9,  1.0232,  1.0469
 2013,     3,  23, -0.6099, -0.4758,     1,  353.0,  0.7735,  0.5983
 2013,     3,  24, -0.3364, -0.3018,     1,  356.9,  0.4519,  0.2042
 2013,     3,  25,  0.0608, -0.2190,     3,   60.5,  0.2273,  0.0517
 2013,     3,  26,  0.1450, -0.2828,     3,   72.1,  0.3178,  0.1010
 2013,     3,  27,  0.2810, -0.3188,     3,   86.4,  0.4249,  0.1806
 2013,     3,  28,  0.6115, -0.4034,     4,  101.6,  0.7326,  0.5367
 2013,     3,  29,  0.9702, -0.2815,     4,  118.8,  1.0102,  1.0205
 2013,     3,  30,  1.0877, -0.5483,     4,  108.2,  1.2181,  1.4839
 2013,     3,  31,  1.0825, -0.5756,     4,  107.0,  1.2261,  1.5032
 2013,     4,   1,  0.8595, -0.8736,     3,   89.5,  1.2255,  1.5019
 2013,     4,   2,  0.8794, -1.2705,     3,   79.7,  1.5452,  2.3876
 2013,     4,   3,  0.9450, -1.1101,     3,   85.4,  1.4579,  2.1254
 2013,     4,   4,  1.2930, -0.8540,     4,  101.6,  1.5496,  2.4013
 2013,     4,   5,  1.4330, -0.6736,     4,  109.8,  1.5834,  2.5073
 2013,     4,   6,  1.7797, -0.5271,     4,  118.5,  1.8561,  3.4452
 2013,     4,   7,  1.7570, -0.6621,     4,  114.4,  1.8777,  3.5256
 2013,     4,   8,  1.6279, -0.7591,     4,  110.0,  1.7961,  3.2261
 2013,     4,   9,  1.5496, -0.6502,     4,  112.2,  1.6805,  2.8240
 2013,     4,  10,  1.3901, -0.3276,     4,  121.7,  1.4282,  2.0399
 2013,     4,  11,  1.0761, -0.0637,     4,  131.6,  1.0780,  1.1622
 2013,     4,  12,  0.7760,  0.0717,     5,  140.3,  0.7793,  0.6073
 2013,     4,  13,  0.5146,  0.3420,     5,  168.6,  0.6179,  0.3818
 2013,     4,  14,  0.3662,  0.4954,     6,  188.5,  0.6160,  0.3795
 2013,     4,  15,  0.3284,  0.6219,     6,  197.2,  0.7033,  0.4946
 2013,     4,  16,  0.2281,  0.6025,     6,  204.3,  0.6442,  0.4150
 2013,     4,  17,  0.1511,  0.3529,     6,  201.8,  0.3839,  0.1474
 2013,     4,  18, -0.0733,  0.1934,     7,  245.8,  0.2068,  0.0428
 2013,     4,  19, -0.1415,  0.1157,     8,  275.7,  0.1828,  0.0334
 2013,     4,  20, -0.2225,  0.2932,     7,  262.2,  0.3681,  0.1355
 2013,     4,  21, -0.3656,  0.1657,     8,  290.6,  0.4013,  0.1611
 2013,     4,  22, -0.3180,  0.0847,     8,  300.1,  0.3291,  0.1083
 2013,     4,  23, -0.3564,  0.1406,     8,  293.5,  0.3832,  0.1468
 2013,     4,  24, -0.2902,  0.1388,     8,  289.4,  0.3216,  0.1035
 2013,     4,  25, -0.2318,  0.1204,     8,  287.6,  0.2612,  0.0682
 2013,     4,  26, -0.2411,  0.0938,     8,  293.7,  0.2587,  0.0670
 2013,     4,  27, -0.3378,  0.0775,     8,  302.1,  0.3466,  0.1201
 2013,     4,  28, -0.5373,  0.0213,     8,  312.7,  0.5377,  0.2892
 2013,     4,  29, -0.7341,  0.0738,     8,  309.3,  0.7378,  0.5444
 2013,     4,  30, -1.0488,  0.0398,     8,  312.8,  1.0496,  1.1016
 2013,     5,   1, -1.4468, -0.2169,     1,  323.5,  1.4630,  2.1404
 2013,     5,   2, -1.5417, -0.5888,     1,  335.9,  1.6503,  2.7237
 2013,     5,   3, -1.5813, -0.9986,     1,  347.3,  1.8702,  3.4977
 2013,     5,   4, -1.5996, -1.4118,     1,  356.4,  2.1335,  4.5518
 2013,     5,   5, -1.4746, -1.7588,     2,    5.0,  2.2952,  5.2679
 2013,     5,   6, -0.7457, -1.7159,     2,   21.5,  1.8710,  3.5006
 2013,     5,   7, -0.1148, -1.7448,     2,   41.2,  1.7486,  3.0575
 2013,     5,   8,  0.4949, -1.5661,     3,   62.5,  1.6425,  2.6977
 2013,     5,   9,  1.0358, -1.1688,     3,   86.5,  1.5617,  2.4389
 2013,     5,  10,  1.4568, -0.8287,     4,  105.4,  1.6760,  2.8089
 2013,     5,  11,  1.7524, -0.3414,     4,  124.0,  1.7854,  3.1876
 2013,     5,  12,  1.6664,  0.1351,     5,  139.6,  1.6718,  2.7950
 2013,     5,  13,  1.2297,  0.4848,     5,  156.5,  1.3218,  1.7471
 2013,     5,  14,  1.1682,  0.6894,     5,  165.5,  1.3564,  1.8399
 2013,     5,  15,  1.1258,  0.7893,     5,  170.0,  1.3749,  1.8903
 2013,     5,  16,  1.1436,  0.7264,     5,  167.4,  1.3548,  1.8355
 2013,     5,  17,  0.8816,  0.6764,     5,  172.5,  1.1112,  1.2348
 2013,     5,  18,  0.5919,  0.6767,     6,  183.8,  0.8990,  0.8083
 2013,     5,  19,  0.1689,  0.6502,     6,  210.4,  0.6718,  0.4513
 2013,     5,  20, -0.2120,  0.5449,     7,  246.3,  0.5847,  0.3418
 2013,     5,  21, -0.2782,  0.3720,     7,  261.8,  0.4645,  0.2158
 2013,     5,  22, -0.2117,  0.2288,     7,  267.8,  0.3117,  0.0972
 2013,     5,  23, -0.2272,  0.3356,     7,  259.1,  0.4053,  0.1642
 2013,     5,  24, -0.2230,  0.1937,     8,  274.0,  0.2954,  0.0872
 2013,     5,  25, -0.3947,  0.1378,     8,  295.8,  0.4180,  0.1747
 2013,     5,  26, -0.4181, -0.1470,     1,  334.4,  0.4432,  0.1964
 2013,     5,  27, -0.4846, -0.2495,     1,  342.2,  0.5451,  0.2971
 2013,     5,  28, -0.3792, -0.4711,     2,    6.2,  0.6048,  0.3657
 2013,     5,  29, -0.2391, -0.6819,     2,   25.7,  0.7226,  0.5222
 2013,     5,  30, -0.1978, -0.8101,     2,   31.3,  0.8339,  0.6954
 2013,     5,  31, -0.3350, -0.5848,     2,   15.2,  0.6739,  0.4542
 2013,     6,   1, -0.4214, -0.1568,     1,  335.4,  0.4497,  0.2022
 2013,     6,   2, -0.0205, -0.2405,     2,   40.1,  0.2414,  0.0583
 2013,     6,   3,  0.1754, -0.3865,     3,   69.4,  0.4245,  0.1802
 2013,     6,   4,  0.3097, -0.4570,     3,   79.1,  0.5520,  0.3047
 2013,     6,   5,  0.2606, -0.2796,     3,   88.0,  0.3822,  0.1461
 2013,     6,   6,  0.2934, -0.2433,     4,   95.3,  0.3811,  0.1453
 2013,     6,   7,  0.4507, -0.2806,     4,  103.1,  0.5310,  0.2819
 2013,     6,   8,  0.4999, -0.0160,     4,  133.2,  0.5002,  0.2502
 2013,     6,   9,  0.8396,  0.0333,     5,  137.3,  0.8403,  0.7061
 2013,     6,  10,  1.1420, -0.2099,     4,  124.6,  1.1612,  1.3483
 2013,     6,  11,  1.5125, -0.3241,     4,  122.9,  1.5468,  2.3927
 2013,     6,  12,  1.5596, -0.2110,     4,  127.3,  1.5738,  2.4768
 2013,     6,  13,  1.6878,  0.2010,     5,  141.8,  1.6997,  2.8891
 2013,     6,  14,  1.7561,  0.4900,     5,  150.6,  1.8232,  3.3239
 2013,     6,  15,  1.7050,  0.5644,     5,  153.3,  1.7960,  3.2257
 2013,     6,  16,  1.6508,  1.0375,     5,  167.1,  1.9497,  3.8013
 2013,     6,  17,  1.5565,  1.4074,     5,  177.1,  2.0984,  4.4035
 2013,     6,  18,  1.3181,  1.6066,     6,  185.6,  2.0781,  4.3184
 2013,     6,  19,  0.9364,  1.6751,     6,  195.8,  1.9190,  3.6828
 2013,     6,  20,  0.3735,  1.7520,     6,  213.0,  1.7914,  3.2091
 2013,     6,  21, -0.1150,  1.6066,     7,  229.1,  1.6107,  2.5945
 2013,     6,  22, -0.4651,  1.5973,     7,  241.2,  1.6637,  2.7678
 2013,     6,  23, -0.8721,  1.4620,     7,  255.8,  1.7023,  2.8979
 2013,     6,  24, -1.2378,  1.2660,     7,  269.4,  1.7705,  3.1348
 2013,     6,  25, -1.5000,  0.9635,     8,  282.3,  1.7828,  3.1783
 2013,     6,  26, -1.7614,  0.7265,     8,  292.6,  1.9054,  3.6305
 2013,     6,  27, -1.7562,  0.5760,     8,  296.8,  1.8482,  3.4159
 2013,     6,  28, -1.5296,  0.1767,     8,  308.4,  1.5397,  2.3708
 2013,     6,  29, -1.3035, -0.1542,     1,  321.7,  1.3126,  1.7230
 2013,     6,  30, -1.1078, -0.2719,     1,  328.8,  1.1407,  1.3012
 2013,     7,   1, -0.8391, -0.5053,     1,  346.1,  0.9795,  0.9594
 2013,     7,   2, -0.8380, -0.8024,     1,  358.8,  1.1602,  1.3460
 2013,     7,   3, -0.9484, -0.9097,     1,  358.8,  1.3142,  1.7270
 2013,     7,   4, -0.8482, -0.8401,     1,  359.7,  1.1938,  1.4252
 2013,     7,   5, -0.6623, -1.0651,     2,   13.1,  1.2543,  1.5731
 2013,     7,   6, -0.8880, -1.0979,     2,    6.0,  1.4121,  1.9940
 2013,     7,   7, -0.8646, -0.9836,     2,    3.7,  1.3095,  1.7149
 2013,     7,   8, -0.5947, -0.8062,     2,    8.6,  1.0018,  1.0036
 2013,     7,   9, -0.2475, -0.6072,     2,   22.8,  0.6558,  0.4300
 2013,     7,  10,  0.0729, -0.4661,     3,   53.9,  0.4717,  0.2225
 2013,     7,  11,  0.3361, -0.4368,     3,   82.6,  0.5512,  0.3038
 2013,     7,  12,  0.7019, -0.2378,     4,  116.3,  0.7411,  0.5492
 2013,     7,  13,  0.9732, -0.0715,     4,  130.8,  0.9758,  0.9522
 2013,     7,  14,  0.7918,  0.0429,     5,  138.1,  0.7930,  0.6288
 2013,     7,  15,  0.4983,  0.1876,     5,  155.6,  0.5324,  0.2835
 2013,     7,  16,  0.3804,  0.2836,     5,  171.7,  0.4745,  0.2251
 2013,     7,  17,  0.3365,  0.3914,     6,  184.3,  0.5162,  0.2665
 2013,     7,  18,  0.4265,  0.6390,     6,  191.3,  0.7683,  0.5902
 2013,     7,  19,  0.5326,  0.7424,     6,  189.3,  0.9137,  0.8349
 2013,     7,  20,  0.3295,  0.8481,     6,  203.8,  0.9099,  0.8278
 2013,     7,  21,  0.1861,  0.6598,     6,  209.2,  0.6855,  0.4700
 2013,     7,  22,  0.0606,  0.5355,     6,  218.5,  0.5389,  0.2904
 2013,     7,  23, -0.1244,  0.6053,     7,  236.6,  0.6180,  0.3819
 2013,     7,  24, -0.4677,  0.7214,     7,  258.0,  0.8598,  0.7392
 2013,     7,  25, -0.4482,  0.6170,     7,  261.0,  0.7626,  0.5816
 2013,     7,  26, -0.5030,  0.3419,     8,  280.8,  0.6082,  0.3699
 2013,     7,  27, -0.3696, -0.0697,     1,  325.7,  0.3761,  0.1414
 2013,     7,  28, -0.1188, -0.1600,     2,    8.4,  0.1993,  0.0397
 2013,     7,  29,  0.0888, -0.0799,     4,   93.0,  0.1195,  0.0143
 2013,     7,  30,  0.2817,  0.1195,     5,  158.0,  0.3060,  0.0936
 2013,     7,  31,  0.7217,  0.0244,     5,  136.9,  0.7221,  0.5215
 2013,     8,   1,  0.8071, -0.2410,     4,  118.4,  0.8423,  0.7095
 2013,     8,   2,  0.5872, -0.3131,     4,  106.9,  0.6655,  0.4428
 2013,     8,   3,  0.3955, -0.2083,     4,  107.2,  0.4470,  0.1998
 2013,     8,   4,  0.1860, -0.0354,     4,  124.2,  0.1893,  0.0358
 2013,     8,   5, -0.1852,  0.1264,     8,  280.7,  0.2242,  0.0503
 2013,     8,   6, -0.3500,  0.2854,     8,  275.8,  0.4516,  0.2040
 2013,     8,   7, -0.4277,  0.2894,     8,  280.9,  0.5164,  0.2666
 2013,     8,   8, -0.3655,  0.2058,     8,  285.6,  0.4194,  0.1759
 2013,     8,   9, -0.2041, -0.0430,     1,  326.9,  0.2085,  0.0435
 2013,     8,  10,  0.0001,  0.0571,     6,  224.9,  0.0571,  0.0033
 2013,     8,  11, -0.0110,  0.1848,     7,  228.4,  0.1851,  0.0343
 2013,     8,  12,  0.0633,  0.2466,     6,  210.6,  0.2546,  0.0648
 2013,     8,  13,  0.0496,  0.0785,     6,  192.7,  0.0929,  0.0086
 2013,     8,  14, -0.0769,  0.1419,     7,  253.5,  0.1614,  0.0260
 2013,     8,  15, -0.4997,  0.3743,     8,  278.2,  0.6243,  0.3898
 2013,     8,  16, -0.7565,  0.7389,     8,  270.7,  1.0575,  1.1182
 2013,     8,  17, -0.8510,  0.8539,     7,  269.9,  1.2055,  1.4533
 2013,     8,  18, -0.9200,  0.8002,     8,  274.0,  1.2193,  1.4868
 2013,     8,  19, -1.0633,  0.8239,     8,  277.2,  1.3451,  1.8094
 2013,     8,  20, -1.0121,  0.8469,     8,  275.1,  1.3197,  1.7416
 2013,     8,  21, -0.8123,  0.4522,     8,  285.9,  0.9297,  0.8643
 2013,     8,  22, -0.8682,  0.0956,     8,  308.7,  0.8734,  0.7629
 2013,     8,  23, -1.1810,  0.1788,     8,  306.4,  1.1944,  1.4267
 2013,     8,  24, -1.5159,  0.1291,     8,  310.1,  1.5214,  2.3148
 2013,     8,  25, -1.6245, -0.0997,     1,  318.5,  1.6276,  2.6490
 2013,     8,  26, -1.5051, -0.4702,     1,  332.4,  1.5768,  2.4864
 2013,     8,  27, -1.7485, -0.5756,     1,  333.2,  1.8408,  3.3885
 2013,     8,  28, -1.8934, -0.7376,     1,  336.3,  2.0320,  4.1290
 2013,     8,  29, -1.9886, -0.5517,     1,  330.5,  2.0637,  4.2590
 2013,     8,  30, -1.8947, -0.7132,     1,  335.6,  2.0245,  4.0986
 2013,     8,  31, -2.0108, -1.1218,     1,  344.2,  2.3026,  5.3018
 2013,     9,   1, -1.7479, -1.6715,     1,  358.7,  2.4185,  5.8490
 2013,     9,   2, -1.6911, -1.6788,     1,  359.8,  2.3829,  5.6783
 2013,     9,   3, -1.4393, -1.4928,     2,    1.0,  2.0737,  4.3002
 2013,     9,   4, -1.2807, -1.7167,     2,    8.3,  2.1418,  4.5872
 2013,     9,   5, -0.8335, -1.7768,     2,   19.9,  1.9625,  3.8515
 2013,     9,   6, -0.5351, -1.8645,     2,   29.0,  1.9397,  3.7626
 2013,     9,   7, -0.3615, -1.7780,     2,   33.5,  1.8143,  3.2918
 2013,     9,   8, -0.1281, -1.4113,     2,   39.8,  1.4171,  2.0081
 2013,     9,   9,  0.0479, -1.1362,     3,   47.4,  1.1372,  1.2932
 2013,     9,  10,  0.4822, -1.0886,     3,   68.9,  1.1906,  1.4175
 2013,     9,  11,  0.6998, -0.9491,     3,   81.4,  1.1792,  1.3905
 2013,     9,  12,  0.6011, -0.8049,     3,   81.8,  1.0046,  1.0092
 2013,     9,  13,  0.7935, -0.5066,     4,  102.4,  0.9415,  0.8863
 2013,     9,  14,  1.2265, -0.1479,     4,  128.1,  1.2354,  1.5261
 2013,     9,  15,  1.4522,  0.0103,     5,  135.4,  1.4522,  2.1088
 2013,     9,  16,  1.4662, -0.0415,     4,  133.4,  1.4668,  2.1515
 2013,     9,  17,  1.2835,  0.0999,     5,  139.5,  1.2874,  1.6574
 2013,     9,  18,  1.2093,  0.4123,     5,  153.8,  1.2776,  1.6323
 2013,     9,  19,  1.3606,  0.5683,     5,  157.7,  1.4746,  2.1743
 2013,     9,  20,  1.5187,  0.6587,     5,  158.4,  1.6554,  2.7404
 2013,     9,  21,  1.5441,  0.9596,     5,  166.9,  1.8180,  3.3050
 2013,     9,  22,  1.1099,  1.1535,     6,  181.1,  1.6007,  2.5624
 2013,     9,  23,  0.7429,  1.2256,     6,  193.8,  1.4332,  2.0540
 2013,     9,  24,  0.6529,  1.2117,     6,  196.7,  1.3764,  1.8945
 2013,     9,  25,  0.4384,  1.3274,     6,  206.7,  1.3979,  1.9542
 2013,     9,  26,  0.5439,  1.1684,     6,  200.0,  1.2888,  1.6611
 2013,     9,  27,  0.4625,  1.1115,     6,  202.4,  1.2039,  1.4493
 2013,     9,  28,  0.6076,  1.2524,     6,  199.1,  1.3920,  1.9375
 2013,     9,  29,  0.8593,  1.2068,     6,  189.5,  1.4814,  2.1947
 2013,     9,  30,  0.9841,  0.9605,     5,  179.3,  1.3752,  1.8911
 2013,    10,   1,  0.9820,  0.8070,     5,  174.4,  1.2711,  1.6157
 2013,    10,   2,  0.7802,  0.8391,     6,  182.1,  1.1457,  1.3127
 2013,    10,   3,  0.6878,  1.0189,     6,  191.0,  1.2294,  1.5113
 2013,    10,   4,  0.7534,  1.2470,     6,  193.9,  1.4569,  2.1226
 2013,    10,   5,  0.5721,  1.2333,     6,  200.1,  1.3595,  1.8482
 2013,    10,   6,  0.3286,  1.1584,     6,  209.2,  1.2041,  1.4499
 2013,    10,   7,  0.3699,  1.0565,     6,  205.7,  1.1194,  1.2531
 2013,    10,   8,  0.2795,  1.0352,     6,  209.9,  1.0722,  1.1497
 2013,    10,   9,  0.0844,  1.0071,     6,  220.2,  1.0107,  1.0214
 2013,    10,  10,  0.0031,  1.0194,     6,  224.8,  1.0194,  1.0391
 2013,    10,  11,  0.0841,  1.0500,     6,  220.4,  1.0533,  1.1095
 2013,    10,  12,  0.0824,  0.7125,     6,  218.4,  0.7172,  0.5144
 2013,    10,  13,  0.0786,  0.7038,     6,  218.6,  0.7081,  0.5015
 2013,    10,  14, -0.0752,  0.4549,     7,  234.4,  0.4611,  0.2126
 2013,    10,  15, -0.2748,  0.2891,     7,  268.6,  0.3989,  0.1591
 2013,    10,  16, -0.4157,  0.0353,     8,  310.1,  0.4172,  0.1741
 2013,    10,  17, -0.6761, -0.0974,     1,  323.2,  0.6831,  0.4666
 2013,    10,  18, -0.8376, -0.3675,     1,  338.7,  0.9147,  0.8367
 2013,    10,  19, -0.6909, -0.3356,     1,  340.9,  0.7681,  0.5900
 2013,    10,  20, -0.3015,  0.0205,     8,  311.1,  0.3022,  0.0913
 2013,    10,  21, -0.0319,  0.2223,     7,  233.2,  0.2246,  0.0504
 2013,    10,  22, -0.0676,  0.5050,     7,  232.6,  0.5095,  0.2595
 2013,    10,  23,  0.0082,  0.5474,     6,  224.1,  0.5474,  0.2997
 2013,    10,  24,  0.0139,  0.5800,     6,  223.6,  0.5802,  0.3366
 2013,    10,  25, -0.0475,  0.5453,     7,  230.0,  0.5473,  0.2996
 2013,    10,  26, -0.2218,  0.1873,     8,  274.8,  0.2903,  0.0843
 2013,    10,  27, -0.4239, -0.0653,     1,  323.8,  0.4289,  0.1839
 2013,    10,  28, -0.7396, -0.1543,     1,  326.8,  0.7555,  0.5708
 2013,    10,  29, -0.9856, -0.0491,     1,  317.8,  0.9868,  0.9738
 2013,    10,  30, -1.2449, -0.0068,     1,  315.3,  1.2449,  1.5497
 2013,    10,  31, -1.2987, -0.2401,     1,  325.5,  1.3207,  1.7443
 2013,    11,   1, -1.4289, -0.5267,     1,  335.2,  1.5229,  2.3191
 2013,    11,   2, -1.4176, -0.6809,     1,  340.7,  1.5727,  2.4733
 2013,    11,   3, -1.3513, -0.8030,     1,  345.7,  1.5719,  2.4709
 2013,    11,   4, -1.2001, -0.8771,     1,  351.2,  1.4864,  2.2094
 2013,    11,   5, -1.0097, -0.8744,     1,  355.9,  1.3358,  1.7842
 2013,    11,   6, -0.8546, -0.9684,     2,    3.6,  1.2915,  1.6681
 2013,    11,   7, -0.4442, -1.0296,     2,   21.7,  1.1213,  1.2573
 2013,    11,   8, -0.0386, -1.0409,     2,   42.9,  1.0417,  1.0851
 2013,    11,   9,  0.1813, -0.9065,     3,   56.3,  0.9244,  0.8546
 2013,    11,  10,  0.2213, -0.7046,     3,   62.4,  0.7386,  0.5455
 2013,    11,  11,  0.2016, -0.6649,     3,   61.9,  0.6948,  0.4828
 2013,    11,  12,  0.2857, -0.6886,     3,   67.5,  0.7455,  0.5558
 2013,    11,  13,  0.2988, -0.6127,     3,   71.0,  0.6816,  0.4646
 2013,    11,  14,  0.0459, -0.7297,     3,   48.6,  0.7312,  0.5346
 2013,    11,  15, -0.2715, -0.7070,     2,   24.0,  0.7573,  0.5735
 2013,    11,  16, -0.4999, -0.6173,     2,    6.0,  0.7943,  0.6310
 2013,    11,  17, -0.5551, -0.4839,     1,  356.1,  0.7364,  0.5422
 2013,    11,  18, -0.4332, -0.2762,     1,  347.5,  0.5137,  0.2639
 2013,    11,  19, -0.2664, -0.1682,     1,  347.3,  0.3151,  0.0993
 2013,    11,  20, -0.1868,  0.0154,     8,  310.3,  0.1875,  0.0351
 2013,    11,  21, -0.1658, -0.0642,     1,  336.2,  0.1778,  0.0316
 2013,    11,  22, -0.0639, -0.1597,     2,   23.2,  0.1720,  0.0296
 2013,    11,  23,  0.1041, -0.1319,     3,   83.3,  0.1680,  0.0282
 2013,    11,  24,  0.1910,  0.1600,     5,  175.0,  0.2492,  0.0621
 2013,    11,  25,  0.5120,  0.3347,     5,  168.2,  0.6117,  0.3741
 2013,    11,  26,  0.4913,  0.5070,     6,  180.9,  0.7060,  0.4984
 2013,    11,  27,  0.3872,  0.5232,     6,  188.5,  0.6509,  0.4236
 2013,    11,  28,  0.2051,  0.4161,     6,  198.8,  0.4639,  0.2152
 2013,    11,  29, -0.0515,  0.3263,     7,  234.0,  0.3304,  0.1091
 2013,    11,  30, -0.3908, -0.3760,     1,  358.9,  0.5424,  0.2942
 2013,    12,   1, -0.7831, -0.8959,     2,    3.8,  1.1899,  1.4160
 2013,    12,   2, -0.7481, -1.0666,     2,   10.0,  1.3028,  1.6973
 2013,    12,   3, -0.5124, -0.8537,     2,   14.0,  0.9957,  0.9914
 2013,    12,   4, -0.0940, -0.6852,     2,   37.2,  0.6916,  0.4784
 2013,    12,   5,  0.1664, -0.7470,     3,   57.6,  0.7653,  0.5857
 2013,    12,   6,  0.2405, -0.8851,     3,   60.2,  0.9172,  0.8412
 2013,    12,   7,  0.3174, -1.1327,     3,   60.7,  1.1763,  1.3837
 2013,    12,   8,  0.3919, -1.2494,     3,   62.4,  1.3095,  1.7147
 2013,    12,   9,  0.7325, -1.1946,     3,   76.5,  1.4014,  1.9638
 2013,    12,  10,  0.7621, -1.2620,     3,   76.1,  1.4742,  2.1733
 2013,    12,  11,  0.7880, -1.1760,     3,   78.8,  1.4156,  2.0038
 2013,    12,  12,  0.7073, -1.3038,     3,   73.5,  1.4833,  2.2002
 2013,    12,  13,  0.9790, -1.4062,     3,   79.8,  1.7134,  2.9358
 2013,    12,  14,  0.9981, -1.3280,     3,   81.9,  1.6612,  2.7597
 2013,    12,  15,  1.2092, -0.9814,     4,   95.9,  1.5574,  2.4254
 2013,    12,  16,  1.2485, -0.5202,     4,  112.4,  1.3526,  1.8294
 2013,    12,  17,  1.1061, -0.1577,     4,  126.9,  1.1173,  1.2484
 2013,    12,  18,  1.0360,  0.0458,     5,  137.5,  1.0370,  1.0753
 2013,    12,  19,  0.9985,  0.0678,     5,  138.9,  1.0008,  1.0016
 2013,    12,  20,  0.9368,  0.1297,     5,  142.9,  0.9458,  0.8945
 2013,    12,  21,  0.7768,  0.1978,     5,  149.3,  0.8016,  0.6425
 2013,    12,  22,  0.5586,  0.1347,     5,  148.6,  0.5746,  0.3302
 2013,    12,  23,  0.3052,  0.0552,     5,  145.2,  0.3102,  0.0962
 2013,    12,  24,  0.1463,  0.1608,     6,  182.7,  0.2174,  0.0473
 2013,    12,  25,  0.3179,  0.1778,     5,  164.2,  0.3643,  0.1327
 2013,    12,  26,  0.4582,  0.3084,     5,  168.9,  0.5523,  0.3050
 2013,    12,  27,  0.5809,  0.5482,     5,  178.3,  0.7987,  0.6380
 2013,    12,  28,  0.6038,  0.6617,     6,  182.6,  0.8957,  0.8024
 2013,    12,  29,  0.2900,  0.4831,     6,  194.0,  0.5635,  0.3175
 2013,    12,  30, -0.0581,  0.4268,     7,  232.8,  0.4307,  0.1855
 2013,    12,  31, -0.0359,  0.1791,     7,  236.3,  0.1827,  0.0334
 2014,     1,   1, -0.0330,  0.1417,     7,  238.1,  0.1455,  0.0212
 2014,     1,   2, -0.0336,  0.0858,     7,  246.4,  0.0921,  0.0085
 2014,     1,   3, -0.2416,  0.1774,     8,  278.7,  0.2997,  0.0898
 2014,     1,   4, -0.4232,  0.1680,     8,  293.3,  0.4554,  0.2073
 2014,     1,   5, -0.6046, -0.0486,     1,  319.6,  0.6065,  0.3679
 2014,     1,   6, -0.6554, -0.0786,     1,  321.8,  0.6601,  0.4357
 2014,     1,   7, -0.6449, -0.1775,     1,  330.4,  0.6689,  0.4474
 2014,     1,   8, -0.3635, -0.1174,     1,  332.9,  0.3820,  0.1459
 2014,     1,   9, -0.2462, -0.3971,     2,   13.2,  0.4672,  0.2183
 2014,     1,  10, -0.1742, -0.6436,     2,   29.9,  0.6668,  0.4446
 2014,     1,  11,  0.0129, -0.4653,     3,   46.6,  0.4655,  0.2167
 2014,     1,  12,  0.4018, -0.1052,     4,  120.3,  0.4153,  0.1725
 2014,     1,  13,  0.5425, -0.1131,     4,  123.2,  0.5542,  0.3071
 2014,     1,  14,  0.6216,  0.1499,     5,  148.6,  0.6394,  0.4089
 2014,     1,  15,  0.5181,  0.3350,     5,  167.9,  0.6170,  0.3807
 2014,     1,  16,  0.4492,  0.6522,     6,  190.4,  0.7920,  0.6272
 2014,     1,  17,  0.3466,  0.7468,     6,  200.1,  0.8233,  0.6779
 2014,     1,  18,  0.0486,  0.6992,     6,  221.0,  0.7009,  0.4913
 2014,     1,  19, -0.0268,  1.0159,     7,  226.5,  1.0163,  1.0328
 2014,     1,  20,  0.1094,  1.3443,     6,  220.3,  1.3488,  1.8192
 2014,     1,  21,  0.0529,  1.6546,     6,  223.2,  1.6554,  2.7404
 2014,     1,  22, -0.2743,  1.6052,     7,  234.7,  1.6284,  2.6518
 2014,     1,  23, -0.5145,  1.9388,     7,  239.9,  2.0059,  4.0235
 2014,     1,  24, -0.7251,  2.0900,     7,  244.1,  2.2122,  4.8938
 2014,     1,  25, -0.8050,  1.9328,     7,  247.6,  2.0938,  4.3839
 2014,     1,  26, -0.9406,  1.7410,     7,  253.4,  1.9788,  3.9157
 2014,     1,  27, -0.7860,  1.2370,     7,  257.4,  1.4656,  2.1480
 2014,     1,  28, -0.4807,  1.0607,     7,  249.4,  1.1646,  1.3562
 2014,     1,  29, -0.1785,  1.0871,     7,  234.3,  1.1017,  1.2137
 2014,     1,  30, -0.2698,  0.8618,     7,  242.4,  0.9030,  0.8154
 2014,     1,  31, -0.4918,  0.7836,     7,  257.1,  0.9251,  0.8558
 2014,     2,   1, -1.0289,  0.8985,     8,  273.9,  1.3660,  1.8659
 2014,     2,   2, -0.8601,  0.8333,     8,  270.9,  1.1975,  1.4341
 2014,     2,   3, -0.6170,  0.6982,     7,  266.5,  0.9317,  0.8681
 2014,     2,   4, -0.4604,  0.1841,     8,  293.2,  0.4958,  0.2458
 2014,     2,   5, -0.2582, -0.3350,     2,    7.4,  0.4229,  0.1789
 2014,     2,   6,  0.0219, -0.2192,     3,   50.7,  0.2203,  0.0485
 2014,     2,   7,  0.5050, -0.1206,     4,  121.6,  0.5192,  0.2696
 2014,     2,   8,  0.5660,  0.0047,     5,  135.5,  0.5660,  0.3204
 2014,     2,   9,  0.6804, -0.0516,     4,  130.7,  0.6823,  0.4656
 2014,     2,  10,  0.7971,  0.0565,     5,  139.1,  0.7991,  0.6385
 2014,     2,  11,  0.7847,  0.0005,     5,  135.0,  0.7847,  0.6158
 2014,     2,  12,  0.7996, -0.1478,     4,  124.5,  0.8131,  0.6612
 2014,     2,  13,  0.6027,  0.0386,     5,  138.7,  0.6039,  0.3647
 2014,     2,  14,  0.5300,  0.2342,     5,  158.8,  0.5794,  0.3357
 2014,     2,  15,  0.3725,  0.6367,     6,  194.7,  0.7377,  0.5442
 2014,     2,  16,  0.1502,  1.1054,     6,  217.3,  1.1156,  1.2445
 2014,     2,  17, -0.0630,  1.5846,     7,  227.3,  1.5859,  2.5149
 2014,     2,  18,  0.0245,  1.6876,     6,  224.2,  1.6878,  2.8487
 2014,     2,  19, -0.0039,  1.6656,     7,  225.1,  1.6656,  2.7741
 2014,     2,  20, -0.2120,  1.3762,     7,  233.8,  1.3924,  1.9388
 2014,     2,  21, -0.5124,  1.3800,     7,  245.4,  1.4721,  2.1669
 2014,     2,  22, -0.9497,  1.2025,     7,  263.3,  1.5323,  2.3479
 2014,     2,  23, -1.4417,  1.0365,     8,  279.3,  1.7757,  3.1530
 2014,     2,  24, -1.8742,  1.1141,     8,  284.3,  2.1803,  4.7538
 2014,     2,  25, -2.1819,  1.2502,     8,  285.2,  2.5147,  6.3236
 2014,     2,  26, -2.4298,  1.3364,     8,  286.2,  2.7731,  7.6898
 2014,     2,  27, -2.4505,  1.2386,     8,  288.2,  2.7457,  7.5391
 2014,     2,  28, -2.2435,  1.2672,     8,  285.5,  2.5766,  6.6389
 2014,     3,   1, -1.7205,  1.0926,     8,  282.6,  2.0381,  4.1539
 2014,     3,   2, -1.5497,  1.0106,     8,  281.9,  1.8501,  3.4228
 2014,     3,   3, -1.6406,  1.1772,     8,  279.3,  2.0193,  4.0774
 2014,     3,   4, -1.8701,  1.4581,     8,  277.1,  2.3713,  5.6232
 2014,     3,   5, -2.0018,  1.3807,     8,  280.4,  2.4318,  5.9138
 2014,     3,   6, -2.1610,  1.1223,     8,  287.6,  2.4351,  5.9296
 2014,     3,   7, -2.2864,  0.8777,     8,  294.0,  2.4491,  5.9979
 2014,     3,   8, -2.5268,  0.5815,     8,  302.0,  2.5928,  6.7228
 2014,     3,   9, -2.5003,  0.3621,     8,  306.8,  2.5264,  6.3825
 2014,     3,  10, -2.5345, -0.0180,     1,  315.4,  2.5346,  6.4240
 2014,     3,  11, -2.3507, -0.2331,     1,  320.7,  2.3622,  5.5801
 2014,     3,  12, -1.9133, -0.5275,     1,  330.4,  1.9847,  3.9390
 2014,     3,  13, -1.4215, -0.7383,     1,  342.4,  1.6017,  2.5656
 2014,     3,  14, -1.1921, -0.7390,     1,  346.8,  1.4025,  1.9671
 2014,     3,  15, -0.7411, -0.8497,     2,    3.9,  1.1275,  1.2712
 2014,     3,  16, -0.5364, -0.8116,     2,   11.5,  0.9728,  0.9463
 2014,     3,  17, -0.3844, -0.9519,     2,   23.0,  1.0266,  1.0539
 2014,     3,  18, -0.3784, -0.9741,     2,   23.8,  1.0450,  1.0921
 2014,     3,  19, -0.3516, -0.7593,     2,   20.2,  0.8367,  0.7001
 2014,     3,  20, -0.3691, -0.4836,     2,    7.6,  0.6084,  0.3701
 2014,     3,  21, -0.3420, -0.6737,     2,   18.1,  0.7555,  0.5708
 2014,     3,  22, -0.4793, -0.7869,     2,   13.7,  0.9214,  0.8490
 2014,     3,  23, -0.7802, -0.8652,     2,    3.0,  1.1650,  1.3573
 2014,     3,  24, -0.7466, -0.8004,     2,    2.0,  1.0946,  1.1981
 2014,     3,  25, -0.7099, -0.7213,     2,    0.5,  1.0120,  1.0242
 2014,     3,  26, -0.8990, -0.7896,     1,  356.3,  1.1965,  1.4316
 2014,     3,  27, -0.7504, -0.9328,     2,    6.2,  1.1972,  1.4333
 2014,     3,  28, -0.5062, -1.1787,     2,   21.8,  1.2828,  1.6455
 2014,     3,  29, -0.4405, -1.2077,     2,   25.0,  1.2855,  1.6524
 2014,     3,  30, -0.2136, -1.1645,     2,   34.6,  1.1839,  1.4017
 2014,     3,  31,  0.5016, -1.3705,     3,   65.1,  1.4594,  2.1300
 2014,     4,   1,  1.4715, -1.6704,     3,   86.4,  2.2261,  4.9555
 2014,     4,   2,  1.4830, -1.7780,     3,   84.8,  2.3153,  5.3605
 2014,     4,   3,  1.7065, -1.5703,     4,   92.4,  2.3190,  5.3780
 2014,     4,   4,  2.0127, -1.2491,     4,  103.2,  2.3688,  5.6113
 2014,     4,   5,  2.1617, -0.8899,     4,  112.6,  2.3377,  5.4650
 2014,     4,   6,  2.0712, -0.2913,     4,  127.0,  2.0915,  4.3745
 2014,     4,   7,  2.0033,  0.1634,     5,  139.7,  2.0099,  4.0398
 2014,     4,   8,  1.9661,  0.4669,     5,  148.4,  2.0207,  4.0834
 2014,     4,   9,  1.9549,  0.7692,     5,  156.5,  2.1008,  4.4134
 2014,     4,  10,  1.6577,  0.9156,     5,  163.9,  1.8938,  3.5864
 2014,     4,  11,  1.4361,  0.9986,     5,  169.8,  1.7492,  3.0597
 2014,     4,  12,  1.1584,  0.9543,     5,  174.5,  1.5009,  2.2527
 2014,     4,  13,  1.0758,  1.0046,     5,  178.0,  1.4719,  2.1666
 2014,     4,  14,  0.9333,  1.0999,     6,  184.7,  1.4425,  2.0809
 2014,     4,  15,  0.6952,  1.2077,     6,  195.1,  1.3935,  1.9420
 2014,     4,  16,  0.6359,  1.2303,     6,  197.7,  1.3849,  1.9179
 2014,     4,  17,  0.5773,  1.1998,     6,  199.3,  1.3314,  1.7727
 2014,     4,  18,  0.6229,  0.9295,     6,  191.2,  1.1190,  1.2521
 2014,     4,  19,  0.8318,  0.8508,     6,  180.6,  1.1898,  1.4156
 2014,     4,  20,  0.8495,  0.7497,     5,  176.4,  1.1330,  1.2837
 2014,     4,  21,  0.6029,  0.7526,     6,  186.3,  0.9643,  0.9298
 2014,     4,  22,  0.3594,  0.7411,     6,  199.1,  0.8237,  0.6785
 2014,     4,  23,  0.3383,  0.8580,     6,  203.5,  0.9223,  0.8506
 2014,     4,  24,  0.4471,  0.7617,     6,  194.6,  0.8833,  0.7802
 2014,     4,  25,  0.3321,  0.6177,     6,  196.7,  0.7013,  0.4919
 2014,     4,  26,  0.1492,  0.5852,     6,  210.7,  0.6039,  0.3647
 2014,     4,  27,  0.0080,  0.5444,     6,  224.2,  0.5444,  0.2964
 2014,     4,  28, -0.3181,  0.7380,     7,  248.3,  0.8037,  0.6459
 2014,     4,  29, -0.6827,  0.6082,     8,  273.3,  0.9143,  0.8360
 2014,     4,  30, -0.9940,  0.3213,     8,  297.1,  1.0447,  1.0913
 2014,     5,   1, -1.0699,  0.1801,     8,  305.4,  1.0850,  1.1772
 2014,     5,   2, -1.2453,  0.1207,     8,  309.5,  1.2511,  1.5652
 2014,     5,   3, -1.4306, -0.1003,     1,  319.0,  1.4341,  2.0567
 2014,     5,   4, -1.5248, -0.8052,     1,  342.8,  1.7243,  2.9733
 2014,     5,   5, -1.6958, -1.4184,     1,  354.9,  2.2108,  4.8875
 2014,     5,   6, -1.6430, -1.6881,     2,    0.8,  2.3557,  5.5493
 2014,     5,   7, -1.4084, -1.8373,     2,    7.5,  2.3150,  5.3592
 2014,     5,   8, -1.0011, -1.8154,     2,   16.1,  2.0732,  4.2981
 2014,     5,   9, -0.2446, -1.6005,     2,   36.3,  1.6191,  2.6214
 2014,     5,  10,  0.5990, -1.4998,     3,   66.8,  1.6150,  2.6081
 2014,     5,  11,  1.1778, -1.2744,     3,   87.7,  1.7353,  3.0111
 2014,     5,  12,  1.1946, -1.1233,     4,   91.8,  1.6398,  2.6890
 2014,     5,  13,  1.1520, -0.8028,     4,  100.1,  1.4042,  1.9717
 2014,     5,  14,  1.2591, -0.6964,     4,  106.1,  1.4389,  2.0703
 2014,     5,  15,  1.1768, -0.4654,     4,  113.4,  1.2655,  1.6015
 2014,     5,  16,  0.8082, -0.3707,     4,  110.4,  0.8892,  0.7907
 2014,     5,  17,  0.5447, -0.4102,     4,   98.0,  0.6819,  0.4649
 2014,     5,  18,  0.3826, -0.4076,     3,   88.2,  0.5590,  0.3125
 2014,     5,  19,  0.1420, -0.4914,     3,   61.1,  0.5115,  0.2617
 2014,     5,  20,  0.0345, -0.3141,     3,   51.3,  0.3160,  0.0998
 2014,     5,  21,  0.0735, -0.2798,     3,   59.7,  0.2893,  0.0837
 2014,     5,  22,  0.2800, -0.3737,     3,   81.8,  0.4669,  0.2180
 2014,     5,  23,  0.3976, -0.4325,     3,   87.6,  0.5875,  0.3451
 2014,     5,  24,  0.1245, -0.5152,     3,   58.6,  0.5300,  0.2809
 2014,     5,  25, -0.1372, -0.6653,     2,   33.3,  0.6793,  0.4614
 2014,     5,  26, -0.4123, -0.8638,     2,   19.5,  0.9572,  0.9162
 2014,     5,  27, -0.3824, -1.1443,     2,   26.5,  1.2065,  1.4556
 2014,     5,  28, -0.3320, -1.4329,     2,   32.0,  1.4709,  2.1634
 2014,     5,  29,  0.1226, -1.4172,     3,   49.9,  1.4225,  2.0234
 2014,     5,  30,  0.4159, -1.3261,     3,   62.4,  1.3898,  1.9316
 2014,     5,  31,  0.4300, -1.2263,     3,   64.3,  1.2995,  1.6886
 2014,     6,   1,  0.3527, -1.0787,     3,   63.1,  1.1349,  1.2880
 2014,     6,   2,  0.3325, -1.0347,     3,   62.8,  1.0868,  1.1812
 2014,     6,   3,  0.1989, -0.8852,     3,   57.7,  0.9073,  0.8231
 2014,     6,   4,  0.0171, -0.5631,     3,   46.7,  0.5634,  0.3174
 2014,     6,   5,  0.0422, -0.5450,     3,   49.4,  0.5467,  0.2988
 2014,     6,   6,  0.1840, -0.5425,     3,   63.7,  0.5728,  0.3281
 2014,     6,   7,  0.4113, -0.7926,     3,   72.4,  0.8929,  0.7973
 2014,     6,   8,  0.7885, -0.8618,     3,   87.5,  1.1681,  1.3645
 2014,     6,   9,  1.0096, -0.5670,     4,  105.7,  1.1579,  1.3408
 2014,     6,  10,  1.4647, -0.3937,     4,  120.0,  1.5166,  2.3002
 2014,     6,  11,  2.2814, -0.2343,     4,  129.1,  2.2934,  5.2598
 2014,     6,  12,  2.5676, -0.3564,     4,  127.1,  2.5922,  6.7196
 2014,     6,  13,  2.3872, -0.6027,     4,  120.8,  2.4621,  6.0617
 2014,     6,  14,  2.1210, -0.4593,     4,  122.8,  2.1702,  4.7096
 2014,     6,  15,  2.0752, -0.2650,     4,  127.7,  2.0920,  4.3765
 2014,     6,  16,  1.9137, -0.0139,     4,  134.6,  1.9137,  3.6624
 2014,     6,  17,  1.6715,  0.2362,     5,  143.0,  1.6881,  2.8496
 2014,     6,  18,  1.3852,  0.4583,     5,  153.3,  1.4590,  2.1288
 2014,     6,  19,  1.3116,  0.6922,     5,  162.8,  1.4830,  2.1994
 2014,     6,  20,  1.1112,  0.7385,     5,  168.6,  1.3342,  1.7801
 2014,     6,  21,  0.7526,  0.7903,     6,  181.4,  1.0914,  1.1911
 2014,     6,  22,  0.3833,  0.7219,     6,  197.0,  0.8174,  0.6681
 2014,     6,  23,  0.3129,  0.7176,     6,  201.4,  0.7829,  0.6129
 2014,     6,  24,  0.2537,  0.5915,     6,  201.8,  0.6436,  0.4142
 2014,     6,  25,  0.0853,  0.4680,     6,  214.7,  0.4757,  0.2263
 2014,     6,  26, -0.1348,  0.5275,     7,  239.3,  0.5444,  0.2964
 2014,     6,  27, -0.2378,  0.6798,     7,  244.3,  0.7202,  0.5187
 2014,     6,  28, -0.1376,  0.8477,     7,  234.2,  0.8588,  0.7375
 2014,     6,  29, -0.0371,  0.5063,     7,  229.2,  0.5077,  0.2577
 2014,     6,  30, -0.1330,  0.4096,     7,  243.0,  0.4307,  0.1855
 2014,     7,   1, -0.3987,  0.3443,     8,  274.2,  0.5268,  0.2775
 2014,     7,   2, -0.2199,  0.5179,     7,  248.0,  0.5626,  0.3166
 2014,     7,   3,  0.1633,  0.4367,     6,  204.5,  0.4662,  0.2174
 2014,     7,   4,  0.4042,  0.1480,     5,  155.1,  0.4304,  0.1853
 2014,     7,   5,  0.5149, -0.0939,     4,  124.7,  0.5234,  0.2739
 2014,     7,   6,  0.7262, -0.1171,     4,  125.8,  0.7356,  0.5411
 2014,     7,   7,  1.2057, -0.1382,     4,  128.5,  1.2136,  1.4727
 2014,     7,   8,  1.4087,  0.0849,     5,  138.5,  1.4113,  1.9917
 2014,     7,   9,  1.3182,  0.4254,     5,  152.9,  1.3851,  1.9186
 2014,     7,  10,  1.2200,  0.5339,     5,  158.6,  1.3317,  1.7735
 2014,     7,  11,  1.0903,  0.8467,     5,  172.8,  1.3804,  1.9056
 2014,     7,  12,  1.0026,  0.8937,     5,  176.7,  1.3431,  1.8039
 2014,     7,  13,  0.7802,  0.9145,     6,  184.5,  1.2020,  1.4449
 2014,     7,  14,  0.4025,  0.8797,     6,  200.4,  0.9674,  0.9359
 2014,     7,  15,  0.1604,  0.7994,     6,  213.7,  0.8153,  0.6648
 2014,     7,  16,  0.2173,  0.8353,     6,  210.4,  0.8631,  0.7450
 2014,     7,  17,  0.5462,  0.8266,     6,  191.5,  0.9908,  0.9816
 2014,     7,  18,  0.6602,  0.9556,     6,  190.4,  1.1615,  1.3491
 2014,     7,  19,  0.6782,  0.9543,     6,  189.6,  1.1708,  1.3708
 2014,     7,  20,  0.5418,  0.9055,     6,  194.1,  1.0552,  1.1134
 2014,     7,  21,  0.4271,  1.0971,     6,  203.7,  1.1773,  1.3860
 2014,     7,  22,  0.2986,  1.1665,     6,  210.6,  1.2041,  1.4498
 2014,     7,  23,  0.3679,  1.2185,     6,  208.2,  1.2728,  1.6200
 2014,     7,  24,  0.2836,  1.1485,     6,  211.1,  1.1830,  1.3995
 2014,     7,  25, -0.0806,  0.8198,     7,  230.6,  0.8237,  0.6785
 2014,     7,  26, -0.6188,  0.9958,     7,  256.9,  1.1724,  1.3745
 2014,     7,  27, -0.7388,  1.3513,     7,  253.7,  1.5401,  2.3719
 2014,     7,  28, -0.8860,  1.2573,     7,  260.2,  1.5381,  2.3658
 2014,     7,  29, -0.8254,  0.8208,     8,  270.2,  1.1641,  1.3551
 2014,     7,  30, -0.8666,  0.3978,     8,  290.3,  0.9535,  0.9092
 2014,     7,  31, -0.7269,  0.0057,     8,  314.5,  0.7269,  0.5284
 2014,     8,   1, -0.7210, -0.2531,     1,  334.3,  0.7642,  0.5839
 2014,     8,   2, -0.7122, -0.7918,     2,    3.0,  1.0650,  1.1342
 2014,     8,   3, -0.7012, -0.8334,     2,    4.9,  1.0891,  1.1861
 2014,     8,   4, -0.8111, -0.7874,     1,  359.2,  1.1305,  1.2780
 2014,     8,   5, -0.9462, -0.9894,     2,    1.3,  1.3690,  1.8741
 2014,     8,   6, -0.9325, -0.9594,     2,    0.8,  1.3379,  1.7900
 2014,     8,   7, -0.8856, -0.9921,     2,    3.2,  1.3298,  1.7684
 2014,     8,   8, -0.7744, -0.9765,     2,    6.6,  1.2463,  1.5533
 2014,     8,   9, -0.7984, -0.9367,     2,    4.6,  1.2308,  1.5149
 2014,     8,  10, -0.9053, -0.9040,     1,  360.0,  1.2794,  1.6369
 2014,     8,  11, -0.7973, -0.7002,     1,  356.3,  1.0611,  1.1260
 2014,     8,  12, -0.8035, -0.7953,     1,  359.7,  1.1306,  1.2783
 2014,     8,  13, -0.8368, -0.9323,     2,    3.1,  1.2528,  1.5695
 2014,     8,  14, -1.0216, -0.9008,     1,  356.4,  1.3620,  1.8549
 2014,     8,  15, -1.1759, -0.6759,     1,  344.9,  1.3563,  1.8396
 2014,     8,  16, -1.0043, -0.6031,     1,  346.0,  1.1715,  1.3724
 2014,     8,  17, -1.1972, -0.4793,     1,  336.8,  1.2896,  1.6630
 2014,     8,  18, -1.4577, -0.5040,     1,  334.1,  1.5423,  2.3788
 2014,     8,  19, -1.4329, -0.5375,     1,  335.6,  1.5304,  2.3421
 2014,     8,  20, -1.2416, -0.5612,     1,  339.3,  1.3625,  1.8565
 2014,     8,  21, -1.3080, -0.9131,     1,  349.9,  1.5951,  2.5445
 2014,     8,  22, -1.3737, -1.2441,     1,  357.2,  1.8533,  3.4347
 2014,     8,  23, -1.1586, -1.3881,     2,    5.1,  1.8081,  3.2693
 2014,     8,  24, -1.0067, -1.5110,     2,   11.3,  1.8157,  3.2966
 2014,     8,  25, -0.8277, -1.4554,     2,   15.4,  1.6743,  2.8033
 2014,     8,  26, -0.5737, -1.2861,     2,   21.0,  1.4083,  1.9833
 2014,     8,  27, -0.0730, -1.2277,     2,   41.6,  1.2298,  1.5125
 2014,     8,  28,  0.1458, -1.0119,     3,   53.2,  1.0223,  1.0451
 2014,     8,  29,  0.2031, -0.6908,     3,   61.4,  0.7200,  0.5184
 2014,     8,  30,  0.1929, -0.6431,     3,   61.7,  0.6714,  0.4508
 2014,     8,  31,  0.4426, -0.6170,     3,   80.7,  0.7594,  0.5766
 2014,     9,   1,  0.8513, -0.6180,     4,   99.0,  1.0520,  1.1066
 2014,     9,   2,  1.0089, -0.8163,     4,   96.0,  1.2978,  1.6843
 2014,     9,   3,  0.9739, -0.7539,     4,   97.3,  1.2316,  1.5168
 2014,     9,   4,  1.1025, -0.7041,     4,  102.4,  1.3082,  1.7113
 2014,     9,   5,  1.2097, -0.5068,     4,  112.3,  1.3115,  1.7201
 2014,     9,   6,  0.9312, -0.3607,     4,  113.8,  0.9986,  0.9973
 2014,     9,   7,  0.5921, -0.2893,     4,  109.0,  0.6590,  0.4343
 2014,     9,   8,  0.2236, -0.0488,     4,  122.7,  0.2289,  0.0524
 2014,     9,   9,  0.2019,  0.0411,     5,  146.5,  0.2061,  0.0425
 2014,     9,  10,  0.1789, -0.0805,     4,  110.8,  0.1962,  0.0385
 2014,     9,  11, -0.0518, -0.1514,     2,   26.1,  0.1600,  0.0256
 2014,     9,  12, -0.4862, -0.1564,     1,  332.8,  0.5107,  0.2608
 2014,     9,  13, -0.5721, -0.1051,     1,  325.4,  0.5816,  0.3383
 2014,     9,  14, -0.6045, -0.0903,     1,  323.5,  0.6112,  0.3736
 2014,     9,  15, -0.5444,  0.1540,     8,  299.2,  0.5658,  0.3201
 2014,     9,  16, -0.4664,  0.0599,     8,  307.7,  0.4702,  0.2211
 2014,     9,  17, -0.4648, -0.1074,     1,  328.0,  0.4770,  0.2276
 2014,     9,  18, -0.3207, -0.2538,     1,  353.4,  0.4090,  0.1673
 2014,     9,  19, -0.0339, -0.3539,     2,   39.5,  0.3555,  0.1264
 2014,     9,  20,  0.2029, -0.5644,     3,   64.8,  0.5998,  0.3597
 2014,     9,  21,  0.2020, -0.4417,     3,   69.6,  0.4857,  0.2359
 2014,     9,  22,  0.2136, -0.1887,     4,   93.6,  0.2850,  0.0812
 2014,     9,  23,  0.2616, -0.2413,     4,   92.3,  0.3559,  0.1267
 2014,     9,  24,  0.3045, -0.2809,     4,   92.3,  0.4143,  0.1717
 2014,     9,  25,  0.0943, -0.1850,     3,   72.0,  0.2076,  0.0431
 2014,     9,  26,  0.2527,  0.0864,     5,  153.9,  0.2671,  0.0714
 2014,     9,  27,  0.3718,  0.3401,     5,  177.4,  0.5039,  0.2539
 2014,     9,  28,  0.5406,  0.1896,     5,  154.3,  0.5729,  0.3282
 2014,     9,  29,  0.6291,  0.2016,     5,  152.8,  0.6606,  0.4364
 2014,     9,  30,  0.5724,  0.2715,     5,  160.4,  0.6335,  0.4014
 2014,    10,   1,  0.7515,  0.2259,     5,  151.7,  0.7847,  0.6158
 2014,    10,   2,  0.7917,  0.3936,     5,  161.4,  0.8841,  0.7817
 2014,    10,   3,  1.1049,  0.3697,     5,  153.5,  1.1651,  1.3576
 2014,    10,   4,  1.1557,  0.4667,     5,  157.0,  1.2463,  1.5534
 2014,    10,   5,  0.8293,  0.5828,     5,  170.1,  1.0136,  1.0274
 2014,    10,   6,  0.7035,  0.8754,     6,  186.2,  1.1230,  1.2612
 2014,    10,   7,  0.7317,  0.9405,     6,  187.1,  1.1916,  1.4199
 2014,    10,   8,  0.6240,  0.8328,     6,  188.2,  1.0406,  1.0829
 2014,    10,   9,  0.4242,  0.7010,     6,  193.8,  0.8193,  0.6713
 2014,    10,  10,  0.2594,  0.6548,     6,  203.4,  0.7043,  0.4961
 2014,    10,  11,  0.1283,  0.5426,     6,  211.7,  0.5576,  0.3109
 2014,    10,  12, -0.3401,  0.3192,     8,  271.8,  0.4664,  0.2175
 2014,    10,  13, -0.5872,  0.2515,     8,  291.8,  0.6388,  0.4080
 2014,    10,  14, -0.7543,  0.0609,     8,  310.4,  0.7567,  0.5726
 2014,    10,  15, -0.8375, -0.3009,     1,  334.8,  0.8900,  0.7920
 2014,    10,  16, -1.0380, -0.5512,     1,  343.0,  1.1753,  1.3812
 2014,    10,  17, -1.1074, -0.8253,     1,  351.7,  1.3811,  1.9074
 2014,    10,  18, -1.0088, -0.8767,     1,  356.0,  1.3365,  1.7863
 2014,    10,  19, -0.7043, -0.9074,     2,    7.2,  1.1487,  1.3194
 2014,    10,  20, -0.5065, -0.7633,     2,   11.4,  0.9161,  0.8392
 2014,    10,  21, -0.5467, -0.5858,     2,    2.0,  0.8013,  0.6420
 2014,    10,  22, -0.4987, -0.4821,     1,  359.0,  0.6937,  0.4812
 2014,    10,  23, -0.3237, -0.4540,     2,    9.5,  0.5576,  0.3109
 2014,    10,  24, -0.2733, -0.5700,     2,   19.4,  0.6321,  0.3996
 2014,    10,  25, -0.2184, -0.6009,     2,   25.0,  0.6393,  0.4087
 2014,    10,  26,  0.0260, -0.3631,     3,   49.1,  0.3640,  0.1325
 2014,    10,  27,  0.3100, -0.2423,     4,   97.0,  0.3935,  0.1548
 2014,    10,  28,  0.4178, -0.2141,     4,  107.9,  0.4695,  0.2204
 2014,    10,  29,  0.3578, -0.0470,     4,  127.5,  0.3609,  0.1303
 2014,    10,  30,  0.3083, -0.1525,     4,  108.7,  0.3440,  0.1183
 2014,    10,  31,  0.3357, -0.2466,     4,   98.7,  0.4166,  0.1735
 2014,    11,   1,  0.6119, -0.2893,     4,  109.7,  0.6768,  0.4581
 2014,    11,   2,  0.6258, -0.1528,     4,  121.3,  0.6442,  0.4149
 2014,    11,   3,  0.5810, -0.1393,     4,  121.5,  0.5975,  0.3570
 2014,    11,   4,  0.6428, -0.0146,     4,  133.7,  0.6430,  0.4135
 2014,    11,   5,  0.6016,  0.1554,     5,  149.5,  0.6214,  0.3861
 2014,    11,   6,  0.2352,  0.3781,     6,  193.1,  0.4453,  0.1983
 2014,    11,   7, -0.1835,  0.4652,     7,  246.5,  0.5000,  0.2500
 2014,    11,   8, -0.6732,  0.3521,     8,  287.4,  0.7597,  0.5772
 2014,    11,   9, -1.1521,  0.3832,     8,  296.6,  1.2142,  1.4742
 2014,    11,  10, -1.2536,  0.2252,     8,  304.8,  1.2737,  1.6223
 2014,    11,  11, -1.3720, -0.0389,     1,  316.6,  1.3725,  1.8838
 2014,    11,  12, -1.2854, -0.2305,     1,  325.2,  1.3059,  1.7054
 2014,    11,  13, -1.2978, -0.2825,     1,  327.3,  1.3282,  1.7641
 2014,    11,  14, -1.0390, -0.3198,     1,  332.1,  1.0871,  1.1818
 2014,    11,  15, -0.8586, -0.1332,     1,  323.8,  0.8689,  0.7549
 2014,    11,  16, -0.7254, -0.3061,     1,  337.9,  0.7873,  0.6199
 2014,    11,  17, -0.5657, -0.6144,     2,    2.4,  0.8352,  0.6975
 2014,    11,  18, -0.2955, -0.9546,     2,   27.8,  0.9993,  0.9986
 2014,    11,  19, -0.0812, -0.9981,     2,   40.3,  1.0014,  1.0029
 2014,    11,  20,  0.2471, -1.1137,     3,   57.5,  1.1408,  1.3014
 2014,    11,  21,  0.6599, -1.4282,     3,   69.8,  1.5733,  2.4753
 2014,    11,  22,  0.8262, -1.5140,     3,   73.6,  1.7248,  2.9749
 2014,    11,  23,  0.8207, -1.3807,     3,   75.7,  1.6062,  2.5798
 2014,    11,  24,  0.5693, -1.4859,     3,   66.0,  1.5912,  2.5320
 2014,    11,  25,  0.9193, -1.3764,     3,   78.7,  1.6551,  2.7395
 2014,    11,  26,  1.3655, -1.3529,     4,   90.3,  1.9222,  3.6950
 2014,    11,  27,  1.5697, -1.1215,     4,   99.5,  1.9291,  3.7216
 2014,    11,  28,  1.7209, -0.7629,     4,  111.1,  1.8824,  3.5434
 2014,    11,  29,  2.0754, -0.2655,     4,  127.7,  2.0923,  4.3777
 2014,    11,  30,  2.2194,  0.4573,     5,  146.6,  2.2661,  5.1350
 2014,    12,   1,  1.9623,  0.8701,     5,  158.9,  2.1465,  4.6074
 2014,    12,   2,  1.7418,  0.9023,     5,  162.4,  1.9617,  3.8481
 2014,    12,   3,  1.3508,  1.0341,     5,  172.4,  1.7012,  2.8942
 2014,    12,   4,  0.9135,  1.2346,     6,  188.5,  1.5358,  2.3588
 2014,    12,   5,  0.6978,  1.5248,     6,  200.4,  1.6769,  2.8120
 2014,    12,   6,  0.6146,  1.8067,     6,  206.2,  1.9084,  3.6421
 2014,    12,   7,  0.3339,  1.7011,     6,  213.9,  1.7335,  3.0052
 2014,    12,   8, -0.2019,  1.4546,     7,  232.9,  1.4685,  2.1566
 2014,    12,   9, -0.5354,  1.2337,     7,  248.5,  1.3448,  1.8085
 2014,    12,  10, -0.7807,  0.7881,     7,  269.7,  1.1093,  1.2306
 2014,    12,  11, -0.8913,  0.6760,     8,  277.8,  1.1186,  1.2513
 2014,    12,  12, -0.9871,  0.5089,     8,  287.7,  1.1106,  1.2333
 2014,    12,  13, -0.8706,  0.4160,     8,  289.5,  0.9649,  0.9311
 2014,    12,  14, -0.4804,  0.2816,     8,  284.6,  0.5568,  0.3101
 2014,    12,  15, -0.1996,  0.1837,     8,  272.4,  0.2713,  0.0736
 2014,    12,  16, -0.0704, -0.0144,     1,  326.6,  0.0719,  0.0052
 2014,    12,  17,  0.1190, -0.6244,     3,   55.8,  0.6357,  0.4041
 2014,    12,  18,  0.2942, -0.8806,     3,   63.5,  0.9284,  0.8620
 2014,    12,  19,  0.6064, -0.8739,     3,   79.8,  1.0637,  1.1314
 2014,    12,  20,  0.8197, -0.8388,     3,   89.3,  1.1729,  1.3756
 2014,    12,  21,  1.0339, -0.9564,     4,   92.2,  1.4084,  1.9837
 2014,    12,  22,  0.9800, -1.1518,     3,   85.4,  1.5122,  2.2868
 2014,    12,  23,  0.7903, -1.3573,     3,   75.2,  1.5707,  2.4670
 2014,    12,  24,  0.6099, -1.3108,     3,   70.0,  1.4457,  2.0902
 2014,    12,  25,  0.8187, -0.9402,     3,   86.0,  1.2467,  1.5542
 2014,    12,  26,  1.1105, -0.5913,     4,  107.0,  1.2581,  1.5829
 2014,    12,  27,  1.0601, -0.5648,     4,  107.0,  1.2011,  1.4427
 2014,    12,  28,  1.0804, -0.3311,     4,  118.0,  1.1300,  1.2768
 2014,    12,  29,  1.1296, -0.3717,     4,  116.8,  1.1891,  1.4141
 2014,    12,  30,  1.2931,  0.0760,     5,  138.4,  1.2954,  1.6780
 2014,    12,  31,  1.2644,  0.2374,     5,  145.6,  1.2865,  1.6551
 2015,     1,   1,  1.2681,  0.3082,     5,  148.7,  1.3050,  1.7030
 2015,     1,   2,  1.1134,  0.2991,     5,  150.0,  1.1529,  1.3291
 2015,     1,   3,  0.8500,  0.6949,     5,  174.3,  1.0979,  1.2053
 2015,     1,   4,  0.8856,  0.9954,     6,  183.3,  1.3323,  1.7749
 2015,     1,   5,  1.0826,  1.4955,     6,  189.1,  1.8462,  3.4086
 2015,     1,   6,  1.3044,  1.5949,     6,  185.7,  2.0604,  4.2452
 2015,     1,   7,  1.4139,  1.6497,     6,  184.4,  2.1727,  4.7207
 2015,     1,   8,  1.3264,  1.9107,     6,  190.2,  2.3260,  5.4102
 2015,     1,   9,  1.1841,  2.1840,     6,  196.5,  2.4844,  6.1720
 2015,     1,  10,  0.8151,  2.3038,     6,  205.5,  2.4437,  5.9717
 2015,     1,  11,  0.3650,  2.1919,     6,  215.5,  2.2221,  4.9375
 2015,     1,  12, -0.0685,  1.6736,     7,  227.3,  1.6750,  2.8057
 2015,     1,  13, -0.4401,  1.1910,     7,  245.3,  1.2697,  1.6122
 2015,     1,  14, -0.7211,  0.9034,     7,  263.6,  1.1559,  1.3362
 2015,     1,  15, -1.0915,  0.6655,     8,  283.6,  1.2784,  1.6343
 2015,     1,  16, -1.3799,  0.4303,     8,  297.7,  1.4454,  2.0893
 2015,     1,  17, -1.3560,  0.0764,     8,  311.8,  1.3582,  1.8446
 2015,     1,  18, -1.2696,  0.1282,     8,  309.2,  1.2761,  1.6283
 2015,     1,  19, -0.9889,  0.2488,     8,  300.9,  1.0198,  1.0399
 2015,     1,  20, -0.9434,  0.4617,     8,  288.9,  1.0503,  1.1031
 2015,     1,  21, -0.9983,  0.4962,     8,  288.6,  1.1148,  1.2428
 2015,     1,  22, -1.0688,  0.4848,     8,  290.6,  1.1736,  1.3774
 2015,     1,  23, -0.9982,  0.1165,     8,  308.3,  1.0050,  1.0100
 2015,     1,  24, -0.9686, -0.0506,     1,  318.0,  0.9699,  0.9407
 2015,     1,  25, -0.9551, -0.0034,     1,  315.2,  0.9551,  0.9123
 2015,     1,  26, -0.7256,  0.0010,     8,  314.9,  0.7256,  0.5264
 2015,     1,  27, -0.3885,  0.3234,     8,  275.2,  0.5054,  0.2555
 2015,     1,  28, -0.0861,  0.5204,     7,  234.4,  0.5274,  0.2782
 2015,     1,  29,  0.0341,  0.3831,     6,  219.9,  0.3846,  0.1479
 2015,     1,  30, -0.0954,  0.6421,     7,  233.5,  0.6491,  0.4213
 2015,     1,  31, -0.1374,  0.7275,     7,  235.7,  0.7404,  0.5481
 2015,     2,   1, -0.3491,  0.6225,     7,  254.3,  0.7137,  0.5094
 2015,     2,   2, -0.6092,  0.9857,     7,  256.7,  1.1588,  1.3428
 2015,     2,   3, -0.8551,  1.2814,     7,  258.7,  1.5406,  2.3733
 2015,     2,   4, -0.8733,  1.0636,     7,  264.4,  1.3762,  1.8940
 2015,     2,   5, -1.4009,  0.5658,     8,  293.0,  1.5109,  2.2827
 2015,     2,   6, -1.7080,  0.1811,     8,  308.9,  1.7175,  2.9499
 2015,     2,   7, -1.6306, -0.0777,     1,  317.7,  1.6324,  2.6648
 2015,     2,   8, -1.5110, -0.1474,     1,  320.6,  1.5182,  2.3049
 2015,     2,   9, -1.3644,  0.1700,     8,  307.9,  1.3749,  1.8905
 2015,     2,  10, -1.1791,  0.4447,     8,  294.3,  1.2602,  1.5880
 2015,     2,  11, -0.9109,  0.5936,     8,  281.9,  1.0873,  1.1821
 2015,     2,  12, -0.7388,  0.7761,     7,  268.6,  1.0715,  1.1481
 2015,     2,  13, -0.3740,  0.7049,     7,  252.9,  0.7980,  0.6367
 2015,     2,  14, -0.4387,  0.5743,     7,  262.4,  0.7227,  0.5223
 2015,     2,  15, -0.4301,  0.3694,     8,  274.3,  0.5669,  0.3214
 2015,     2,  16, -0.2855,  0.1626,     8,  285.3,  0.3286,  0.1080
 2015,     2,  17, -0.0275, -0.0623,     2,   21.2,  0.0681,  0.0046
 2015,     2,  18, -0.0909, -0.1580,     2,   15.1,  0.1823,  0.0332
 2015,     2,  19, -0.1345,  0.1427,     7,  268.3,  0.1961,  0.0385
 2015,     2,  20, -0.3776,  0.3610,     8,  271.3,  0.5225,  0.2730
 2015,     2,  21, -0.8888,  0.4810,     8,  286.6,  1.0106,  1.0213
 2015,     2,  22, -1.0071,  0.6456,     8,  282.3,  1.1963,  1.4310
 2015,     2,  23, -0.9504,  0.4846,     8,  288.0,  1.0668,  1.1381
 2015,     2,  24, -0.7584,  0.4133,     8,  286.4,  0.8637,  0.7460
 2015,     2,  25, -0.5151,  0.2093,     8,  292.9,  0.5560,  0.3091
 2015,     2,  26, -0.3961,  0.1221,     8,  297.9,  0.4144,  0.1718
 2015,     2,  27, -0.0923, -0.3145,     2,   28.6,  0.3278,  0.1074
 2015,     2,  28,  0.1361, -0.3840,     3,   64.5,  0.4074,  0.1659
 2015,     3,   1,  0.2056, -0.1858,     4,   92.9,  0.2771,  0.0768
 2015,     3,   2,  0.7487, -0.0424,     4,  131.8,  0.7499,  0.5623
 2015,     3,   3,  1.0130,  0.1870,     5,  145.5,  1.0301,  1.0611
 2015,     3,   4,  1.1054,  0.3678,     5,  153.4,  1.1650,  1.3573
 2015,     3,   5,  1.1118,  0.3627,     5,  153.1,  1.1694,  1.3676
 2015,     3,   6,  1.3250,  0.5085,     5,  156.0,  1.4192,  2.0142
 2015,     3,   7,  1.4546,  0.8707,     5,  165.9,  1.6953,  2.8741
 2015,     3,   8,  1.1411,  1.3292,     6,  184.4,  1.7518,  3.0689
 2015,     3,   9,  0.8810,  1.9325,     6,  200.5,  2.1238,  4.5105
 2015,     3,  10,  0.5248,  2.0917,     6,  210.9,  2.1565,  4.6505
 2015,     3,  11,  0.1390,  2.3887,     6,  221.7,  2.3928,  5.7253
 2015,     3,  12, -0.2672,  2.7771,     7,  230.5,  2.7899,  7.7835
 2015,     3,  13, -0.6747,  2.8219,     7,  238.4,  2.9014,  8.4184
 2015,     3,  14, -1.5271,  2.9232,     7,  252.6,  3.2981, 10.8772
 2015,     3,  15, -2.6716,  2.7039,     7,  269.7,  3.8011, 14.4481
 2015,     3,  16, -3.4142,  2.7256,     8,  276.4,  4.3687, 19.0859
 2015,     3,  17, -3.6298,  2.2913,     8,  282.7,  4.2925, 18.4258
 2015,     3,  18, -3.5169,  1.6759,     8,  289.5,  3.8958, 15.1770
 2015,     3,  19, -3.3156,  1.1788,     8,  295.4,  3.5189, 12.3826
 2015,     3,  20, -3.3761,  0.9137,     8,  299.9,  3.4976, 12.2332
 2015,     3,  21, -2.9525,  0.7084,     8,  301.5,  3.0363,  9.2192
 2015,     3,  22, -2.6641,  0.4792,     8,  304.8,  2.7068,  7.3269
 2015,     3,  23, -2.3878,  0.1508,     8,  311.4,  2.3926,  5.7244
 2015,     3,  24, -2.3681, -0.2947,     1,  322.1,  2.3863,  5.6946
 2015,     3,  25, -2.3039, -0.8273,     1,  334.8,  2.4480,  5.9926
 2015,     3,  26, -1.8614, -1.0542,     1,  344.5,  2.1392,  4.5760
 2015,     3,  27, -1.5226, -1.2041,     1,  353.3,  1.9411,  3.7680
 2015,     3,  28, -1.1298, -1.4825,     2,    7.7,  1.8639,  3.4743
 2015,     3,  29, -0.9113, -1.9015,     2,   19.4,  2.1086,  4.4462
 2015,     3,  30, -0.4828, -2.1280,     2,   32.2,  2.1820,  4.7613
 2015,     3,  31,  0.1141, -1.9621,     3,   48.3,  1.9654,  3.8629
 2015,     4,   1,  0.8300, -1.8309,     3,   69.4,  2.0103,  4.0413
 2015,     4,   2,  1.2023, -1.3055,     3,   87.6,  1.7748,  3.1499
 2015,     4,   3,  1.4016, -1.0258,     4,   98.8,  1.7369,  3.0168
 2015,     4,   4,  1.5226, -0.7394,     4,  109.1,  1.6926,  2.8651
 2015,     4,   5,  1.6837, -0.7924,     4,  109.8,  1.8609,  3.4628
 2015,     4,   6,  1.6937, -0.7094,     4,  112.3,  1.8362,  3.3717
 2015,     4,   7,  1.3671, -0.5994,     4,  111.3,  1.4928,  2.2283
 2015,     4,   8,  0.9849, -0.6178,     4,  102.9,  1.1626,  1.3517
 2015,     4,   9,  0.6740, -0.5739,     4,   94.6,  0.8852,  0.7836
 2015,     4,  10,  0.3335, -0.5116,     3,   78.1,  0.6107,  0.3730
 2015,     4,  11,  0.2725, -0.6229,     3,   68.6,  0.6799,  0.4622
 2015,     4,  12,  0.2476, -0.5642,     3,   68.7,  0.6162,  0.3797
 2015,     4,  13,  0.3692, -0.4975,     3,   81.6,  0.6195,  0.3838
 2015,     4,  14,  0.1349, -0.7951,     3,   54.6,  0.8065,  0.6504
 2015,     4,  15, -0.0546, -0.8206,     2,   41.2,  0.8224,  0.6764
 2015,     4,  16, -0.0026, -0.7557,     2,   44.8,  0.7557,  0.5711
 2015,     4,  17,  0.5763, -0.8948,     3,   77.8,  1.0643,  1.1327
 2015,     4,  18,  0.7243, -0.9285,     3,   83.0,  1.1776,  1.3867
 2015,     4,  19,  0.6409, -0.8759,     3,   81.2,  1.0853,  1.1779
 2015,     4,  20,  0.4808, -0.6794,     3,   80.3,  0.8323,  0.6927
 2015,     4,  21,  0.5009, -0.4175,     4,   95.2,  0.6521,  0.4252
 2015,     4,  22,  0.4250, -0.3513,     4,   95.4,  0.5514,  0.3040
 2015,     4,  23,  0.2989, -0.2521,     4,   94.9,  0.3910,  0.1529
 2015,     4,  24,  0.2733, -0.0698,     4,  120.7,  0.2821,  0.0796
 2015,     4,  25,  0.2741, -0.0143,     4,  132.0,  0.2745,  0.0753
 2015,     4,  26, -0.0129,  0.0329,     7,  246.5,  0.0354,  0.0012
 2015,     4,  27, -0.1449,  0.1095,     8,  277.9,  0.1816,  0.0330
 2015,     4,  28, -0.2342,  0.1716,     8,  278.8,  0.2904,  0.0843
 2015,     4,  29, -0.1068,  0.0157,     8,  306.6,  0.1080,  0.0117
 2015,     4,  30, -0.0224, -0.0635,     2,   25.6,  0.0673,  0.0045
 2015,     5,   1,  0.3119, -0.0085,     4,  133.4,  0.3120,  0.0973
 2015,     5,   2,  0.4705,  0.1360,     5,  151.1,  0.4897,  0.2398
 2015,     5,   3,  0.3536,  0.4138,     6,  184.5,  0.5443,  0.2962
 2015,     5,   4,  0.0252,  0.6754,     6,  222.9,  0.6759,  0.4568
 2015,     5,   5,  0.1081,  0.3650,     6,  208.5,  0.3807,  0.1449
 2015,     5,   6,  0.2236,  0.2901,     6,  187.4,  0.3663,  0.1342
 2015,     5,   7,  0.3620,  0.2663,     5,  171.3,  0.4494,  0.2019
 2015,     5,   8,  0.5997,  0.2437,     5,  157.1,  0.6473,  0.4190
 2015,     5,   9,  0.6516,  0.4803,     5,  171.4,  0.8095,  0.6553
 2015,     5,  10,  0.6472,  0.6238,     5,  178.9,  0.8988,  0.8079
 2015,     5,  11,  0.3807,  0.6122,     6,  193.1,  0.7209,  0.5197
 2015,     5,  12,  0.2634,  0.4323,     6,  193.6,  0.5062,  0.2563
 2015,     5,  13,  0.2416,  0.2547,     6,  181.5,  0.3510,  0.1232
 2015,     5,  14,  0.0492,  0.2586,     6,  214.2,  0.2632,  0.0693
 2015,     5,  15,  0.0578,  0.5507,     6,  219.0,  0.5537,  0.3066
 2015,     5,  16, -0.0139,  0.7424,     7,  226.1,  0.7425,  0.5514
 2015,     5,  17, -0.1510,  0.7811,     7,  235.9,  0.7956,  0.6330
 2015,     5,  18, -0.2701,  0.7211,     7,  245.5,  0.7700,  0.5929
 2015,     5,  19, -0.1887,  0.6009,     7,  242.4,  0.6298,  0.3966
 2015,     5,  20, -0.1609,  0.3135,     7,  252.2,  0.3524,  0.1242
 2015,     5,  21, -0.1313, -0.1095,     1,  354.8,  0.1710,  0.0292
 2015,     5,  22, -0.1534, -0.3582,     2,   21.8,  0.3896,  0.1518
 2015,     5,  23, -0.0787, -0.4718,     2,   35.5,  0.4783,  0.2288
 2015,     5,  24,  0.0808, -0.6448,     3,   52.1,  0.6499,  0.4223
 2015,     5,  25, -0.0856, -0.6352,     2,   37.3,  0.6409,  0.4108
 2015,     5,  26, -0.2025, -0.6279,     2,   27.1,  0.6598,  0.4353
 2015,     5,  27, -0.3328, -0.6490,     2,   17.9,  0.7294,  0.5320
 2015,     5,  28, -0.5709, -0.6804,     2,    5.0,  0.8882,  0.7889
 2015,     5,  29, -0.7664, -0.6389,     1,  354.8,  0.9977,  0.9955
 2015,     5,  30, -1.0573, -0.5389,     1,  342.0,  1.1867,  1.4083
 2015,     5,  31, -1.1072, -0.6222,     1,  344.3,  1.2701,  1.6131
 2015,     6,   1, -0.8922, -0.8972,     2,    0.2,  1.2653,  1.6010
 2015,     6,   2, -1.0604, -1.3320,     2,    6.5,  1.7025,  2.8986
 2015,     6,   3, -1.1086, -1.7615,     2,   12.8,  2.0813,  4.3317
 2015,     6,   4, -1.1953, -2.2075,     2,   16.6,  2.5104,  6.3020
 2015,     6,   5, -0.9266, -2.4504,     2,   24.3,  2.6197,  6.8629
 2015,     6,   6, -0.6736, -2.5995,     2,   30.5,  2.6854,  7.2113
 2015,     6,   7, -0.4539, -2.7977,     2,   35.8,  2.8343,  8.0332
 2015,     6,   8,  0.0910, -2.7007,     3,   46.9,  2.7023,  7.3023
 2015,     6,   9,  0.5299, -2.6078,     3,   56.5,  2.6611,  7.0815
 2015,     6,  10,  0.9682, -2.3454,     3,   67.4,  2.5374,  6.4383
 2015,     6,  11,  1.3571, -2.0826,     3,   78.1,  2.4857,  6.1788
 2015,     6,  12,  1.7307, -2.0602,     3,   85.0,  2.6907,  7.2398
 2015,     6,  13,  1.9998, -1.8328,     4,   92.5,  2.7126,  7.3584
 2015,     6,  14,  1.8946, -1.7187,     4,   92.8,  2.5580,  6.5435
 2015,     6,  15,  1.9563, -1.4175,     4,   99.1,  2.4159,  5.8364
 2015,     6,  16,  1.6378, -1.1027,     4,  101.0,  1.9744,  3.8982
 2015,     6,  17,  1.4262, -0.8274,     4,  104.9,  1.6488,  2.7187
 2015,     6,  18,  1.4871, -0.5623,     4,  114.3,  1.5898,  2.5275
 2015,     6,  19,  1.5702, -0.3819,     4,  121.3,  1.6160,  2.6115
 2015,     6,  20,  1.6117, -0.4576,     4,  119.2,  1.6754,  2.8068
 2015,     6,  21,  1.7065, -0.1281,     4,  130.7,  1.7113,  2.9284
 2015,     6,  22,  1.6055,  0.1426,     5,  140.1,  1.6118,  2.5978
 2015,     6,  23,  1.3800,  0.3080,     5,  147.6,  1.4140,  1.9993
 2015,     6,  24,  1.3535,  0.6924,     5,  162.1,  1.5203,  2.3113
 2015,     6,  25,  1.3686,  0.8499,     5,  166.8,  1.6111,  2.5955
 2015,     6,  26,  1.1482,  0.7525,     5,  168.2,  1.3728,  1.8846
 2015,     6,  27,  0.8073,  0.8713,     6,  182.2,  1.1878,  1.4109
 2015,     6,  28,  0.4908,  1.1979,     6,  202.7,  1.2945,  1.6758
 2015,     6,  29,  0.1792,  1.6521,     6,  218.8,  1.6618,  2.7614
 2015,     6,  30, -0.1174,  2.1488,     7,  228.1,  2.1520,  4.6310
 2015,     7,   1, -0.4279,  2.3445,     7,  235.3,  2.3832,  5.6799
 2015,     7,   2, -0.7494,  2.3917,     7,  242.4,  2.5064,  6.2820
 2015,     7,   3, -0.9338,  2.5932,     7,  244.8,  2.7562,  7.5966
 2015,     7,   4, -1.1671,  2.7562,     7,  248.0,  2.9932,  8.9590
 2015,     7,   5, -1.3435,  2.7817,     7,  250.8,  3.0891,  9.5425
 2015,     7,   6, -1.4426,  2.4301,     7,  255.7,  2.8260,  7.9864
 2015,     7,   7, -1.1722,  1.9624,     7,  255.9,  2.2858,  5.2249
 2015,     7,   8, -0.9521,  1.6729,     7,  254.6,  1.9249,  3.7051
 2015,     7,   9, -0.9362,  1.4322,     7,  258.2,  1.7110,  2.9276
 2015,     7,  10, -1.0210,  0.7960,     8,  277.1,  1.2947,  1.6762
 2015,     7,  11, -1.2389,  0.4587,     8,  294.7,  1.3211,  1.7454
 2015,     7,  12, -1.4915,  0.1446,     8,  309.5,  1.4985,  2.2454
 2015,     7,  13, -1.5172, -0.2659,     1,  324.9,  1.5403,  2.3726
 2015,     7,  14, -1.3693, -0.4590,     1,  333.5,  1.4442,  2.0856
 2015,     7,  15, -1.0607, -0.5247,     1,  341.3,  1.1834,  1.4004
 2015,     7,  16, -0.9699, -0.7521,     1,  352.8,  1.2273,  1.5062
 2015,     7,  17, -0.9131, -1.1471,     2,    6.5,  1.4662,  2.1498
 2015,     7,  18, -0.8694, -1.4571,     2,   14.2,  1.6967,  2.8789
 2015,     7,  19, -0.5756, -1.6590,     2,   25.9,  1.7560,  3.0835
 2015,     7,  20, -0.2706, -1.8274,     2,   36.6,  1.8473,  3.4126
 2015,     7,  21, -0.1952, -1.5910,     2,   38.0,  1.6029,  2.5693
 2015,     7,  22, -0.3837, -1.3649,     2,   29.3,  1.4178,  2.0102
 2015,     7,  23, -0.4303, -1.2926,     2,   26.6,  1.3624,  1.8560
 2015,     7,  24, -0.4065, -1.1434,     2,   25.4,  1.2135,  1.4725
 2015,     7,  25, -0.3542, -1.0658,     2,   26.6,  1.1232,  1.2615
 2015,     7,  26, -0.6800, -1.1384,     2,   14.1,  1.3261,  1.7584
 2015,     7,  27, -1.0038, -1.3673,     2,    8.7,  1.6962,  2.8773
 2015,     7,  28, -1.1675, -1.3708,     2,    4.6,  1.8006,  3.2422
 2015,     7,  29, -1.1703, -1.2845,     2,    2.7,  1.7377,  3.0196
 2015,     7,  30, -0.8393, -0.9023,     2,    2.1,  1.2323,  1.5185
 2015,     7,  31, -0.4859, -0.6616,     2,    8.7,  0.8208,  0.6737
 2015,     8,   1, -0.3704, -0.5316,     2,   10.1,  0.6479,  0.4197
 2015,     8,   2, -0.2807, -0.1287,     1,  339.6,  0.3088,  0.0954
 2015,     8,   3, -0.2263, -0.0273,     1,  321.9,  0.2280,  0.0520
 2015,     8,   4, -0.2634,  0.0746,     8,  299.2,  0.2738,  0.0750
 2015,     8,   5, -0.0488,  0.2214,     7,  237.4,  0.2267,  0.0514
 2015,     8,   6,  0.0504,  0.1589,     6,  207.4,  0.1667,  0.0278
 2015,     8,   7, -0.1455,  0.2141,     7,  259.2,  0.2588,  0.0670
 2015,     8,   8, -0.0353,  0.4373,     7,  229.6,  0.4387,  0.1924
 2015,     8,   9,  0.0446,  0.3132,     6,  216.9,  0.3163,  0.1001
 2015,     8,  10, -0.0678,  0.1821,     7,  245.4,  0.1943,  0.0377
 2015,     8,  11, -0.2097, -0.0197,     1,  320.4,  0.2106,  0.0443
 2015,     8,  12, -0.0782, -0.1890,     2,   22.5,  0.2046,  0.0418
 2015,     8,  13, -0.1662, -0.4196,     2,   23.4,  0.4513,  0.2037
 2015,     8,  14, -0.3410, -0.7173,     2,   19.6,  0.7942,  0.6308
 2015,     8,  15, -0.3848, -0.8045,     2,   19.4,  0.8918,  0.7953
 2015,     8,  16, -0.4507, -0.6863,     2,   11.7,  0.8211,  0.6741
 2015,     8,  17, -0.6204, -0.3834,     1,  346.7,  0.7293,  0.5319
 2015,     8,  18, -0.6368, -0.2055,     1,  332.9,  0.6691,  0.4477
 2015,     8,  19, -0.4680, -0.1353,     1,  331.1,  0.4871,  0.2373
 2015,     8,  20, -0.4439, -0.1560,     1,  334.4,  0.4706,  0.2214
 2015,     8,  21, -0.5663, -0.3432,     1,  346.2,  0.6622,  0.4385
 2015,     8,  22, -0.7273, -0.6835,     1,  358.2,  0.9980,  0.9961
 2015,     8,  23, -0.6753, -0.8477,     2,    6.5,  1.0838,  1.1745
 2015,     8,  24, -0.8177, -1.0371,     2,    6.7,  1.3207,  1.7442
 2015,     8,  25, -0.8384, -1.0914,     2,    7.5,  1.3763,  1.8941
 2015,     8,  26, -0.7094, -1.1172,     2,   12.6,  1.3234,  1.7513
 2015,     8,  27, -0.4954, -1.0901,     2,   20.6,  1.1974,  1.4337
 2015,     8,  28, -0.3042, -0.9483,     2,   27.2,  0.9959,  0.9919
 2015,     8,  29, -0.3129, -0.8420,     2,   24.6,  0.8983,  0.8069
 2015,     8,  30, -0.3209, -0.6604,     2,   19.1,  0.7343,  0.5392
 2015,     8,  31, -0.2366, -0.5060,     2,   19.9,  0.5586,  0.3120
 2015,     9,   1, -0.2109, -0.9232,     2,   32.1,  0.9470,  0.8969
 2015,     9,   2, -0.3695, -1.1698,     2,   27.5,  1.2267,  1.5049
 2015,     9,   3, -0.7153, -1.2167,     2,   14.5,  1.4114,  1.9920
 2015,     9,   4, -0.6980, -1.0707,     2,   11.9,  1.2781,  1.6337
 2015,     9,   5, -0.5714, -1.0034,     2,   15.3,  1.1546,  1.3332
 2015,     9,   6, -0.4266, -0.9180,     2,   20.1,  1.0123,  1.0248
 2015,     9,   7, -0.2132, -0.7220,     2,   28.5,  0.7528,  0.5667
 2015,     9,   8,  0.0576, -0.8230,     3,   49.0,  0.8251,  0.6807
 2015,     9,   9, -0.0346, -0.8352,     2,   42.6,  0.8359,  0.6987
 2015,     9,  10, -0.1017, -0.5640,     2,   34.8,  0.5731,  0.3285
 2015,     9,  11,  0.0317, -0.7322,     3,   47.5,  0.7329,  0.5372
 2015,     9,  12,  0.1695, -0.7813,     3,   57.2,  0.7995,  0.6392
 2015,     9,  13,  0.3653, -0.7181,     3,   72.0,  0.8057,  0.6491
 2015,     9,  14,  0.5613, -0.4346,     4,   97.2,  0.7099,  0.5039
 2015,     9,  15,  0.7526, -0.4195,     4,  105.9,  0.8616,  0.7424
 2015,     9,  16,  0.9158, -0.5777,     4,  102.8,  1.0828,  1.1724
 2015,     9,  17,  0.8722, -0.7345,     4,   94.9,  1.1403,  1.3003
 2015,     9,  18,  0.8588, -0.6710,     4,   97.0,  1.0898,  1.1878
 2015,     9,  19,  0.7879, -0.4746,     4,  103.9,  0.9198,  0.8461
 2015,     9,  20,  1.0076, -0.1761,     4,  125.1,  1.0228,  1.0462
 2015,     9,  21,  1.0273,  0.1512,     5,  143.4,  1.0384,  1.0783
 2015,     9,  22,  0.8249,  0.1459,     5,  145.0,  0.8377,  0.7017
 2015,     9,  23,  0.7877,  0.4210,     5,  163.1,  0.8932,  0.7978
 2015,     9,  24,  1.0070,  0.6518,     5,  167.9,  1.1995,  1.4389
 2015,     9,  25,  1.1027,  0.6421,     5,  165.2,  1.2760,  1.6282
 2015,     9,  26,  0.8913,  0.5634,     5,  167.3,  1.0545,  1.1119
 2015,     9,  27,  0.7695,  0.3114,     5,  157.0,  0.8301,  0.6891
 2015,     9,  28,  0.5525, -0.0268,     4,  132.2,  0.5532,  0.3060
 2015,     9,  29,  0.1451, -0.1618,     3,   86.9,  0.2173,  0.0472
 2015,     9,  30,  0.0292, -0.0432,     3,   79.1,  0.0521,  0.0027
 2015,    10,   1, -0.0376,  0.1129,     7,  243.4,  0.1190,  0.0142
 2015,    10,   2, -0.1686,  0.3228,     7,  252.6,  0.3641,  0.1326
 2015,    10,   3, -0.2115,  0.3363,     7,  257.2,  0.3973,  0.1578
 2015,    10,   4, -0.1307,  0.3540,     7,  245.3,  0.3774,  0.1424
 2015,    10,   5,  0.2014,  0.4724,     6,  201.9,  0.5135,  0.2637
 2015,    10,   6,  0.4459,  0.5892,     6,  187.9,  0.7389,  0.5460
 2015,    10,   7,  0.5823,  0.7237,     6,  186.2,  0.9289,  0.8629
 2015,    10,   8,  0.6923,  0.6975,     6,  180.2,  0.9828,  0.9659
 2015,    10,   9,  0.7976,  0.7506,     5,  178.3,  1.0953,  1.1997
 2015,    10,  10,  0.8927,  0.8739,     5,  179.4,  1.2492,  1.5605
 2015,    10,  11,  0.8829,  0.9721,     6,  182.8,  1.3132,  1.7244
 2015,    10,  12,  0.8464,  1.0544,     6,  186.2,  1.3521,  1.8282
 2015,    10,  13,  0.6574,  1.1034,     6,  194.2,  1.2844,  1.6496
 2015,    10,  14,  0.6920,  1.1117,     6,  193.1,  1.3095,  1.7148
 2015,    10,  15,  0.6843,  1.1608,     6,  194.5,  1.3475,  1.8157
 2015,    10,  16,  0.7681,  0.9201,     6,  185.1,  1.1985,  1.4365
 2015,    10,  17,  0.6065,  0.6482,     6,  181.9,  0.8876,  0.7879
 2015,    10,  18,  0.4870,  0.4672,     5,  178.8,  0.6749,  0.4555
 2015,    10,  19,  0.4926,  0.3629,     5,  171.4,  0.6119,  0.3744
 2015,    10,  20,  0.5416,  0.2166,     5,  156.8,  0.5833,  0.3402
 2015,    10,  21,  0.2211, -0.3106,     3,   80.4,  0.3813,  0.1454
 2015,    10,  22,  0.0754, -0.6515,     3,   51.6,  0.6558,  0.4301
 2015,    10,  23, -0.0903, -1.2807,     2,   41.0,  1.2838,  1.6482
 2015,    10,  24, -0.4145, -1.6999,     2,   31.3,  1.7497,  3.0614
 2015,    10,  25, -0.3888, -1.7905,     2,   32.7,  1.8322,  3.3570
 2015,    10,  26, -0.2689, -1.9421,     2,   37.1,  1.9606,  3.8441
 2015,    10,  27, -0.0010, -1.9709,     2,   45.0,  1.9709,  3.8845
 2015,    10,  28,  0.0494, -1.8046,     3,   46.6,  1.8053,  3.2591
 2015,    10,  29,  0.1069, -1.5743,     3,   48.9,  1.5779,  2.4897
 2015,    10,  30,  0.3621, -1.5928,     3,   57.8,  1.6334,  2.6681
 2015,    10,  31,  0.6210, -1.6833,     3,   65.3,  1.7942,  3.2191
 2015,    11,   1,  1.0356, -1.5267,     3,   79.2,  1.8448,  3.4033
 2015,    11,   2,  1.2085, -1.2810,     3,   88.3,  1.7611,  3.1014
 2015,    11,   3,  1.3774, -1.0874,     4,   96.7,  1.7549,  3.0797
 2015,    11,   4,  1.5222, -1.0472,     4,  100.5,  1.8476,  3.4137
 2015,    11,   5,  1.6788, -0.7321,     4,  111.4,  1.8315,  3.3544
 2015,    11,   6,  1.8662, -0.5596,     4,  118.3,  1.9483,  3.7957
 2015,    11,   7,  1.7175, -0.3946,     4,  122.1,  1.7622,  3.1054
 2015,    11,   8,  1.7078, -0.2599,     4,  126.3,  1.7275,  2.9843
 2015,    11,   9,  1.9384, -0.0377,     4,  133.9,  1.9388,  3.7588
 2015,    11,  10,  2.1028,  0.0385,     5,  136.0,  2.1031,  4.4232
 2015,    11,  11,  1.9064,  0.0279,     5,  135.8,  1.9066,  3.6351
 2015,    11,  12,  1.5428,  0.1658,     5,  141.1,  1.5517,  2.4077
 2015,    11,  13,  1.2935,  0.1977,     5,  143.7,  1.3086,  1.7123
 2015,    11,  14,  0.9011,  0.1859,     5,  146.7,  0.9200,  0.8465
 2015,    11,  15,  0.6563,  0.1575,     5,  148.5,  0.6750,  0.4556
 2015,    11,  16,  0.4831, -0.1033,     4,  122.9,  0.4941,  0.2441
 2015,    11,  17,  0.4754, -0.1398,     4,  118.6,  0.4955,  0.2456
 2015,    11,  18,  0.3072, -0.2745,     4,   93.2,  0.4119,  0.1697
 2015,    11,  19,  0.2102, -0.3496,     3,   76.0,  0.4079,  0.1664
 2015,    11,  20,  0.1735, -0.2536,     3,   79.4,  0.3073,  0.0944
 2015,    11,  21, -0.0755, -0.0545,     1,  350.8,  0.0931,  0.0087
 2015,    11,  22, -0.1146, -0.0262,     1,  327.9,  0.1176,  0.0138
 2015,    11,  23,  0.0169,  0.0848,     6,  213.7,  0.0865,  0.0075
 2015,    11,  24,  0.2670,  0.0906,     5,  153.7,  0.2819,  0.0795
 2015,    11,  25,  0.5981,  0.2446,     5,  157.2,  0.6462,  0.4176
 2015,    11,  26,  0.6815,  0.2380,     5,  154.3,  0.7218,  0.5210
 2015,    11,  27,  0.7699, -0.0201,     4,  133.5,  0.7701,  0.5931
 2015,    11,  28,  0.9642, -0.0901,     4,  129.7,  0.9684,  0.9377
 2015,    11,  29,  0.8787,  0.1997,     5,  147.8,  0.9011,  0.8119
 2015,    11,  30,  0.8528,  0.5229,     5,  166.5,  1.0004,  1.0007
 2015,    12,   1,  0.7413,  0.4183,     5,  164.4,  0.8511,  0.7245
 2015,    12,   2,  0.4992,  0.6355,     6,  186.9,  0.8082,  0.6531
 2015,    12,   3,  0.2164,  0.6733,     6,  207.2,  0.7072,  0.5001
 2015,    12,   4,  0.1858,  0.5381,     6,  206.0,  0.5693,  0.3241
 2015,    12,   5,  0.3933,  0.3357,     5,  175.5,  0.5171,  0.2674
 2015,    12,   6,  0.6720,  0.2368,     5,  154.4,  0.7125,  0.5076
 2015,    12,   7,  0.6735,  0.0623,     5,  140.3,  0.6764,  0.4575
 2015,    12,   8,  0.7488, -0.1674,     4,  122.4,  0.7673,  0.5887
 2015,    12,   9,  0.7814,  0.1105,     5,  143.0,  0.7892,  0.6228
 2015,    12,  10,  0.9162,  0.2207,     5,  148.5,  0.9424,  0.8882
 2015,    12,  11,  0.9057,  0.0852,     5,  140.4,  0.9097,  0.8276
 2015,    12,  12,  1.1760, -0.0187,     4,  134.1,  1.1762,  1.3834
 2015,    12,  13,  1.3519, -0.0680,     4,  132.1,  1.3536,  1.8322
 2015,    12,  14,  1.4535, -0.0033,     4,  134.9,  1.4535,  2.1126
 2015,    12,  15,  1.7524,  0.2789,     5,  144.0,  1.7744,  3.1486
 2015,    12,  16,  1.8592,  0.5709,     5,  152.1,  1.9449,  3.7827
 2015,    12,  17,  1.7957,  0.7992,     5,  159.0,  1.9655,  3.8631
 2015,    12,  18,  1.9959,  0.9347,     5,  160.1,  2.2040,  4.8574
 2015,    12,  19,  2.1437,  1.2557,     5,  165.4,  2.4844,  6.1723
 2015,    12,  20,  2.1436,  1.1281,     5,  162.8,  2.4223,  5.8676
 2015,    12,  21,  1.5769,  1.3549,     5,  175.7,  2.0791,  4.3225
 2015,    12,  22,  1.0621,  1.7872,     6,  194.3,  2.0790,  4.3222
 2015,    12,  23,  0.9167,  2.3661,     6,  203.8,  2.5375,  6.4388
 2015,    12,  24,  0.8615,  2.4987,     6,  206.0,  2.6431,  6.9857
 2015,    12,  25,  0.6747,  2.3913,     6,  209.2,  2.4846,  6.1732
 2015,    12,  26,  0.2776,  2.3011,     6,  218.1,  2.3178,  5.3721
 2015,    12,  27,  0.0250,  2.3855,     6,  224.4,  2.3856,  5.6912
 2015,    12,  28, -0.4052,  2.3997,     7,  234.6,  2.4337,  5.9228
 2015,    12,  29, -0.5016,  2.3518,     7,  237.0,  2.4047,  5.7828
 2015,    12,  30, -0.6879,  2.2566,     7,  242.0,  2.3591,  5.5655
 2015,    12,  31, -0.8073,  1.8387,     7,  248.7,  2.0081,  4.0325
 2016,     1,   1, -0.9948,  1.5445,     7,  257.8,  1.8371,  3.3750
 2016,     1,   2, -1.0766,  1.5344,     7,  260.1,  1.8744,  3.5134
 2016,     1,   3, -1.2135,  1.3970,     7,  266.0,  1.8504,  3.4242
 2016,     1,   4, -1.5998,  1.3587,     8,  274.7,  2.0989,  4.4052
 2016,     1,   5, -1.8299,  1.3439,     8,  278.7,  2.2704,  5.1545
 2016,     1,   6, -2.0166,  1.1944,     8,  284.4,  2.3437,  5.4931
 2016,     1,   7, -2.1370,  0.9113,     8,  291.9,  2.3232,  5.3973
 2016,     1,   8, -2.1847,  0.3884,     8,  304.9,  2.2189,  4.9236
 2016,     1,   9, -2.0188, -0.0673,     1,  316.9,  2.0199,  4.0801
 2016,     1,  10, -1.8441, -0.1882,     1,  320.8,  1.8536,  3.4360
 2016,     1,  11, -1.1382, -0.5682,     1,  341.5,  1.2721,  1.6184
 2016,     1,  12, -0.6438, -1.2310,     2,   17.4,  1.3892,  1.9298
 2016,     1,  13, -0.3383, -1.6889,     2,   33.7,  1.7224,  2.9668
 2016,     1,  14,  0.0399, -1.7300,     3,   46.3,  1.7304,  2.9944
 2016,     1,  15,  0.4361, -1.6352,     3,   59.9,  1.6923,  2.8640
 2016,     1,  16,  0.7081, -1.4905,     3,   70.4,  1.6502,  2.7230
 2016,     1,  17,  0.8634, -1.3181,     3,   78.2,  1.5757,  2.4828
 2016,     1,  18,  0.9109, -1.2406,     3,   81.3,  1.5391,  2.3688
 2016,     1,  19,  0.7606, -1.3263,     3,   74.8,  1.5289,  2.3377
 2016,     1,  20,  0.2767, -1.3793,     3,   56.3,  1.4068,  1.9790
 2016,     1,  21,  0.0824, -1.2504,     3,   48.8,  1.2531,  1.5704
 2016,     1,  22,  0.1630, -0.8135,     3,   56.3,  0.8297,  0.6884
 2016,     1,  23,  0.3415, -0.5794,     3,   75.5,  0.6726,  0.4524
 2016,     1,  24,  0.5291, -0.8928,     3,   75.7,  1.0378,  1.0770
 2016,     1,  25,  0.7444, -1.1633,     3,   77.6,  1.3810,  1.9073
 2016,     1,  26,  1.0747, -1.2015,     3,   86.8,  1.6120,  2.5984
 2016,     1,  27,  1.2019, -0.9245,     4,   97.4,  1.5163,  2.2992
 2016,     1,  28,  1.2511, -0.7919,     4,  102.7,  1.4807,  2.1925
 2016,     1,  29,  1.2778, -0.5900,     4,  110.2,  1.4075,  1.9810
 2016,     1,  30,  1.3156, -0.8567,     4,  101.9,  1.5700,  2.4649
 2016,     1,  31,  1.1570, -0.9317,     4,   96.2,  1.4855,  2.2068
 2016,     2,   1,  0.5150, -0.7453,     3,   79.6,  0.9059,  0.8207
 2016,     2,   2,  0.6839, -0.6600,     4,   91.0,  0.9504,  0.9033
 2016,     2,   3,  0.6783, -0.5514,     4,   95.9,  0.8741,  0.7641
 2016,     2,   4,  0.9982, -0.4368,     4,  111.4,  1.0896,  1.1871
 2016,     2,   5,  1.2759, -0.1212,     4,  129.6,  1.2817,  1.6426
 2016,     2,   6,  1.5588, -0.0727,     4,  132.3,  1.5605,  2.4352
 2016,     2,   7,  1.4233, -0.0895,     4,  131.4,  1.4261,  2.0338
 2016,     2,   8,  1.3632, -0.2405,     4,  125.0,  1.3843,  1.9163
 2016,     2,   9,  1.5609,  0.0323,     5,  136.2,  1.5612,  2.4373
 2016,     2,  10,  1.7064,  0.2240,     5,  142.5,  1.7210,  2.9619
 2016,     2,  11,  1.7418,  0.2361,     5,  142.7,  1.7578,  3.0898
 2016,     2,  12,  1.7067,  0.4874,     5,  150.9,  1.7749,  3.1503
 2016,     2,  13,  1.4280,  1.0294,     5,  170.8,  1.7604,  3.0990
 2016,     2,  14,  1.0529,  1.4777,     6,  189.5,  1.8144,  3.2922
 2016,     2,  15,  0.7146,  1.7425,     6,  202.7,  1.8833,  3.5470
 2016,     2,  16,  0.2266,  1.7708,     6,  217.7,  1.7852,  3.1870
 2016,     2,  17, -0.2999,  1.5478,     7,  236.0,  1.5765,  2.4855
 2016,     2,  18, -0.5600,  1.4696,     7,  245.9,  1.5727,  2.4734
 2016,     2,  19, -0.5641,  1.4511,     7,  246.2,  1.5569,  2.4238
 2016,     2,  20, -0.7181,  1.5038,     7,  250.5,  1.6664,  2.7770
 2016,     2,  21, -1.2020,  1.4503,     7,  264.7,  1.8837,  3.5483
 2016,     2,  22, -1.5972,  1.5524,     8,  270.8,  2.2273,  4.9609
 2016,     2,  23, -1.9613,  1.7219,     8,  273.7,  2.6099,  6.8117
 2016,     2,  24, -2.1176,  1.3538,     8,  282.4,  2.5134,  6.3173
 2016,     2,  25, -2.2525,  0.9555,     8,  292.0,  2.4468,  5.9870
 2016,     2,  26, -2.0137,  1.0008,     8,  288.6,  2.2487,  5.0568
 2016,     2,  27, -1.7109,  0.9005,     8,  287.2,  1.9334,  3.7381
 2016,     2,  28, -1.3970,  0.8007,     8,  285.2,  1.6102,  2.5928
 2016,     2,  29, -1.4171,  0.5716,     8,  293.0,  1.5281,  2.3351
 2016,     3,   1, -1.9393,  0.3630,     8,  304.4,  1.9730,  3.8928
 2016,     3,   2, -1.8251,  0.1711,     8,  309.6,  1.8331,  3.3602
 2016,     3,   3, -1.7768,  0.2372,     8,  307.4,  1.7926,  3.2134
 2016,     3,   4, -1.4307,  0.0784,     8,  311.9,  1.4328,  2.0530
 2016,     3,   5, -1.2850, -0.2858,     1,  327.5,  1.3164,  1.7329
 2016,     3,   6, -1.3001, -0.4072,     1,  332.4,  1.3623,  1.8560
 2016,     3,   7, -1.1236, -0.4603,     1,  337.3,  1.2142,  1.4743
 2016,     3,   8, -0.9424, -0.8071,     1,  355.6,  1.2408,  1.5395
 2016,     3,   9, -0.5594, -1.0168,     2,   16.2,  1.1605,  1.3468
 2016,     3,  10, -0.2402, -0.9086,     2,   30.2,  0.9398,  0.8832
 2016,     3,  11, -0.0441, -0.8573,     2,   42.1,  0.8585,  0.7370
 2016,     3,  12,  0.1731, -0.9715,     3,   55.1,  0.9868,  0.9739
 2016,     3,  13,  0.5203, -0.9728,     3,   73.1,  1.1033,  1.2172
 2016,     3,  14,  0.6456, -0.6202,     4,   91.1,  0.8953,  0.8015
 2016,     3,  15,  0.9543, -0.4570,     4,  109.4,  1.0581,  1.1195
 2016,     3,  16,  1.0809, -0.1903,     4,  125.0,  1.0975,  1.2045
 2016,     3,  17,  1.2296,  0.0532,     5,  137.5,  1.2308,  1.5148
 2016,     3,  18,  1.1239,  0.4395,     5,  156.4,  1.2068,  1.4564
 2016,     3,  19,  1.0096,  0.7208,     5,  170.5,  1.2405,  1.5389
 2016,     3,  20,  1.0736,  0.9851,     5,  177.5,  1.4571,  2.1231
 2016,     3,  21,  1.0997,  1.1657,     6,  181.7,  1.6025,  2.5680
 2016,     3,  22,  1.1216,  1.0350,     5,  177.7,  1.5262,  2.3292
 2016,     3,  23,  0.9568,  1.0994,     6,  184.0,  1.4574,  2.1240
 2016,     3,  24,  0.3745,  1.4029,     6,  210.1,  1.4520,  2.1083
 2016,     3,  25, -0.0268,  1.3304,     7,  226.2,  1.3306,  1.7706
 2016,     3,  26, -0.4538,  0.9873,     7,  249.7,  1.0866,  1.1808
 2016,     3,  27, -0.7807,  0.6965,     8,  273.3,  1.0462,  1.0946
 2016,     3,  28, -1.0921,  0.2749,     8,  300.9,  1.1262,  1.2683
 2016,     3,  29, -1.5156,  0.0049,     8,  314.8,  1.5156,  2.2969
 2016,     3,  30, -1.7548, -0.0450,     1,  316.5,  1.7554,  3.0815
 2016,     3,  31, -1.6663, -0.0154,     1,  315.5,  1.6663,  2.7767
 2016,     4,   1, -2.0894, -0.1324,     1,  318.6,  2.0935,  4.3830
 2016,     4,   2, -1.8565, -0.2855,     1,  323.7,  1.8783,  3.5282
 2016,     4,   3, -1.2954, -0.4610,     1,  334.6,  1.3750,  1.8907
 2016,     4,   4, -0.7063, -0.5232,     1,  351.5,  0.8790,  0.7726
 2016,     4,   5, -0.3706, -0.6197,     2,   14.1,  0.7221,  0.5214
 2016,     4,   6, -0.3691, -0.6412,     2,   15.1,  0.7398,  0.5473
 2016,     4,   7, -0.5305, -0.4855,     1,  357.5,  0.7191,  0.5171
 2016,     4,   8, -0.5583, -0.3870,     1,  349.7,  0.6793,  0.4615
 2016,     4,   9, -0.3878, -0.3826,     1,  359.6,  0.5448,  0.2968
 2016,     4,  10, -0.3196, -0.2890,     1,  357.1,  0.4309,  0.1857
 2016,     4,  11, -0.1468, -0.1381,     1,  358.2,  0.2016,  0.0406
 2016,     4,  12,  0.1796,  0.0609,     5,  153.7,  0.1897,  0.0360
 2016,     4,  13,  0.2838,  0.4953,     6,  195.2,  0.5709,  0.3259
 2016,     4,  14, -0.0364,  0.6431,     7,  228.2,  0.6441,  0.4149
 2016,     4,  15, -0.3923,  0.6142,     7,  257.6,  0.7288,  0.5312
 2016,     4,  16, -0.6200,  0.4674,     8,  278.0,  0.7764,  0.6028
 2016,     4,  17, -0.8005,  0.2052,     8,  300.6,  0.8264,  0.6829
 2016,     4,  18, -0.9116,  0.2284,     8,  300.9,  0.9398,  0.8833
 2016,     4,  19, -0.9043, -0.0204,     1,  316.3,  0.9045,  0.8181
 2016,     4,  20, -0.9429,  0.0860,     8,  309.8,  0.9468,  0.8964
 2016,     4,  21, -0.9054,  0.0526,     8,  311.7,  0.9069,  0.8225
 2016,     4,  22, -0.8797,  0.1984,     8,  302.3,  0.9017,  0.8131
 2016,     4,  23, -0.8939,  0.1528,     8,  305.3,  0.9068,  0.8223
 2016,     4,  24, -0.8711,  0.2395,     8,  299.6,  0.9034,  0.8162
 2016,     4,  25, -1.0658,  0.2061,     8,  304.1,  1.0855,  1.1784
 2016,     4,  26, -1.1575,  0.3782,     8,  296.9,  1.2177,  1.4829
 2016,     4,  27, -1.1457,  0.6180,     8,  286.7,  1.3017,  1.6945
 2016,     4,  28, -1.0820,  0.4495,     8,  292.4,  1.1717,  1.3729
 2016,     4,  29, -1.1212,  0.4066,     8,  295.1,  1.1927,  1.4224
 2016,     4,  30, -1.1371,  0.1016,     8,  309.9,  1.1416,  1.3033
 2016,     5,   1, -1.5600, -0.1417,     1,  320.2,  1.5665,  2.4538
 2016,     5,   2, -1.4124, -0.2351,     1,  324.4,  1.4318,  2.0501
 2016,     5,   3, -1.2435, -0.3589,     1,  331.1,  1.2942,  1.6750
 2016,     5,   4, -1.1819, -0.5718,     1,  340.8,  1.3130,  1.7239
 2016,     5,   5, -1.2047, -0.7817,     1,  348.0,  1.4361,  2.0623
 2016,     5,   6, -0.9607, -0.9000,     1,  358.1,  1.3164,  1.7330
 2016,     5,   7, -0.8038, -1.1844,     2,   10.8,  1.4314,  2.0489
 2016,     5,   8, -0.6329, -1.1964,     2,   17.1,  1.3535,  1.8320
 2016,     5,   9, -0.4375, -1.1850,     2,   24.7,  1.2632,  1.5957
 2016,     5,  10, -0.2265, -1.0116,     2,   32.4,  1.0366,  1.0745
 2016,     5,  11,  0.0896, -1.0729,     3,   49.8,  1.0766,  1.1591
 2016,     5,  12,  0.2742, -1.2305,     3,   57.6,  1.2607,  1.5894
 2016,     5,  13,  0.1415, -1.2524,     3,   51.4,  1.2604,  1.5886
 2016,     5,  14,  0.0404, -1.1537,     3,   47.0,  1.1544,  1.3327
 2016,     5,  15,  0.4721, -0.8340,     3,   74.5,  0.9583,  0.9183
 2016,     5,  16,  0.7635, -0.7651,     3,   89.9,  1.0809,  1.1683
 2016,     5,  17,  0.8214, -0.5066,     4,  103.3,  0.9650,  0.9313
 2016,     5,  18,  0.9356, -0.1618,     4,  125.2,  0.9495,  0.9015
 2016,     5,  19,  1.2662,  0.1886,     5,  143.5,  1.2801,  1.6387
 2016,     5,  20,  1.3646,  0.4965,     5,  155.0,  1.4521,  2.1087
 2016,     5,  21,  1.2362,  0.4267,     5,  154.0,  1.3078,  1.7104
 2016,     5,  22,  1.0547,  0.5755,     5,  163.6,  1.2015,  1.4436
 2016,     5,  23,  0.8144,  0.5965,     5,  171.2,  1.0095,  1.0191
 2016,     5,  24,  0.5439,  0.4293,     5,  173.3,  0.6929,  0.4801
 2016,     5,  25,  0.2901,  0.4400,     6,  191.6,  0.5271,  0.2778
 2016,     5,  26, -0.0155,  0.1017,     7,  233.7,  0.1029,  0.0106
 2016,     5,  27, -0.2629, -0.0133,     1,  317.9,  0.2632,  0.0693
 2016,     5,  28, -0.4615, -0.1285,     1,  330.6,  0.4791,  0.2295
 2016,     5,  29, -0.3585, -0.1365,     1,  335.8,  0.3836,  0.1472
 2016,     5,  30, -0.4604, -0.0595,     1,  322.4,  0.4642,  0.2155
 2016,     5,  31, -0.4462,  0.1300,     8,  298.8,  0.4647,  0.2159
 2016,     6,   1, -0.5247,  0.3132,     8,  284.2,  0.6111,  0.3734
 2016,     6,   2, -0.3806,  0.4870,     7,  263.0,  0.6181,  0.3820
 2016,     6,   3, -0.5699,  0.8874,     7,  257.7,  1.0546,  1.1122
 2016,     6,   4, -0.8355,  1.1204,     7,  261.7,  1.3976,  1.9534
 2016,     6,   5, -1.1043,  1.1553,     7,  268.7,  1.5982,  2.5542
 2016,     6,   6, -1.2642,  0.8259,     8,  281.8,  1.5100,  2.2802
 2016,     6,   7, -1.2825,  0.3861,     8,  298.2,  1.3394,  1.7939
 2016,     6,   8, -1.2065, -0.1282,     1,  321.1,  1.2133,  1.4721
 2016,     6,   9, -1.2354, -0.6055,     1,  341.1,  1.3758,  1.8927
 2016,     6,  10, -1.1224, -0.8921,     1,  353.5,  1.4337,  2.0556
 2016,     6,  11, -0.7724, -1.0648,     2,    9.0,  1.3155,  1.7305
 2016,     6,  12, -0.5526, -1.3061,     2,   22.1,  1.4182,  2.0113
 2016,     6,  13, -0.2615, -1.4597,     2,   34.8,  1.4829,  2.1990
 2016,     6,  14, -0.0927, -1.4838,     2,   41.4,  1.4867,  2.2102
 2016,     6,  15,  0.1414, -1.4783,     3,   50.5,  1.4851,  2.2055
 2016,     6,  16,  0.2014, -1.6041,     3,   52.2,  1.6167,  2.6136
 2016,     6,  17,  0.4822, -1.6796,     3,   61.0,  1.7475,  3.0537
 2016,     6,  18,  0.7611, -1.3022,     3,   75.3,  1.5083,  2.2749
 2016,     6,  19,  1.0645, -0.8053,     4,   97.9,  1.3348,  1.7816
 2016,     6,  20,  1.3497, -0.3642,     4,  119.9,  1.3979,  1.9542
 2016,     6,  21,  1.4814, -0.2724,     4,  124.6,  1.5062,  2.2687
 2016,     6,  22,  1.3605, -0.2535,     4,  124.4,  1.3839,  1.9153
 2016,     6,  23,  1.5579, -0.0056,     4,  134.8,  1.5579,  2.4270
 2016,     6,  24,  1.7223, -0.0793,     4,  132.4,  1.7241,  2.9725
 2016,     6,  25,  1.5424,  0.2061,     5,  142.6,  1.5561,  2.4214
 2016,     6,  26,  1.5170,  0.5911,     5,  156.3,  1.6281,  2.6508
 2016,     6,  27,  1.2899,  0.6652,     5,  162.3,  1.4513,  2.1063
 2016,     6,  28,  0.8627,  0.5306,     5,  166.6,  1.0128,  1.0257
 2016,     6,  29,  0.1298,  0.5302,     6,  211.2,  0.5459,  0.2980
 2016,     6,  30, -0.0920,  0.8194,     7,  231.4,  0.8245,  0.6798
 2016,     7,   1, -0.0780,  1.1025,     7,  229.0,  1.1053,  1.2216
 2016,     7,   2, -0.1247,  0.9904,     7,  232.2,  0.9982,  0.9964
 2016,     7,   3, -0.4272,  1.0362,     7,  247.4,  1.1208,  1.2563
 2016,     7,   4, -0.4344,  1.0541,     7,  247.4,  1.1401,  1.2999
 2016,     7,   5, -0.3929,  0.8257,     7,  250.4,  0.9144,  0.8361
 2016,     7,   6, -0.4999,  0.6152,     7,  264.1,  0.7927,  0.6283
 2016,     7,   7, -0.5649,  0.3762,     8,  281.3,  0.6787,  0.4606
 2016,     7,   8, -0.7347,  0.1247,     8,  305.4,  0.7452,  0.5554
 2016,     7,   9, -0.6660, -0.0177,     1,  316.5,  0.6663,  0.4439
 2016,     7,  10, -0.6168, -0.2494,     1,  337.0,  0.6653,  0.4426
 2016,     7,  11, -0.6223, -0.3753,     1,  346.1,  0.7267,  0.5282
 2016,     7,  12, -0.7058, -0.4619,     1,  348.2,  0.8436,  0.7116
 2016,     7,  13, -0.7659, -0.4785,     1,  347.0,  0.9031,  0.8156
 2016,     7,  14, -0.9028, -0.4827,     1,  343.1,  1.0237,  1.0480
 2016,     7,  15, -1.1157, -0.5631,     1,  341.8,  1.2498,  1.5619
 2016,     7,  16, -1.3742, -0.6421,     1,  340.0,  1.5169,  2.3009
 2016,     7,  17, -1.5168, -0.7030,     1,  339.9,  1.6718,  2.7949
 2016,     7,  18, -1.3637, -0.7898,     1,  345.1,  1.5759,  2.4834
 2016,     7,  19, -1.0734, -0.8771,     1,  354.3,  1.3862,  1.9216
 2016,     7,  20, -0.7673, -1.2375,     2,   13.2,  1.4561,  2.1202
 2016,     7,  21, -0.6652, -1.2056,     2,   16.1,  1.3770,  1.8960
 2016,     7,  22, -0.4325, -0.8941,     2,   19.2,  0.9932,  0.9864
 2016,     7,  23,  0.0974, -0.6247,     3,   53.9,  0.6322,  0.3997
 2016,     7,  24,  0.2952, -0.4066,     3,   81.0,  0.5025,  0.2525
 2016,     7,  25,  0.3051, -0.1750,     4,  105.2,  0.3517,  0.1237
 2016,     7,  26,  0.0632,  0.0557,     5,  176.4,  0.0842,  0.0071
 2016,     7,  27,  0.2017,  0.1698,     5,  175.1,  0.2637,  0.0695
 2016,     7,  28,  0.1307,  0.2005,     6,  191.9,  0.2393,  0.0573
 2016,     7,  29,  0.2465,  0.2700,     6,  182.6,  0.3656,  0.1337
 2016,     7,  30,  0.2638,  0.2757,     6,  181.3,  0.3816,  0.1456
 2016,     7,  31,  0.3562,  0.3452,     5,  179.1,  0.4960,  0.2460
 2016,     8,   1,  0.3810,  0.4080,     6,  182.0,  0.5583,  0.3117
 2016,     8,   2,  0.4466,  0.5274,     6,  184.7,  0.6911,  0.4776
 2016,     8,   3,  0.4011,  0.5045,     6,  186.5,  0.6445,  0.4153
 2016,     8,   4,  0.3177,  0.7728,     6,  202.7,  0.8355,  0.6981
 2016,     8,   5,  0.3826,  1.2025,     6,  207.4,  1.2619,  1.5923
 2016,     8,   6,  0.3962,  1.3698,     6,  208.9,  1.4259,  2.0333
 2016,     8,   7,  0.4015,  1.4023,     6,  209.0,  1.4587,  2.1277
 2016,     8,   8,  0.3919,  1.4958,     6,  210.3,  1.5463,  2.3911
 2016,     8,   9,  0.4010,  1.5507,     6,  210.5,  1.6017,  2.5655
 2016,     8,  10,  0.2040,  1.3613,     6,  216.5,  1.3766,  1.8949
 2016,     8,  11,  0.1393,  1.4176,     6,  219.4,  1.4244,  2.0289
 2016,     8,  12, -0.0285,  1.5336,     7,  226.1,  1.5339,  2.3527
 2016,     8,  13, -0.1293,  1.8121,     7,  229.1,  1.8167,  3.3003
 2016,     8,  14, -0.0637,  1.7321,     7,  227.1,  1.7333,  3.0044
 2016,     8,  15,  0.1053,  1.8236,     6,  221.7,  1.8266,  3.3365
 2016,     8,  16,  0.2374,  1.8738,     6,  217.8,  1.8888,  3.5675
 2016,     8,  17,  0.2069,  1.9979,     6,  219.1,  2.0085,  4.0342
 2016,     8,  18,  0.2886,  1.9281,     6,  216.5,  1.9496,  3.8008
 2016,     8,  19,  0.3409,  1.7555,     6,  214.0,  1.7883,  3.1981
 2016,     8,  20,  0.4815,  1.6204,     6,  208.5,  1.6905,  2.8576
 2016,     8,  21,  0.5819,  1.5170,     6,  204.0,  1.6248,  2.6400
 2016,     8,  22,  0.6636,  1.5809,     6,  202.2,  1.7145,  2.9396
 2016,     8,  23,  0.4679,  1.6784,     6,  209.4,  1.7424,  3.0359
 2016,     8,  24,  0.2753,  1.6311,     6,  215.4,  1.6542,  2.7364
 2016,     8,  25,  0.3533,  1.5901,     6,  212.5,  1.6289,  2.6533
 2016,     8,  26,  0.2543,  1.2414,     6,  213.4,  1.2671,  1.6056
 2016,     8,  27,  0.0122,  1.0263,     6,  224.3,  1.0264,  1.0534
 2016,     8,  28, -0.0761,  0.7948,     7,  230.5,  0.7985,  0.6376
 2016,     8,  29, -0.2092,  0.4405,     7,  250.4,  0.4877,  0.2378
 2016,     8,  30, -0.5654,  0.0056,     8,  314.4,  0.5655,  0.3198
 2016,     8,  31, -0.9365, -0.0578,     1,  318.5,  0.9382,  0.8803
 2016,     9,   1, -0.5673, -0.0977,     1,  324.8,  0.5756,  0.3313
 2016,     9,   2, -0.2340,  0.0348,     8,  306.5,  0.2366,  0.0560
 2016,     9,   3,  0.1844, -0.1505,     4,   95.8,  0.2380,  0.0566
 2016,     9,   4,  0.1961, -0.5739,     3,   63.9,  0.6065,  0.3679
 2016,     9,   5, -0.0090, -0.7667,     2,   44.3,  0.7667,  0.5879
 2016,     9,   6, -0.1804, -0.8502,     2,   33.0,  0.8692,  0.7555
 2016,     9,   7, -0.3186, -0.8677,     2,   24.8,  0.9244,  0.8545
 2016,     9,   8, -0.3892, -0.6971,     2,   15.8,  0.7984,  0.6374
 2016,     9,   9, -0.4777, -0.4562,     1,  358.7,  0.6605,  0.4363
 2016,     9,  10, -0.0720, -0.5682,     2,   37.8,  0.5727,  0.3280
 2016,     9,  11,  0.4395, -0.6578,     3,   78.8,  0.7911,  0.6258
 2016,     9,  12,  0.8105, -0.7689,     4,   91.5,  1.1172,  1.2482
 2016,     9,  13,  1.0505, -0.9146,     4,   94.0,  1.3929,  1.9401
 2016,     9,  14,  1.4315, -0.7398,     4,  107.7,  1.6114,  2.5966
 2016,     9,  15,  1.6858, -0.4617,     4,  119.7,  1.7479,  3.0551
 2016,     9,  16,  1.5695, -0.2263,     4,  126.8,  1.5858,  2.5147
 2016,     9,  17,  1.4903, -0.2817,     4,  124.3,  1.5167,  2.3005
 2016,     9,  18,  1.4432, -0.1268,     4,  130.0,  1.4487,  2.0988
 2016,     9,  19,  1.3686,  0.0093,     5,  135.4,  1.3686,  1.8732
 2016,     9,  20,  1.1450, -0.0264,     4,  133.7,  1.1453,  1.3118
 2016,     9,  21,  0.8741, -0.1925,     4,  122.6,  0.8950,  0.8011
 2016,     9,  22,  0.9103, -0.1164,     4,  127.7,  0.9177,  0.8422
 2016,     9,  23,  0.8993, -0.0282,     4,  133.2,  0.8997,  0.8095
 2016,     9,  24,  1.0190,  0.0544,     5,  138.1,  1.0205,  1.0414
 2016,     9,  25,  1.1430,  0.2101,     5,  145.4,  1.1622,  1.3506
 2016,     9,  26,  1.2823,  0.3836,     5,  151.7,  1.3385,  1.7915
 2016,     9,  27,  1.2981,  0.4006,     5,  152.1,  1.3586,  1.8457
 2016,     9,  28,  1.2763,  0.5787,     5,  159.4,  1.4014,  1.9639
 2016,     9,  29,  1.2587,  0.6118,     5,  160.9,  1.3995,  1.9587
 2016,     9,  30,  1.2534,  0.6916,     5,  163.9,  1.4316,  2.0494
 2016,    10,   1,  1.0049,  0.9012,     5,  176.9,  1.3498,  1.8219
 2016,    10,   2,  0.8973,  1.0435,     6,  184.3,  1.3763,  1.8942
 2016,    10,   3,  0.9735,  1.0102,     6,  181.1,  1.4029,  1.9681
 2016,    10,   4,  1.0062,  0.5012,     5,  161.5,  1.1242,  1.2637
 2016,    10,   5,  1.0071,  0.2568,     5,  149.3,  1.0393,  1.0802
 2016,    10,   6,  1.0055,  0.1681,     5,  144.5,  1.0194,  1.0393
 2016,    10,   7,  0.6593, -0.0955,     4,  126.8,  0.6662,  0.4438
 2016,    10,   8,  0.2366, -0.0629,     4,  120.1,  0.2448,  0.0599
 2016,    10,   9,  0.1079,  0.0599,     5,  164.0,  0.1234,  0.0152
 2016,    10,  10, -0.0204,  0.3486,     7,  228.4,  0.3492,  0.1219
 2016,    10,  11,  0.1478,  0.5230,     6,  209.2,  0.5435,  0.2954
 2016,    10,  12,  0.2803,  0.5541,     6,  198.2,  0.6210,  0.3856
 2016,    10,  13,  0.3264,  0.6185,     6,  197.2,  0.6994,  0.4891
 2016,    10,  14,  0.1066,  0.6391,     6,  215.5,  0.6479,  0.4198
 2016,    10,  15, -0.0693,  0.5203,     7,  232.6,  0.5249,  0.2755
 2016,    10,  16, -0.1799,  0.3199,     7,  254.4,  0.3670,  0.1347
 2016,    10,  17, -0.1656,  0.2099,     7,  263.3,  0.2674,  0.0715
 2016,    10,  18, -0.1204,  0.3005,     7,  246.8,  0.3238,  0.1048
 2016,    10,  19,  0.0444,  0.2249,     6,  213.8,  0.2293,  0.0526
 2016,    10,  20, -0.0214, -0.0753,     2,   29.1,  0.0783,  0.0061
 2016,    10,  21, -0.1840, -0.2865,     2,   12.3,  0.3405,  0.1159
 2016,    10,  22, -0.1392, -0.3599,     2,   23.9,  0.3859,  0.1489
 2016,    10,  23, -0.1591, -0.2656,     2,   14.1,  0.3096,  0.0959
 2016,    10,  24, -0.1463,  0.0195,     8,  307.4,  0.1476,  0.0218
 2016,    10,  25, -0.2809, -0.0120,     1,  317.5,  0.2812,  0.0791
 2016,    10,  26, -0.5365,  0.0185,     8,  313.0,  0.5368,  0.2882
 2016,    10,  27, -0.6162,  0.3954,     8,  282.3,  0.7321,  0.5360
 2016,    10,  28, -0.4956,  0.4410,     8,  273.3,  0.6634,  0.4401
 2016,    10,  29, -0.2748,  0.2841,     7,  269.0,  0.3953,  0.1562
 2016,    10,  30, -0.3626,  0.1380,     8,  294.2,  0.3880,  0.1506
 2016,    10,  31,  0.0178,  0.1342,     6,  217.4,  0.1354,  0.0183
 2016,    11,   1,  0.2950, -0.0325,     4,  128.7,  0.2968,  0.0881
 2016,    11,   2,  0.4954,  0.0005,     5,  135.1,  0.4954,  0.2454
 2016,    11,   3,  0.5656,  0.0802,     5,  143.1,  0.5712,  0.3263
 2016,    11,   4,  0.8776,  0.2458,     5,  150.6,  0.9113,  0.8305
 2016,    11,   5,  0.8918,  0.5873,     5,  168.4,  1.0678,  1.1402
 2016,    11,   6,  0.5031,  1.0323,     6,  199.0,  1.1484,  1.3188
 2016,    11,   7, -0.2366,  1.3576,     7,  234.9,  1.3781,  1.8991
 2016,    11,   8, -0.7948,  1.6122,     7,  251.2,  1.7974,  3.2308
 2016,    11,   9, -1.1906,  1.5572,     7,  262.4,  1.9602,  3.8423
 2016,    11,  10, -1.6374,  1.4135,     8,  274.2,  2.1632,  4.6793
 2016,    11,  11, -2.0573,  1.0835,     8,  287.2,  2.3252,  5.4065
 2016,    11,  12, -2.4208,  0.6274,     8,  300.5,  2.5008,  6.2539
 2016,    11,  13, -2.3451,  0.2232,     8,  309.6,  2.3557,  5.5493
 2016,    11,  14, -2.0654, -0.1026,     1,  317.8,  2.0680,  4.2765
 2016,    11,  15, -1.8226, -0.2646,     1,  323.3,  1.8417,  3.3920
 2016,    11,  16, -1.7930, -0.5315,     1,  331.5,  1.8701,  3.4971
 2016,    11,  17, -1.8250, -0.8525,     1,  340.0,  2.0143,  4.0573
 2016,    11,  18, -1.5042, -1.3402,     1,  356.7,  2.0146,  4.0587
 2016,    11,  19, -1.0073, -1.5167,     2,   11.4,  1.8207,  3.3150
 2016,    11,  20, -0.6104, -1.4764,     2,   22.5,  1.5977,  2.5525
 2016,    11,  21, -0.3410, -1.3212,     2,   30.5,  1.3645,  1.8618
 2016,    11,  22, -0.0852, -1.0749,     2,   40.5,  1.0783,  1.1626
 2016,    11,  23, -0.0105, -0.9201,     2,   44.3,  0.9202,  0.8467
 2016,    11,  24, -0.0156, -0.8563,     2,   44.0,  0.8565,  0.7335
 2016,    11,  25,  0.2195, -1.0810,     3,   56.5,  1.1031,  1.2168
 2016,    11,  26,  0.3320, -1.0784,     3,   62.1,  1.1283,  1.2731
 2016,    11,  27,  0.2375, -0.7373,     3,   62.9,  0.7746,  0.6000
 2016,    11,  28, -0.0422, -0.3855,     2,   38.8,  0.3878,  0.1504
 2016,    11,  29, -0.4343, -0.3709,     1,  355.5,  0.5711,  0.3262
 2016,    11,  30, -0.5127, -0.3230,     1,  347.2,  0.6060,  0.3672
 2016,    12,   1, -0.6619, -0.2448,     1,  335.3,  0.7057,  0.4980
 2016,    12,   2, -0.7405, -0.5087,     1,  349.5,  0.8984,  0.8071
 2016,    12,   3, -0.5794, -0.6702,     2,    4.2,  0.8859,  0.7849
 2016,    12,   4, -0.4925, -0.5583,     2,    3.6,  0.7445,  0.5543
 2016,    12,   5, -0.4254, -0.5244,     2,    6.0,  0.6753,  0.4560
 2016,    12,   6, -0.4213, -0.6914,     2,   13.6,  0.8097,  0.6556
 2016,    12,   7, -0.1811, -0.6938,     2,   30.4,  0.7171,  0.5142
 2016,    12,   8,  0.2350, -0.7895,     3,   61.6,  0.8237,  0.6785
 2016,    12,   9,  0.5225, -0.6065,     3,   85.7,  0.8005,  0.6408
 2016,    12,  10,  0.6340, -0.3767,     4,  104.3,  0.7375,  0.5439
 2016,    12,  11,  0.3275, -0.2234,     4,  100.7,  0.3965,  0.1572
 2016,    12,  12,  0.0947, -0.1292,     3,   81.2,  0.1602,  0.0257
 2016,    12,  13,  0.0536, -0.1964,     3,   60.3,  0.2036,  0.0414
 2016,    12,  14, -0.1603,  0.0312,     8,  304.0,  0.1633,  0.0267
 2016,    12,  15, -0.1301,  0.1136,     8,  273.9,  0.1727,  0.0298
 2016,    12,  16,  0.0814,  0.1415,     6,  195.1,  0.1633,  0.0267
 2016,    12,  17,  0.1308,  0.2975,     6,  201.3,  0.3250,  0.1056
 2016,    12,  18, -0.0520,  0.4360,     7,  231.8,  0.4391,  0.1928
 2016,    12,  19,  0.0573,  0.6062,     6,  219.6,  0.6089,  0.3707
 2016,    12,  20,  0.2514,  0.6667,     6,  204.3,  0.7126,  0.5077
 2016,    12,  21,  0.2351,  0.6491,     6,  205.1,  0.6904,  0.4766
 2016,    12,  22,  0.2224,  0.4702,     6,  199.7,  0.5201,  0.2705
 2016,    12,  23,  0.3253,  0.2976,     5,  177.4,  0.4409,  0.1944
 2016,    12,  24,  0.1736,  0.4022,     6,  201.6,  0.4381,  0.1919
 2016,    12,  25,  0.1299,  0.2066,     6,  192.8,  0.2440,  0.0595
 2016,    12,  26,  0.2410,  0.2015,     5,  174.9,  0.3141,  0.0987
 2016,    12,  27,  0.0917,  0.3572,     6,  210.6,  0.3687,  0.1360
 2016,    12,  28, -0.0236,  0.3634,     7,  228.7,  0.3642,  0.1326
 2016,    12,  29, -0.4396, -0.0978,     1,  327.5,  0.4503,  0.2028
 2016,    12,  30, -0.4025, -0.4774,     2,    4.9,  0.6244,  0.3899
 2016,    12,  31, -0.2740, -0.9383,     2,   28.7,  0.9775,  0.9555
 2017,     1,   1,  0.1264, -1.2211,     3,   50.9,  1.2276,  1.5070
 2017,     1,   2,  0.3538, -1.1648,     3,   61.9,  1.2174,  1.4820
 2017,     1,   3,  0.3383, -0.8340,     3,   67.1,  0.9000,  0.8100
 2017,     1,   4,  0.5021, -0.5974,     3,   85.0,  0.7804,  0.6090
 2017,     1,   5,  0.4729, -0.1294,     4,  119.7,  0.4903,  0.2404
 2017,     1,   6,  0.5300,  0.2182,     5,  157.4,  0.5732,  0.3286
 2017,     1,   7,  0.4921,  0.3072,     5,  167.0,  0.5802,  0.3366
 2017,     1,   8,  0.6664,  0.4169,     5,  167.0,  0.7860,  0.6179
 2017,     1,   9,  0.9392,  0.4589,     5,  161.0,  1.0453,  1.0926
 2017,     1,  10,  0.9143,  0.5207,     5,  164.7,  1.0521,  1.1070
 2017,     1,  11,  0.6632,  0.6327,     5,  178.7,  0.9166,  0.8402
 2017,     1,  12,  0.2881,  0.5594,     6,  197.7,  0.6293,  0.3960
 2017,     1,  13, -0.1302,  0.2911,     7,  249.1,  0.3189,  0.1017
 2017,     1,  14, -0.5201,  0.1749,     8,  296.4,  0.5487,  0.3011
 2017,     1,  15, -0.7028,  0.0838,     8,  308.2,  0.7078,  0.5009
 2017,     1,  16, -0.8416, -0.2213,     1,  329.7,  0.8702,  0.7573
 2017,     1,  17, -1.3536, -0.8281,     1,  346.5,  1.5868,  2.5179
 2017,     1,  18, -1.7121, -1.0635,     1,  346.8,  2.0155,  4.0623
 2017,     1,  19, -1.5553, -1.3443,     1,  355.8,  2.0558,  4.2263
 2017,     1,  20, -1.4169, -1.7798,     2,    6.5,  2.2749,  5.1753
 2017,     1,  21, -1.1761, -2.0407,     2,   15.0,  2.3554,  5.5478
 2017,     1,  22, -0.6830, -2.0169,     2,   26.3,  2.1294,  4.5344
 2017,     1,  23, -0.3170, -1.9493,     2,   35.8,  1.9749,  3.9004
 2017,     1,  24, -0.0955, -1.6418,     2,   41.7,  1.6446,  2.7048
 2017,     1,  25, -0.0225, -1.7388,     2,   44.3,  1.7390,  3.0241
 2017,     1,  26,  0.3265, -1.6733,     3,   56.0,  1.7049,  2.9066
 2017,     1,  27,  0.7164, -1.5039,     3,   70.5,  1.6658,  2.7750
 2017,     1,  28,  0.8937, -1.2871,     3,   79.8,  1.5669,  2.4551
 2017,     1,  29,  0.8526, -0.8998,     3,   88.5,  1.2396,  1.5366
 2017,     1,  30,  1.0048, -0.7566,     4,   98.0,  1.2578,  1.5820
 2017,     1,  31,  1.2680, -0.5945,     4,  109.9,  1.4005,  1.9613
 2017,     2,   1,  1.8225, -0.2452,     4,  127.3,  1.8389,  3.3816
 2017,     2,   2,  1.9226,  0.1786,     5,  140.3,  1.9309,  3.7284
 2017,     2,   3,  2.0296,  0.7389,     5,  155.0,  2.1599,  4.6653
 2017,     2,   4,  1.8855,  1.2023,     5,  167.5,  2.2363,  5.0009
 2017,     2,   5,  1.8431,  1.5601,     5,  175.2,  2.4148,  5.8310
 2017,     2,   6,  1.5873,  1.7316,     6,  182.5,  2.3490,  5.5178
 2017,     2,   7,  0.9403,  1.9407,     6,  199.1,  2.1565,  4.6504
 2017,     2,   8,  0.3171,  2.0867,     6,  216.4,  2.1107,  4.4550
 2017,     2,   9, -0.3049,  2.0600,     7,  233.4,  2.0824,  4.3364
 2017,     2,  10, -0.7111,  1.7564,     7,  247.0,  1.8949,  3.5908
 2017,     2,  11, -1.2663,  1.5939,     7,  263.5,  2.0357,  4.1440
 2017,     2,  12, -1.9331,  1.4304,     8,  278.5,  2.4047,  5.7827
 2017,     2,  13, -2.4837,  1.0308,     8,  292.5,  2.6891,  7.2314
 2017,     2,  14, -2.8788,  0.4586,     8,  305.9,  2.9151,  8.4980
 2017,     2,  15, -2.9526,  0.0126,     8,  314.8,  2.9526,  8.7180
 2017,     2,  16, -2.7223, -0.4225,     1,  323.8,  2.7549,  7.5892
 2017,     2,  17, -2.1367, -0.9450,     1,  338.9,  2.3364,  5.4587
 2017,     2,  18, -1.4370, -1.2095,     1,  355.1,  1.8782,  3.5278
 2017,     2,  19, -0.8069, -1.2519,     2,   12.2,  1.4894,  2.2185
 2017,     2,  20, -0.4811, -1.5055,     2,   27.3,  1.5805,  2.4981
 2017,     2,  21, -0.4455, -1.6663,     2,   30.0,  1.7249,  2.9752
 2017,     2,  22, -0.4402, -2.0800,     2,   33.1,  2.1261,  4.5203
 2017,     2,  23, -0.3477, -2.3961,     2,   36.7,  2.4212,  5.8624
 2017,     2,  24, -0.1936, -2.4538,     2,   40.5,  2.4614,  6.0586
 2017,     2,  25,  0.1393, -2.3915,     3,   48.3,  2.3955,  5.7386
 2017,     2,  26,  0.4144, -2.6181,     3,   54.0,  2.6507,  7.0261
 2017,     2,  27,  0.6096, -2.4420,     3,   59.0,  2.5169,  6.3348
 2017,     2,  28,  0.7797, -2.3709,     3,   63.2,  2.4958,  6.2290
 2017,     3,   1,  0.9186, -1.9427,     3,   70.3,  2.1489,  4.6177
 2017,     3,   2,  1.2272, -1.4233,     3,   85.8,  1.8793,  3.5319
 2017,     3,   3,  1.2047, -1.2949,     3,   87.9,  1.7686,  3.1281
 2017,     3,   4,  1.5105, -1.1037,     4,   98.8,  1.8708,  3.4998
 2017,     3,   5,  1.6261, -0.8680,     4,  106.9,  1.8432,  3.3975
 2017,     3,   6,  1.5822, -0.7284,     4,  110.3,  1.7418,  3.0339
 2017,     3,   7,  1.3285, -0.7025,     4,  107.1,  1.5028,  2.2584
 2017,     3,   8,  1.1947, -0.6581,     4,  106.2,  1.3639,  1.8603
 2017,     3,   9,  1.1829, -0.7626,     4,  102.2,  1.4074,  1.9808
 2017,     3,  10,  1.1223, -0.7048,     4,  102.9,  1.3252,  1.7562
 2017,     3,  11,  1.0247, -0.5487,     4,  106.8,  1.1624,  1.3511
 2017,     3,  12,  1.0798, -0.1923,     4,  124.9,  1.0968,  1.2030
 2017,     3,  13,  0.9110, -0.0019,     4,  134.9,  0.9111,  0.8300
 2017,     3,  14,  0.5437,  0.0054,     5,  135.6,  0.5437,  0.2956
 2017,     3,  15,  0.4776,  0.0234,     5,  137.8,  0.4782,  0.2287
 2017,     3,  16,  0.6568, -0.0116,     4,  134.0,  0.6569,  0.4315
 2017,     3,  17,  0.7476, -0.2976,     4,  113.3,  0.8046,  0.6474
 2017,     3,  18,  0.5990, -0.5415,     4,   92.9,  0.8075,  0.6520
 2017,     3,  19,  0.5144, -0.3910,     4,   97.8,  0.6461,  0.4175
 2017,     3,  20,  0.6548, -0.3321,     4,  108.1,  0.7342,  0.5390
 2017,     3,  21,  0.7376, -0.1493,     4,  123.6,  0.7525,  0.5663
 2017,     3,  22,  0.6369, -0.0418,     4,  131.2,  0.6383,  0.4074
 2017,     3,  23,  0.5132,  0.1791,     5,  154.2,  0.5436,  0.2955
 2017,     3,  24,  0.7325,  0.2063,     5,  150.7,  0.7610,  0.5791
 2017,     3,  25,  0.8824, -0.1450,     4,  125.7,  0.8942,  0.7996
 2017,     3,  26,  0.7686, -0.5527,     4,   99.3,  0.9467,  0.8963
 2017,     3,  27,  0.8105, -0.6460,     4,   96.4,  1.0364,  1.0742
 2017,     3,  28,  0.6314, -0.3994,     4,  102.7,  0.7471,  0.5582
 2017,     3,  29,  0.3392, -0.0362,     4,  128.9,  0.3411,  0.1164
 2017,     3,  30,  0.0511, -0.2222,     3,   57.9,  0.2280,  0.0520
 2017,     3,  31,  0.0137,  0.0395,     6,  205.9,  0.0418,  0.0017
 2017,     4,   1,  0.3161, -0.0783,     4,  121.1,  0.3257,  0.1061
 2017,     4,   2,  0.3043, -0.3083,     3,   89.6,  0.4331,  0.1876
 2017,     4,   3,  0.2523, -0.1074,     4,  111.9,  0.2742,  0.0752
 2017,     4,   4,  0.3538,  0.1037,     5,  151.3,  0.3687,  0.1359
 2017,     4,   5,  0.4161,  0.3019,     5,  171.0,  0.5141,  0.2643
 2017,     4,   6,  0.0673,  0.3198,     6,  213.1,  0.3268,  0.1068
 2017,     4,   7, -0.1684,  0.4855,     7,  244.1,  0.5138,  0.2640
 2017,     4,   8, -0.1160,  0.4376,     7,  239.8,  0.4527,  0.2050
 2017,     4,   9,  0.1411,  0.5560,     6,  210.8,  0.5736,  0.3291
 2017,     4,  10,  0.4542,  0.5256,     6,  184.2,  0.6946,  0.4825
 2017,     4,  11,  0.4618,  0.7313,     6,  192.7,  0.8649,  0.7480
 2017,     4,  12,  0.2255,  0.8746,     6,  210.5,  0.9032,  0.8157
 2017,     4,  13, -0.3423,  0.8662,     7,  246.6,  0.9313,  0.8674
 2017,     4,  14, -0.6527,  0.7452,     7,  266.2,  0.9906,  0.9813
 2017,     4,  15, -0.9268,  0.5799,     8,  283.0,  1.0933,  1.1952
 2017,     4,  16, -0.9515,  0.3576,     8,  294.4,  1.0164,  1.0332
 2017,     4,  17, -0.7721,  0.3287,     8,  291.9,  0.8392,  0.7042
 2017,     4,  18, -0.5816,  0.2947,     8,  288.1,  0.6520,  0.4252
 2017,     4,  19, -0.4271,  0.2964,     8,  280.2,  0.5199,  0.2703
 2017,     4,  20, -0.2604,  0.5046,     7,  252.3,  0.5678,  0.3224
 2017,     4,  21, -0.1512,  0.6853,     7,  237.4,  0.7018,  0.4926
 2017,     4,  22, -0.0028,  0.8001,     7,  225.2,  0.8001,  0.6402
 2017,     4,  23, -0.1120,  0.8595,     7,  232.4,  0.8668,  0.7513
 2017,     4,  24, -0.2617,  0.9681,     7,  240.1,  1.0029,  1.0057
 2017,     4,  25, -0.3796,  0.9434,     7,  246.9,  1.0169,  1.0342
 2017,     4,  26, -0.4820,  0.9165,     7,  252.7,  1.0355,  1.0723
 2017,     4,  27, -0.5149,  0.9074,     7,  254.6,  1.0433,  1.0885
 2017,     4,  28, -0.7529,  0.9155,     7,  264.4,  1.1853,  1.4049
 2017,     4,  29, -0.9427,  0.8584,     8,  272.7,  1.2750,  1.6256
 2017,     4,  30, -1.4073,  0.9354,     8,  281.4,  1.6898,  2.8555
 2017,     5,   1, -1.6395,  0.8635,     8,  287.2,  1.8530,  3.4337
 2017,     5,   2, -1.6020,  0.5925,     8,  294.7,  1.7081,  2.9175
 2017,     5,   3, -1.7952,  0.5086,     8,  299.2,  1.8658,  3.4813
 2017,     5,   4, -1.8018,  0.3112,     8,  305.2,  1.8285,  3.3433
 2017,     5,   5, -1.9365,  0.1612,     8,  310.2,  1.9432,  3.7761
 2017,     5,   6, -1.8097,  0.1197,     8,  311.2,  1.8136,  3.2893
 2017,     5,   7, -1.7107, -0.0324,     1,  316.1,  1.7110,  2.9274
 2017,     5,   8, -1.7588, -0.3342,     1,  325.8,  1.7903,  3.2050
 2017,     5,   9, -1.6345, -0.6418,     1,  336.4,  1.7560,  3.0835
 2017,     5,  10, -1.5255, -1.0209,     1,  348.8,  1.8356,  3.3694
 2017,     5,  11, -1.3450, -1.0066,     1,  351.8,  1.6799,  2.8222
 2017,     5,  12, -0.9329, -0.8982,     1,  358.9,  1.2951,  1.6772
 2017,     5,  13, -0.3536, -0.8898,     2,   23.3,  0.9575,  0.9169
 2017,     5,  14,  0.1207, -1.0910,     3,   51.3,  1.0976,  1.2048
 2017,     5,  15,  0.6116, -1.1525,     3,   73.0,  1.3047,  1.7022
 2017,     5,  16,  0.8214, -0.9099,     3,   87.1,  1.2258,  1.5027
 2017,     5,  17,  0.8372, -0.6252,     4,   98.2,  1.0449,  1.0917
 2017,     5,  18,  0.6208, -0.5385,     4,   94.1,  0.8218,  0.6754
 2017,     5,  19,  0.7285, -0.3647,     4,  108.4,  0.8147,  0.6638
 2017,     5,  20,  0.8943, -0.2686,     4,  118.3,  0.9338,  0.8720
 2017,     5,  21,  0.6803, -0.2441,     4,  115.3,  0.7228,  0.5224
 2017,     5,  22,  0.4249,  0.0766,     5,  145.2,  0.4318,  0.1864
 2017,     5,  23,  0.1687,  0.2697,     6,  193.0,  0.3181,  0.1012
 2017,     5,  24, -0.1265,  0.2066,     7,  256.5,  0.2423,  0.0587
 2017,     5,  25, -0.2342, -0.1719,     1,  351.3,  0.2905,  0.0844
 2017,     5,  26, -0.1467, -0.7247,     2,   33.6,  0.7394,  0.5468
 2017,     5,  27, -0.0256, -1.1306,     2,   43.7,  1.1309,  1.2790
 2017,     5,  28,  0.5456, -1.3715,     3,   66.7,  1.4761,  2.1787
 2017,     5,  29,  0.8358, -1.4645,     3,   74.7,  1.6862,  2.8434
 2017,     5,  30,  1.2260, -1.2522,     3,   89.4,  1.7524,  3.0711
 2017,     5,  31,  1.4463, -0.8792,     4,  103.7,  1.6926,  2.8647
 2017,     6,   1,  1.2570, -0.3996,     4,  117.4,  1.3190,  1.7398
 2017,     6,   2,  1.0161,  0.0522,     5,  137.9,  1.0174,  1.0351
 2017,     6,   3,  0.7391,  0.4614,     5,  167.0,  0.8712,  0.7590
 2017,     6,   4,  0.5086,  0.6846,     6,  188.4,  0.8528,  0.7273
 2017,     6,   5,  0.2726,  0.6493,     6,  202.2,  0.7042,  0.4959
 2017,     6,   6, -0.2257,  0.2682,     7,  265.1,  0.3505,  0.1229
 2017,     6,   7, -0.2579,  0.0014,     8,  314.7,  0.2579,  0.0665
 2017,     6,   8, -0.4171, -0.0450,     1,  321.2,  0.4195,  0.1760
 2017,     6,   9, -0.6292, -0.0429,     1,  318.9,  0.6307,  0.3978
 2017,     6,  10, -0.7793, -0.0896,     1,  321.6,  0.7845,  0.6154
 2017,     6,  11, -1.0209, -0.3327,     1,  333.0,  1.0738,  1.1529
 2017,     6,  12, -1.1920, -0.7029,     1,  345.5,  1.3838,  1.9149
 2017,     6,  13, -1.1855, -0.8858,     1,  351.8,  1.4799,  2.1902
 2017,     6,  14, -1.3433, -0.8385,     1,  347.0,  1.5835,  2.5075
 2017,     6,  15, -1.2079, -0.7710,     1,  347.5,  1.4330,  2.0534
 2017,     6,  16, -1.0906, -0.9117,     1,  354.9,  1.4215,  2.0206
 2017,     6,  17, -1.0383, -0.8097,     1,  352.9,  1.3167,  1.7336
 2017,     6,  18, -0.7745, -0.7962,     2,    0.8,  1.1108,  1.2338
 2017,     6,  19, -0.7670, -0.6383,     1,  354.8,  0.9978,  0.9957
 2017,     6,  20, -0.6509, -0.4578,     1,  350.1,  0.7958,  0.6332
 2017,     6,  21, -0.5120, -0.4914,     1,  358.8,  0.7096,  0.5036
 2017,     6,  22, -0.6378, -0.3126,     1,  341.1,  0.7103,  0.5045
 2017,     6,  23, -0.6093, -0.2276,     1,  335.5,  0.6504,  0.4231
 2017,     6,  24, -0.4708, -0.2227,     1,  340.3,  0.5209,  0.2713
 2017,     6,  25, -0.1698, -0.2361,     2,    9.3,  0.2908,  0.0846
 2017,     6,  26, -0.1726, -0.3370,     2,   17.9,  0.3786,  0.1434
 2017,     6,  27, -0.2610, -0.7226,     2,   25.1,  0.7683,  0.5903
 2017,     6,  28, -0.1450, -0.7817,     2,   34.5,  0.7950,  0.6320
 2017,     6,  29, -0.0132, -0.7181,     2,   43.9,  0.7182,  0.5159
 2017,     6,  30, -0.0088, -0.6232,     2,   44.2,  0.6233,  0.3885
 2017,     7,   1, -0.2093, -0.6547,     2,   27.3,  0.6873,  0.4724
 2017,     7,   2, -0.3847, -0.6154,     2,   13.0,  0.7258,  0.5267
 2017,     7,   3, -0.2071, -0.5483,     2,   24.3,  0.5861,  0.3436
 2017,     7,   4,  0.0394, -0.7087,     3,   48.2,  0.7098,  0.5038
 2017,     7,   5,  0.3531, -0.8131,     3,   68.5,  0.8864,  0.7858
 2017,     7,   6,  0.2752, -0.7628,     3,   64.8,  0.8109,  0.6575
 2017,     7,   7,  0.2516, -0.8125,     3,   62.2,  0.8505,  0.7234
 2017,     7,   8,  0.0866, -0.6985,     3,   52.1,  0.7039,  0.4954
 2017,     7,   9, -0.0846, -0.3738,     2,   32.3,  0.3833,  0.1469
 2017,     7,  10, -0.1666, -0.2168,     2,    7.5,  0.2734,  0.0748
 2017,     7,  11, -0.0563, -0.4001,     2,   37.0,  0.4041,  0.1633
 2017,     7,  12,  0.0955, -0.4159,     3,   57.9,  0.4267,  0.1821
 2017,     7,  13,  0.3349, -0.6141,     3,   73.6,  0.6995,  0.4893
 2017,     7,  14,  0.4571, -0.7484,     3,   76.4,  0.8769,  0.7690
 2017,     7,  15,  0.5940, -0.7047,     3,   85.1,  0.9217,  0.8495
 2017,     7,  16,  0.7581, -0.6674,     4,   93.6,  1.0100,  1.0201
 2017,     7,  17,  0.7642, -0.5740,     4,   98.1,  0.9558,  0.9136
 2017,     7,  18,  0.5495, -0.4401,     4,   96.3,  0.7040,  0.4956
 2017,     7,  19,  0.6142, -0.3875,     4,  102.8,  0.7262,  0.5274
 2017,     7,  20,  0.7821, -0.2966,     4,  114.2,  0.8365,  0.6997
 2017,     7,  21,  0.7968, -0.0357,     4,  132.4,  0.7976,  0.6361
 2017,     7,  22,  0.8346,  0.1050,     5,  142.2,  0.8412,  0.7075
 2017,     7,  23,  0.7000,  0.4772,     5,  169.3,  0.8472,  0.7178
 2017,     7,  24,  0.7004,  0.7475,     6,  181.9,  1.0243,  1.0492
 2017,     7,  25,  0.6820,  0.7650,     6,  183.3,  1.0248,  1.0502
 2017,     7,  26,  0.5791,  0.8990,     6,  192.2,  1.0693,  1.1435
 2017,     7,  27,  0.1486,  0.9207,     6,  215.8,  0.9327,  0.8699
 2017,     7,  28, -0.2828,  1.1859,     7,  238.4,  1.2191,  1.4863
 2017,     7,  29, -0.5615,  1.2667,     7,  248.9,  1.3855,  1.9197
 2017,     7,  30, -0.6595,  1.1389,     7,  255.1,  1.3161,  1.7321
 2017,     7,  31, -0.6532,  0.9709,     7,  258.9,  1.1702,  1.3693
 2017,     8,   1, -0.6036,  1.1160,     7,  253.4,  1.2688,  1.6099
 2017,     8,   2, -0.2131,  1.2549,     7,  234.6,  1.2729,  1.6203
 2017,     8,   3, -0.0229,  1.2518,     7,  226.0,  1.2520,  1.5675
 2017,     8,   4,  0.0021,  0.9434,     6,  224.9,  0.9434,  0.8900
 2017,     8,   5, -0.1105,  0.5203,     7,  237.0,  0.5319,  0.2829
 2017,     8,   6, -0.4609,  0.4155,     8,  273.0,  0.6205,  0.3851
 2017,     8,   7, -0.8145,  0.2401,     8,  298.6,  0.8491,  0.7211
 2017,     8,   8, -1.0621, -0.1319,     1,  322.1,  1.0703,  1.1455
 2017,     8,   9, -0.9132, -0.1911,     1,  326.8,  0.9330,  0.8705
 2017,     8,  10, -0.7536, -0.0984,     1,  322.4,  0.7600,  0.5775
 2017,     8,  11, -0.4834, -0.1019,     1,  326.9,  0.4940,  0.2440
 2017,     8,  12, -0.2303, -0.0948,     1,  337.4,  0.2491,  0.0620
 2017,     8,  13, -0.1180, -0.0149,     1,  322.2,  0.1189,  0.0141
 2017,     8,  14, -0.4359,  0.0558,     8,  307.7,  0.4394,  0.1931
 2017,     8,  15, -0.7151,  0.0843,     8,  308.3,  0.7201,  0.5185
 2017,     8,  16, -0.6218,  0.3386,     8,  286.4,  0.7080,  0.5013
 2017,     8,  17, -0.3728,  0.2400,     8,  282.2,  0.4433,  0.1966
 2017,     8,  18, -0.4308, -0.0199,     1,  317.7,  0.4312,  0.1860
 2017,     8,  19, -0.4341, -0.0779,     1,  325.2,  0.4410,  0.1945
 2017,     8,  20, -0.3649,  0.2037,     8,  285.8,  0.4179,  0.1746
 2017,     8,  21, -0.3049,  0.0387,     8,  307.8,  0.3073,  0.0944
 2017,     8,  22, -0.4511, -0.2336,     1,  342.4,  0.5080,  0.2580
 2017,     8,  23, -0.6070, -0.5795,     1,  358.7,  0.8392,  0.7043
 2017,     8,  24, -0.7374, -0.7056,     1,  358.7,  1.0206,  1.0416
 2017,     8,  25, -0.6543, -0.7901,     2,    5.4,  1.0259,  1.0524
 2017,     8,  26, -0.5954, -0.8707,     2,   10.6,  1.0548,  1.1126
 2017,     8,  27, -0.3434, -0.9630,     2,   25.4,  1.0224,  1.0452
 2017,     8,  28, -0.0272, -0.9698,     2,   43.4,  0.9702,  0.9413
 2017,     8,  29,  0.2747, -0.6284,     3,   68.6,  0.6858,  0.4703
 2017,     8,  30,  0.3712, -0.4053,     3,   87.5,  0.5496,  0.3021
 2017,     8,  31,  0.4309, -0.0189,     4,  132.5,  0.4313,  0.1860
 2017,     9,   1,  0.1736,  0.4305,     6,  203.0,  0.4642,  0.2155
 2017,     9,   2,  0.0526,  0.4475,     6,  218.3,  0.4505,  0.2030
 2017,     9,   3,  0.1118,  0.3785,     6,  208.5,  0.3947,  0.1558
 2017,     9,   4,  0.1850,  0.2140,     6,  184.2,  0.2829,  0.0800
 2017,     9,   5, -0.0076,  0.0869,     7,  230.0,  0.0873,  0.0076
 2017,     9,   6, -0.4164,  0.0180,     8,  312.5,  0.4168,  0.1737
 2017,     9,   7, -0.6003,  0.0579,     8,  309.5,  0.6031,  0.3638
 2017,     9,   8, -0.5263, -0.1043,     1,  326.2,  0.5366,  0.2879
 2017,     9,   9, -0.5212, -0.2127,     1,  337.2,  0.5629,  0.3168
 2017,     9,  10, -0.4729, -0.2425,     1,  342.1,  0.5314,  0.2824
 2017,     9,  11, -0.4207, -0.4712,     2,    3.2,  0.6317,  0.3990
 2017,     9,  12, -0.2220, -0.5221,     2,   22.0,  0.5673,  0.3219
 2017,     9,  13,  0.1351, -0.4258,     3,   62.6,  0.4467,  0.1996
 2017,     9,  14,  0.5229, -0.2672,     4,  107.9,  0.5872,  0.3448
 2017,     9,  15,  0.5887, -0.3517,     4,  104.1,  0.6858,  0.4703
 2017,     9,  16,  0.4327, -0.3420,     4,   96.7,  0.5515,  0.3042
 2017,     9,  17,  0.2062, -0.0279,     4,  127.3,  0.2081,  0.0433
 2017,     9,  18,  0.0123,  0.2059,     6,  221.6,  0.2063,  0.0425
 2017,     9,  19, -0.0837,  0.2919,     7,  241.0,  0.3037,  0.0922
 2017,     9,  20,  0.0219,  0.4769,     6,  222.4,  0.4774,  0.2279
 2017,     9,  21,  0.0732,  0.3889,     6,  214.3,  0.3957,  0.1566
 2017,     9,  22, -0.2582,  0.4540,     7,  254.6,  0.5223,  0.2728
 2017,     9,  23, -0.3120,  0.3748,     7,  264.8,  0.4877,  0.2378
 2017,     9,  24, -0.2001,  0.2544,     7,  263.2,  0.3237,  0.1048
 2017,     9,  25, -0.2338,  0.2552,     7,  267.5,  0.3461,  0.1198
 2017,     9,  26, -0.2723,  0.4342,     7,  257.1,  0.5125,  0.2627
 2017,     9,  27, -0.1515,  0.5018,     7,  241.8,  0.5241,  0.2747
 2017,     9,  28, -0.1092,  0.5538,     7,  236.2,  0.5645,  0.3187
 2017,     9,  29, -0.2531,  0.5206,     7,  250.9,  0.5789,  0.3351
 2017,     9,  30, -0.2948,  0.8014,     7,  245.2,  0.8539,  0.7291
 2017,    10,   1, -0.0269,  0.5425,     7,  227.8,  0.5431,  0.2950
 2017,    10,   2, -0.0950,  0.2171,     7,  248.6,  0.2369,  0.0561
 2017,    10,   3, -0.3398, -0.2059,     1,  346.2,  0.3973,  0.1579
 2017,    10,   4, -0.4000, -0.5779,     2,   10.3,  0.7028,  0.4939
 2017,    10,   5, -0.1218, -0.5970,     2,   33.5,  0.6093,  0.3713
 2017,    10,   6,  0.1831, -0.3851,     3,   70.4,  0.4264,  0.1818
 2017,    10,   7,  0.5059, -0.2320,     4,  110.4,  0.5566,  0.3098
 2017,    10,   8,  0.7945, -0.1193,     4,  126.5,  0.8034,  0.6455
 2017,    10,   9,  1.0089,  0.1943,     5,  145.9,  1.0275,  1.0557
 2017,    10,  10,  1.3351,  0.2458,     5,  145.4,  1.3575,  1.8428
 2017,    10,  11,  1.5746,  0.2687,     5,  144.7,  1.5973,  2.5514
 2017,    10,  12,  1.8046,  0.4296,     5,  148.4,  1.8550,  3.4412
 2017,    10,  13,  2.0817,  0.5604,     5,  150.1,  2.1558,  4.6476
 2017,    10,  14,  2.4037,  0.5854,     5,  148.7,  2.4739,  6.1203
 2017,    10,  15,  2.6211,  1.0326,     5,  156.5,  2.8172,  7.9365
 2017,    10,  16,  2.5006,  1.3131,     5,  162.7,  2.8244,  7.9770
 2017,    10,  17,  2.1742,  1.7195,     5,  173.3,  2.7719,  7.6837
 2017,    10,  18,  1.9866,  2.1104,     6,  181.7,  2.8984,  8.4005
 2017,    10,  19,  1.6088,  2.3357,     6,  190.4,  2.8361,  8.0436
 2017,    10,  20,  1.1800,  2.3383,     6,  198.2,  2.6192,  6.8603
 2017,    10,  21,  0.7719,  2.4985,     6,  207.8,  2.6150,  6.8384
 2017,    10,  22,  0.2102,  2.6101,     6,  220.4,  2.6186,  6.8570
 2017,    10,  23, -0.5232,  2.1518,     7,  238.7,  2.2145,  4.9042
 2017,    10,  24, -1.0946,  1.8639,     7,  255.4,  2.1615,  4.6722
 2017,    10,  25, -1.2385,  1.9256,     7,  257.7,  2.2894,  5.2415
 2017,    10,  26, -1.4441,  2.1346,     7,  259.1,  2.5772,  6.6421
 2017,    10,  27, -1.7725,  1.7350,     8,  270.6,  2.4803,  6.1520
 2017,    10,  28, -1.9618,  1.3335,     8,  280.8,  2.3721,  5.6269
 2017,    10,  29, -1.8525,  0.9380,     8,  288.1,  2.0764,  4.3116
 2017,    10,  30, -1.5963,  0.6469,     8,  292.9,  1.7224,  2.9666
 2017,    10,  31, -1.3739,  0.4933,     8,  295.2,  1.4598,  2.1310
 2017,    11,   1, -1.5891,  0.3118,     8,  303.9,  1.6194,  2.6226
 2017,    11,   2, -1.3956,  0.1545,     8,  308.7,  1.4041,  1.9715
 2017,    11,   3, -1.3106, -0.2801,     1,  327.1,  1.3402,  1.7962
 2017,    11,   4, -1.1955, -0.4532,     1,  335.8,  1.2785,  1.6346
 2017,    11,   5, -1.1075, -0.6342,     1,  344.8,  1.2762,  1.6288
 2017,    11,   6, -0.7726, -0.7624,     1,  359.6,  1.0854,  1.1781
 2017,    11,   7, -0.3802, -0.6773,     2,   15.7,  0.7768,  0.6034
 2017,    11,   8,  0.0703, -0.4853,     3,   53.2,  0.4904,  0.2405
 2017,    11,   9,  0.2349, -0.1989,     4,   94.7,  0.3078,  0.0948
 2017,    11,  10,  0.1236,  0.1628,     6,  187.8,  0.2044,  0.0418
 2017,    11,  11,  0.1880,  0.5111,     6,  204.8,  0.5445,  0.2965
 2017,    11,  12,  0.0038,  0.5097,     6,  224.6,  0.5097,  0.2598
 2017,    11,  13, -0.1847,  0.3078,     7,  256.0,  0.3589,  0.1288
 2017,    11,  14, -0.4069,  0.1945,     8,  289.5,  0.4510,  0.2034
 2017,    11,  15, -0.4939,  0.2955,     8,  284.1,  0.5756,  0.3313
 2017,    11,  16, -0.3564,  0.2626,     8,  278.6,  0.4427,  0.1960
 2017,    11,  17, -0.1017,  0.2017,     7,  251.8,  0.2259,  0.0510
 2017,    11,  18, -0.0252,  0.3558,     7,  229.0,  0.3566,  0.1272
 2017,    11,  19, -0.2076,  0.2255,     7,  267.6,  0.3066,  0.0940
 2017,    11,  20, -0.1481, -0.0155,     1,  321.0,  0.1489,  0.0222
 2017,    11,  21, -0.2078, -0.0598,     1,  331.1,  0.2162,  0.0468
 2017,    11,  22, -0.1274, -0.3251,     2,   23.6,  0.3491,  0.1219
 2017,    11,  23,  0.0137, -0.5339,     3,   46.5,  0.5341,  0.2852
 2017,    11,  24,  0.2138, -0.5683,     3,   65.6,  0.6072,  0.3687
 2017,    11,  25,  0.3886, -0.5825,     3,   78.7,  0.7002,  0.4902
 2017,    11,  26,  0.8088, -0.5953,     4,   98.6,  1.0043,  1.0085
 2017,    11,  27,  1.1407, -0.8997,     4,   96.7,  1.4528,  2.1107
 2017,    11,  28,  1.1370, -1.0609,     4,   92.0,  1.5550,  2.4182
 2017,    11,  29,  1.0529, -0.6015,     4,  105.3,  1.2126,  1.4704
 2017,    11,  30,  1.3710, -0.0544,     4,  132.7,  1.3721,  1.8826
 2017,    12,   1,  1.2977,  0.1694,     5,  142.4,  1.3087,  1.7127
 2017,    12,   2,  1.4386,  0.6780,     5,  160.2,  1.5903,  2.5291
 2017,    12,   3,  1.3379,  1.1334,     5,  175.3,  1.7535,  3.0746
 2017,    12,   4,  1.1383,  1.2173,     6,  181.9,  1.6666,  2.7775
 2017,    12,   5,  0.8256,  1.2217,     6,  191.0,  1.4745,  2.1741
 2017,    12,   6,  0.5456,  1.3391,     6,  202.8,  1.4460,  2.0908
 2017,    12,   7,  0.0563,  1.2785,     6,  222.5,  1.2797,  1.6378
 2017,    12,   8, -0.4034,  1.4171,     7,  240.9,  1.4734,  2.1709
 2017,    12,   9, -0.5819,  1.0294,     7,  254.5,  1.1825,  1.3982
 2017,    12,  10, -0.5947,  0.8834,     7,  258.9,  1.0649,  1.1341
 2017,    12,  11, -0.5006,  0.7027,     7,  260.5,  0.8627,  0.7443
 2017,    12,  12, -0.3735,  0.7539,     7,  251.4,  0.8414,  0.7079
 2017,    12,  13, -0.2151,  0.9275,     7,  238.1,  0.9522,  0.9066
 2017,    12,  14, -0.2515,  1.2716,     7,  236.2,  1.2963,  1.6803
 2017,    12,  15, -0.5672,  1.6134,     7,  244.4,  1.7103,  2.9250
 2017,    12,  16, -0.8953,  1.6172,     7,  254.0,  1.8485,  3.4171
 2017,    12,  17, -1.1757,  1.4288,     7,  264.4,  1.8503,  3.4237
 2017,    12,  18, -1.3884,  1.2579,     8,  272.8,  1.8735,  3.5100
 2017,    12,  19, -1.5299,  0.9699,     8,  282.6,  1.8114,  3.2811
 2017,    12,  20, -1.5879,  0.7940,     8,  288.4,  1.7754,  3.1520
 2017,    12,  21, -1.5342,  0.4435,     8,  298.9,  1.5970,  2.5505
 2017,    12,  22, -1.4673,  0.4021,     8,  299.7,  1.5214,  2.3146
 2017,    12,  23, -1.3444,  0.2637,     8,  303.9,  1.3700,  1.8770
 2017,    12,  24, -1.2472, -0.0003,     1,  315.0,  1.2472,  1.5556
 2017,    12,  25, -1.1592, -0.3439,     1,  331.5,  1.2091,  1.4620
 2017,    12,  26, -1.1240, -0.3695,     1,  333.2,  1.1832,  1.4000
 2017,    12,  27, -1.1228, -0.4781,     1,  338.1,  1.2203,  1.4892
 2017,    12,  28, -1.1311, -0.7705,     1,  349.3,  1.3686,  1.8730
 2017,    12,  29, -0.8896, -1.1550,     2,    7.4,  1.4579,  2.1254
 2017,    12,  30, -0.7731, -1.6961,     2,   20.5,  1.8640,  3.4745
 2017,    12,  31, -0.7339, -1.9450,     2,   24.3,  2.0788,  4.3216
 2018,     1,   1, -0.4369, -1.6829,     2,   30.4,  1.7387,  3.0229
 2018,     1,   2, -0.3087, -1.5690,     2,   33.9,  1.5991,  2.5571
 2018,     1,   3, -0.4265, -1.6226,     2,   30.3,  1.6777,  2.8148
 2018,     1,   4, -0.4017, -1.5539,     2,   30.5,  1.6050,  2.5761
 2018,     1,   5, -0.4202, -1.7625,     2,   31.6,  1.8119,  3.2831
 2018,     1,   6, -0.4028, -2.0911,     2,   34.1,  2.1295,  4.5348
 2018,     1,   7, -0.2568, -2.1352,     2,   38.1,  2.1506,  4.6252
 2018,     1,   8, -0.1647, -2.2718,     2,   40.9,  2.2777,  5.1881
 2018,     1,   9,  0.0796, -2.0979,     3,   47.2,  2.0994,  4.4074
 2018,     1,  10,  0.3084, -1.7696,     3,   54.9,  1.7963,  3.2266
 2018,     1,  11,  0.3901, -1.7773,     3,   57.4,  1.8196,  3.3111
 2018,     1,  12,  0.3131, -1.8919,     3,   54.4,  1.9177,  3.6775
 2018,     1,  13,  0.4471, -1.7168,     3,   59.6,  1.7741,  3.1474
 2018,     1,  14,  0.7199, -1.7439,     3,   67.4,  1.8866,  3.5593
 2018,     1,  15,  0.9821, -1.4999,     3,   78.2,  1.7928,  3.2142
 2018,     1,  16,  1.4948, -1.3145,     4,   93.7,  1.9906,  3.9623
 2018,     1,  17,  1.7976, -1.0301,     4,  105.2,  2.0718,  4.2923
 2018,     1,  18,  1.7098, -0.9452,     4,  106.1,  1.9537,  3.8168
 2018,     1,  19,  1.7199, -0.5707,     4,  116.6,  1.8121,  3.2838
 2018,     1,  20,  1.7074, -0.3847,     4,  122.3,  1.7502,  3.0631
 2018,     1,  21,  1.5695, -0.2158,     4,  127.2,  1.5843,  2.5099
 2018,     1,  22,  1.4571, -0.0127,     4,  134.5,  1.4571,  2.1232
 2018,     1,  23,  1.3247,  0.4779,     5,  154.8,  1.4082,  1.9831
 2018,     1,  24,  1.3983,  0.9127,     5,  168.1,  1.6698,  2.7884
 2018,     1,  25,  1.4192,  1.4614,     6,  180.8,  2.0371,  4.1498
 2018,     1,  26,  1.5795,  1.6991,     6,  182.1,  2.3199,  5.3818
 2018,     1,  27,  1.6816,  2.1551,     6,  187.0,  2.7335,  7.4721
 2018,     1,  28,  1.5586,  2.5673,     6,  193.7,  3.0033,  9.0199
 2018,     1,  29,  0.8917,  3.0573,     6,  208.7,  3.1847, 10.1422
 2018,     1,  30,  0.1272,  3.1856,     6,  222.7,  3.1881, 10.1642
 2018,     1,  31, -0.3516,  3.2068,     7,  231.3,  3.2261, 10.4075
 2018,     2,   1, -0.4549,  3.0556,     7,  233.5,  3.0892,  9.5435
 2018,     2,   2, -0.9788,  2.7784,     7,  244.4,  2.9458,  8.6777
 2018,     2,   3, -1.5354,  2.7054,     7,  254.6,  3.1108,  9.6769
 2018,     2,   4, -1.8012,  2.6216,     7,  259.5,  3.1808, 10.1174
 2018,     2,   5, -1.9209,  2.5808,     7,  261.7,  3.2172, 10.3503
 2018,     2,   6, -2.0122,  2.5872,     7,  262.9,  3.2776, 10.7428
 2018,     2,   7, -2.2023,  2.6759,     7,  264.5,  3.4656, 12.0107
 2018,     2,   8, -2.2086,  2.5033,     7,  266.4,  3.3383, 11.1441
 2018,     2,   9, -2.0139,  2.1848,     7,  267.7,  2.9714,  8.8292
 2018,     2,  10, -1.9572,  1.7256,     8,  273.6,  2.6093,  6.8085
 2018,     2,  11, -1.8287,  1.6493,     8,  273.0,  2.4626,  6.0646
 2018,     2,  12, -1.4725,  1.4821,     7,  269.8,  2.0892,  4.3649
 2018,     2,  13, -1.1088,  1.1590,     7,  268.7,  1.6040,  2.5728
 2018,     2,  14, -1.1243,  1.1869,     7,  268.4,  1.6349,  2.6728
 2018,     2,  15, -1.1432,  1.2548,     7,  267.3,  1.6974,  2.8812
 2018,     2,  16, -1.1591,  1.5230,     7,  262.3,  1.9139,  3.6630
 2018,     2,  17, -0.9502,  1.3036,     7,  261.1,  1.6131,  2.6022
 2018,     2,  18, -1.0265,  0.8163,     8,  276.5,  1.3116,  1.7202
 2018,     2,  19, -1.3487,  0.2386,     8,  305.0,  1.3696,  1.8759
 2018,     2,  20, -1.3092, -0.1371,     1,  321.0,  1.3164,  1.7329
 2018,     2,  21, -1.2080, -0.5459,     1,  339.3,  1.3256,  1.7572
 2018,     2,  22, -1.0986, -1.0674,     1,  359.2,  1.5318,  2.3463
 2018,     2,  23, -1.2828, -1.6503,     2,    7.1,  2.0902,  4.3689
 2018,     2,  24, -1.2597, -1.7167,     2,    8.7,  2.1293,  4.5338
 2018,     2,  25, -0.9380, -1.6733,     2,   15.7,  1.9182,  3.6796
 2018,     2,  26, -0.5281, -1.7112,     2,   27.8,  1.7909,  3.2072
 2018,     2,  27, -0.2334, -1.5335,     2,   36.3,  1.5512,  2.4062
 2018,     2,  28,  0.0764, -1.2392,     3,   48.5,  1.2416,  1.5416
 2018,     3,   1,  0.1528, -1.1465,     3,   52.6,  1.1567,  1.3379
 2018,     3,   2,  0.1911, -1.0106,     3,   55.7,  1.0285,  1.0578
 2018,     3,   3,  0.3258, -1.0628,     3,   62.0,  1.1116,  1.2357
 2018,     3,   4,  0.4007, -0.8822,     3,   69.4,  0.9690,  0.9389
 2018,     3,   5,  0.6066, -0.9170,     3,   78.5,  1.0995,  1.2089
 2018,     3,   6,  0.9324, -0.9373,     3,   89.9,  1.3221,  1.7479
 2018,     3,   7,  1.2715, -0.9109,     4,   99.4,  1.5641,  2.4463
 2018,     3,   8,  1.2505, -0.7172,     4,  105.2,  1.4415,  2.0780
 2018,     3,   9,  1.0294, -0.7643,     4,   98.4,  1.2822,  1.6440
 2018,     3,  10,  0.5105, -0.7297,     3,   80.0,  0.8906,  0.7931
 2018,     3,  11,  0.1391, -0.7757,     3,   55.2,  0.7881,  0.6211
 2018,     3,  12,  0.2461, -0.7301,     3,   63.6,  0.7705,  0.5936
 2018,     3,  13,  0.3558, -0.5285,     3,   78.9,  0.6371,  0.4059
 2018,     3,  14,  0.5474, -0.1993,     4,  115.0,  0.5825,  0.3393
 2018,     3,  15,  0.5885, -0.0577,     4,  129.4,  0.5913,  0.3496
 2018,     3,  16,  0.3672, -0.0108,     4,  133.3,  0.3674,  0.1350
 2018,     3,  17, -0.0476, -0.2487,     2,   34.2,  0.2532,  0.0641
 2018,     3,  18, -0.2231, -0.1772,     1,  353.5,  0.2849,  0.0812
 2018,     3,  19, -0.0992,  0.3099,     7,  242.7,  0.3254,  0.1059
 2018,     3,  20,  0.0134,  0.4627,     6,  223.3,  0.4629,  0.2143
 2018,     3,  21,  0.3893,  0.5182,     6,  188.1,  0.6482,  0.4201
 2018,     3,  22,  0.6507,  0.1086,     5,  144.5,  0.6597,  0.4353
 2018,     3,  23,  0.7654,  0.0671,     5,  140.0,  0.7683,  0.5903
 2018,     3,  24,  0.4211,  0.3561,     5,  175.2,  0.5515,  0.3041
 2018,     3,  25,  0.1138,  0.8535,     6,  217.4,  0.8610,  0.7414
 2018,     3,  26, -0.2030,  1.1548,     7,  235.0,  1.1725,  1.3748
 2018,     3,  27, -0.3178,  1.4050,     7,  237.7,  1.4405,  2.0752
 2018,     3,  28, -0.4487,  1.5680,     7,  241.0,  1.6310,  2.6601
 2018,     3,  29, -0.6886,  1.6778,     7,  247.3,  1.8136,  3.2893
 2018,     3,  30, -0.9392,  1.3214,     7,  260.4,  1.6212,  2.6282
 2018,     3,  31, -1.0666,  1.3291,     7,  263.7,  1.7041,  2.9039
 2018,     4,   1, -1.0531,  1.5084,     7,  259.9,  1.8396,  3.3842
 2018,     4,   2, -1.3775,  1.5469,     7,  266.7,  2.0713,  4.2904
 2018,     4,   3, -1.9303,  1.4749,     8,  277.6,  2.4292,  5.9012
 2018,     4,   4, -2.3126,  1.0542,     8,  290.5,  2.5416,  6.4598
 2018,     4,   5, -2.2773,  0.4565,     8,  303.7,  2.3226,  5.3944
 2018,     4,   6, -2.0495, -0.1030,     1,  317.9,  2.0521,  4.2112
 2018,     4,   7, -2.2666, -0.5628,     1,  328.9,  2.3355,  5.4544
 2018,     4,   8, -2.2954, -0.7228,     1,  332.5,  2.4065,  5.7914
 2018,     4,   9, -2.0417, -0.7743,     1,  335.8,  2.1835,  4.7679
 2018,     4,  10, -1.6424, -0.9338,     1,  344.6,  1.8893,  3.5693
 2018,     4,  11, -1.0746, -1.3524,     2,    6.5,  1.7274,  2.9839
 2018,     4,  12, -0.6113, -1.6560,     2,   24.7,  1.7652,  3.1160
 2018,     4,  13,  0.0192, -1.9148,     3,   45.6,  1.9148,  3.6666
 2018,     4,  14,  0.2639, -1.9849,     3,   52.6,  2.0024,  4.0097
 2018,     4,  15,  0.6396, -1.8313,     3,   64.3,  1.9398,  3.7628
 2018,     4,  16,  0.7224, -1.8025,     3,   66.8,  1.9419,  3.7710
 2018,     4,  17,  0.7142, -1.4248,     3,   71.6,  1.5938,  2.5401
 2018,     4,  18,  0.9892, -0.9200,     4,   92.1,  1.3508,  1.8248
 2018,     4,  19,  0.8700, -0.6169,     4,   99.7,  1.0665,  1.1373
 2018,     4,  20,  0.8908, -0.4500,     4,  108.2,  0.9980,  0.9960
 2018,     4,  21,  0.7424, -0.2954,     4,  113.3,  0.7990,  0.6385
 2018,     4,  22,  0.7640, -0.1639,     4,  122.9,  0.7814,  0.6106
 2018,     4,  23,  0.7524,  0.0075,     5,  135.6,  0.7525,  0.5662
 2018,     4,  24,  0.8992,  0.1283,     5,  143.1,  0.9083,  0.8250
 2018,     4,  25,  0.9209,  0.3296,     5,  154.7,  0.9781,  0.9567
 2018,     4,  26,  0.7756,  0.3196,     5,  157.4,  0.8389,  0.7037
 2018,     4,  27,  0.4062,  0.2557,     5,  167.2,  0.4799,  0.2303
 2018,     4,  28,  0.2000,  0.1410,     5,  170.2,  0.2447,  0.0599
 2018,     4,  29,  0.2080,  0.2791,     6,  188.3,  0.3481,  0.1212
 2018,     4,  30,  0.0519,  0.4028,     6,  217.7,  0.4062,  0.1650
 2018,     5,   1, -0.0439,  0.4805,     7,  230.2,  0.4825,  0.2328
 2018,     5,   2,  0.0342,  0.5733,     6,  221.6,  0.5743,  0.3298
 2018,     5,   3,  0.0734,  0.5575,     6,  217.5,  0.5624,  0.3162
 2018,     5,   4, -0.0949,  0.3352,     7,  240.8,  0.3484,  0.1214
 2018,     5,   5, -0.7634,  0.0758,     8,  309.3,  0.7672,  0.5885
 2018,     5,   6, -1.1879, -0.0660,     1,  318.2,  1.1897,  1.4154
 2018,     5,   7, -1.0805, -0.1370,     1,  322.2,  1.0892,  1.1863
 2018,     5,   8, -1.1191, -0.4052,     1,  334.9,  1.1902,  1.4166
 2018,     5,   9, -1.2556, -0.7260,     1,  345.0,  1.4504,  2.1036
 2018,     5,  10, -1.3331, -0.8088,     1,  346.2,  1.5592,  2.4311
 2018,     5,  11, -1.2551, -1.0259,     1,  354.3,  1.6211,  2.6278
 2018,     5,  12, -1.2663, -1.1981,     1,  358.4,  1.7432,  3.0389
 2018,     5,  13, -1.3388, -1.4331,     2,    1.9,  1.9612,  3.8463
 2018,     5,  14, -1.1538, -1.3560,     2,    4.6,  1.7805,  3.1700
 2018,     5,  15, -0.7979, -1.2593,     2,   12.6,  1.4908,  2.2224
 2018,     5,  16, -0.6075, -1.2442,     2,   19.0,  1.3846,  1.9171
 2018,     5,  17, -0.3627, -1.5074,     2,   31.5,  1.5505,  2.4039
 2018,     5,  18, -0.0502, -1.6377,     2,   43.2,  1.6385,  2.6847
 2018,     5,  19,  0.0613, -1.7452,     3,   47.0,  1.7463,  3.0496
 2018,     5,  20, -0.0189, -1.6730,     2,   44.4,  1.6731,  2.7992
 2018,     5,  21, -0.0519, -1.5463,     2,   43.1,  1.5472,  2.3938
 2018,     5,  22,  0.0388, -1.5853,     3,   46.4,  1.5857,  2.5145
 2018,     5,  23,  0.1092, -1.7325,     3,   48.6,  1.7359,  3.0135
 2018,     5,  24,  0.2612, -1.5922,     3,   54.3,  1.6134,  2.6032
 2018,     5,  25,  0.5310, -1.6192,     3,   63.2,  1.7040,  2.9038
 2018,     5,  26,  0.7857, -1.7179,     3,   69.6,  1.8891,  3.5687
 2018,     5,  27,  0.9625, -1.6427,     3,   75.4,  1.9039,  3.6247
 2018,     5,  28,  1.4612, -1.3624,     4,   92.0,  1.9978,  3.9911
 2018,     5,  29,  1.8664, -1.0611,     4,  105.4,  2.1470,  4.6095
 2018,     5,  30,  1.9916, -0.5213,     4,  120.3,  2.0587,  4.2384
 2018,     5,  31,  1.9613,  0.0483,     5,  136.4,  1.9619,  3.8489
 2018,     6,   1,  2.1408,  0.1703,     5,  139.5,  2.1476,  4.6122
 2018,     6,   2,  1.9914,  0.4962,     5,  149.0,  2.0522,  4.2117
 2018,     6,   3,  2.0615,  0.8751,     5,  158.0,  2.2395,  5.0155
 2018,     6,   4,  1.9109,  1.0605,     5,  164.0,  2.1854,  4.7762
 2018,     6,   5,  1.5057,  1.1660,     5,  172.8,  1.9044,  3.6267
 2018,     6,   6,  1.2400,  1.0116,     5,  174.2,  1.6003,  2.5609
 2018,     6,   7,  1.2497,  0.8414,     5,  169.0,  1.5065,  2.2696
 2018,     6,   8,  1.1354,  0.5333,     5,  160.2,  1.2544,  1.5736
 2018,     6,   9,  0.9964,  0.0579,     5,  138.3,  0.9981,  0.9962
 2018,     6,  10,  0.8935,  0.0547,     5,  138.5,  0.8951,  0.8013
 2018,     6,  11,  0.9465,  0.0752,     5,  139.5,  0.9495,  0.9015
 2018,     6,  12,  0.9910, -0.0547,     4,  131.8,  0.9925,  0.9850
 2018,     6,  13,  0.7546,  0.0262,     5,  137.0,  0.7550,  0.5701
 2018,     6,  14,  0.5648,  0.0476,     5,  139.8,  0.5668,  0.3212
 2018,     6,  15,  0.4735, -0.4295,     4,   92.8,  0.6393,  0.4087
 2018,     6,  16,  0.0452, -0.5497,     3,   49.7,  0.5516,  0.3042
 2018,     6,  17, -0.4560, -0.6547,     2,   10.1,  0.7979,  0.6366
 2018,     6,  18, -0.7824, -0.6540,     1,  354.9,  1.0198,  1.0400
 2018,     6,  19, -0.7100, -0.6391,     1,  357.0,  0.9553,  0.9125
 2018,     6,  20, -0.5086, -0.6487,     2,    6.9,  0.8243,  0.6795
 2018,     6,  21, -0.2287, -0.5912,     2,   23.9,  0.6339,  0.4018
 2018,     6,  22, -0.1064, -0.6838,     2,   36.2,  0.6920,  0.4789
 2018,     6,  23,  0.0002, -0.8098,     3,   45.0,  0.8098,  0.6558
 2018,     6,  24,  0.0897, -0.9658,     3,   50.3,  0.9699,  0.9407
 2018,     6,  25,  0.1186, -1.1710,     3,   50.8,  1.1770,  1.3853
 2018,     6,  26,  0.0677, -1.2753,     3,   48.0,  1.2771,  1.6310
 2018,     6,  27, -0.0282, -1.2896,     2,   43.7,  1.2900,  1.6640
 2018,     6,  28, -0.2514, -1.2048,     2,   33.2,  1.2308,  1.5148
 2018,     6,  29, -0.1632, -1.1405,     2,   36.9,  1.1521,  1.3274
 2018,     6,  30,  0.0691, -0.9026,     3,   49.4,  0.9052,  0.8195
 2018,     7,   1,  0.3785, -0.7546,     3,   71.6,  0.8442,  0.7126
 2018,     7,   2,  0.4338, -0.5567,     3,   82.9,  0.7058,  0.4981
 2018,     7,   3,  0.4373, -0.3698,     4,   94.8,  0.5727,  0.3280
 2018,     7,   4,  0.4652, -0.1813,     4,  113.7,  0.4993,  0.2493
 2018,     7,   5,  0.4671,  0.2487,     5,  163.0,  0.5292,  0.2801
 2018,     7,   6,  0.6348,  0.4160,     5,  168.2,  0.7590,  0.5761
 2018,     7,   7,  1.0807,  0.2073,     5,  145.9,  1.1004,  1.2109
 2018,     7,   8,  1.5648, -0.0204,     4,  134.3,  1.5649,  2.4490
 2018,     7,   9,  1.6776, -0.2103,     4,  127.9,  1.6907,  2.8584
 2018,     7,  10,  1.8238,  0.0103,     5,  135.3,  1.8238,  3.3264
 2018,     7,  11,  1.8683,  0.2555,     5,  142.8,  1.8857,  3.5558
 2018,     7,  12,  1.8341,  0.3851,     5,  146.9,  1.8741,  3.5123
 2018,     7,  13,  1.8400,  0.7082,     5,  156.1,  1.9716,  3.8873
 2018,     7,  14,  1.9879,  1.0073,     5,  161.9,  2.2285,  4.9662
 2018,     7,  15,  2.0938,  1.3739,     5,  168.3,  2.5043,  6.2716
 2018,     7,  16,  1.9864,  1.6053,     5,  173.9,  2.5540,  6.5229
 2018,     7,  17,  2.0777,  1.7376,     5,  174.9,  2.7086,  7.3362
 2018,     7,  18,  1.8757,  1.7493,     5,  178.0,  2.5648,  6.5783
 2018,     7,  19,  1.5612,  1.7989,     6,  184.0,  2.3819,  5.6733
 2018,     7,  20,  1.2078,  1.7112,     6,  189.8,  2.0945,  4.3869
 2018,     7,  21,  0.7621,  1.4480,     6,  197.2,  1.6363,  2.6776
 2018,     7,  22,  0.4459,  1.5978,     6,  209.4,  1.6588,  2.7517
 2018,     7,  23,  0.3016,  1.6002,     6,  214.3,  1.6284,  2.6516
 2018,     7,  24,  0.1620,  1.5388,     6,  219.0,  1.5473,  2.3942
 2018,     7,  25,  0.1476,  1.5491,     6,  219.6,  1.5561,  2.4215
 2018,     7,  26,  0.2460,  1.2477,     6,  213.8,  1.2717,  1.6173
 2018,     7,  27,  0.2222,  1.1975,     6,  214.5,  1.2179,  1.4833
 2018,     7,  28,  0.1616,  1.0688,     6,  216.4,  1.0809,  1.1684
 2018,     7,  29,  0.0977,  0.8808,     6,  218.7,  0.8862,  0.7854
 2018,     7,  30, -0.0216,  0.6709,     7,  226.8,  0.6713,  0.4506
 2018,     7,  31, -0.1371,  0.7619,     7,  235.2,  0.7741,  0.5993
 2018,     8,   1, -0.3417,  1.1479,     7,  241.6,  1.1977,  1.4344
 2018,     8,   2, -0.4691,  1.5521,     7,  241.8,  1.6215,  2.6291
 2018,     8,   3, -0.4343,  1.4340,     7,  241.9,  1.4983,  2.2449
 2018,     8,   4, -0.1660,  1.1795,     7,  233.0,  1.1911,  1.4187
 2018,     8,   5,  0.0654,  1.4961,     6,  222.5,  1.4976,  2.2427
 2018,     8,   6,  0.0589,  1.5904,     6,  222.9,  1.5915,  2.5329
 2018,     8,   7,  0.1761,  1.3699,     6,  217.7,  1.3811,  1.9075
 2018,     8,   8,  0.0777,  1.3405,     6,  221.7,  1.3428,  1.8030
 2018,     8,   9, -0.1036,  1.5568,     7,  228.8,  1.5602,  2.4343
 2018,     8,  10, -0.2363,  1.9297,     7,  232.0,  1.9441,  3.7796
 2018,     8,  11, -0.3374,  2.0945,     7,  234.2,  2.1215,  4.5008
 2018,     8,  12, -0.2532,  2.0269,     7,  232.1,  2.0427,  4.1726
 2018,     8,  13, -0.1432,  1.7536,     7,  229.7,  1.7595,  3.0957
 2018,     8,  14, -0.2344,  1.2145,     7,  235.9,  1.2369,  1.5299
 2018,     8,  15, -0.0864,  0.8039,     7,  231.1,  0.8085,  0.6537
 2018,     8,  16,  0.2673,  0.7685,     6,  205.8,  0.8137,  0.6621
 2018,     8,  17,  0.5312,  0.6995,     6,  187.8,  0.8784,  0.7715
 2018,     8,  18,  0.4789,  0.4764,     5,  179.9,  0.6755,  0.4563
 2018,     8,  19,  0.5071,  0.2616,     5,  162.3,  0.5706,  0.3256
 2018,     8,  20,  0.4801,  0.2499,     5,  162.5,  0.5413,  0.2930
 2018,     8,  21,  0.4337,  0.1887,     5,  158.5,  0.4730,  0.2237
 2018,     8,  22,  0.4443, -0.0249,     4,  131.8,  0.4450,  0.1980
 2018,     8,  23,  0.5467, -0.1387,     4,  120.8,  0.5640,  0.3181
 2018,     8,  24,  0.5203, -0.0476,     4,  129.8,  0.5225,  0.2730
 2018,     8,  25,  0.7911, -0.0828,     4,  129.0,  0.7954,  0.6327
 2018,     8,  26,  0.6256, -0.1808,     4,  118.9,  0.6512,  0.4240
 2018,     8,  27,  0.4266, -0.1492,     4,  115.7,  0.4519,  0.2042
 2018,     8,  28,  0.2082,  0.0141,     5,  138.9,  0.2087,  0.0436
 2018,     8,  29,  0.0614,  0.1930,     6,  207.4,  0.2025,  0.0410
 2018,     8,  30,  0.2369,  0.3646,     6,  192.0,  0.4348,  0.1890
 2018,     8,  31,  0.2426,  0.3567,     6,  190.8,  0.4313,  0.1861
 2018,     9,   1,  0.1843,  0.2854,     6,  192.1,  0.3397,  0.1154
 2018,     9,   2,  0.1115,  0.1912,     6,  194.8,  0.2213,  0.0490
 2018,     9,   3, -0.1690, -0.0482,     1,  330.9,  0.1757,  0.0309
 2018,     9,   4, -0.7943, -0.0197,     1,  316.4,  0.7946,  0.6314
 2018,     9,   5, -1.0424,  0.1725,     8,  305.6,  1.0566,  1.1163
 2018,     9,   6, -0.8593,  0.0496,     8,  311.7,  0.8608,  0.7409
 2018,     9,   7, -0.8394,  0.2122,     8,  300.8,  0.8658,  0.7496
 2018,     9,   8, -0.8414,  0.0865,     8,  309.1,  0.8458,  0.7154
 2018,     9,   9, -1.1846, -0.0857,     1,  319.1,  1.1877,  1.4106
 2018,     9,  10, -1.3071,  0.1293,     8,  309.4,  1.3135,  1.7252
 2018,     9,  11, -1.0876,  0.0998,     8,  309.8,  1.0921,  1.1928
 2018,     9,  12, -0.6583,  0.1364,     8,  303.3,  0.6723,  0.4519
 2018,     9,  13, -0.2821, -0.1904,     1,  349.0,  0.3403,  0.1158
 2018,     9,  14,  0.0902, -0.4034,     3,   57.6,  0.4134,  0.1709
 2018,     9,  15,  0.4169, -0.4836,     3,   85.8,  0.6385,  0.4077
 2018,     9,  16,  0.5180, -0.4992,     4,   91.1,  0.7194,  0.5175
 2018,     9,  17,  0.5821, -0.4709,     4,   96.0,  0.7487,  0.5605
 2018,     9,  18,  0.3632, -0.2893,     4,   96.5,  0.4643,  0.2156
 2018,     9,  19,  0.2440, -0.0740,     4,  118.1,  0.2550,  0.0650
 2018,     9,  20,  0.0220,  0.0723,     6,  208.1,  0.0756,  0.0057
 2018,     9,  21, -0.5198,  0.3018,     8,  284.9,  0.6010,  0.3613
 2018,     9,  22, -1.0945,  0.4339,     8,  293.4,  1.1774,  1.3863
 2018,     9,  23, -1.3788,  0.6465,     8,  289.9,  1.5228,  2.3190
 2018,     9,  24, -1.4392,  0.7527,     8,  287.4,  1.6241,  2.6377
 2018,     9,  25, -1.4933,  0.6979,     8,  290.0,  1.6484,  2.7171
 2018,     9,  26, -1.5091,  0.5817,     8,  293.9,  1.6173,  2.6158
 2018,     9,  27, -1.5890,  0.5281,     8,  296.6,  1.6745,  2.8039
 2018,     9,  28, -1.7016,  0.2638,     8,  306.2,  1.7220,  2.9652
 2018,     9,  29, -1.8349,  0.1876,     8,  309.2,  1.8445,  3.4021
 2018,     9,  30, -1.9233, -0.0558,     1,  316.7,  1.9241,  3.7020
 2018,    10,   1, -1.4699, -0.6170,     1,  337.8,  1.5942,  2.5413
 2018,    10,   2, -1.4114, -0.8528,     1,  346.1,  1.6490,  2.7193
 2018,    10,   3, -1.2668, -0.9598,     1,  352.1,  1.5893,  2.5260
 2018,    10,   4, -1.0632, -1.0318,     1,  359.1,  1.4816,  2.1950
 2018,    10,   5, -1.0029, -1.2280,     2,    5.8,  1.5855,  2.5138
 2018,    10,   6, -0.9882, -1.3802,     2,    9.4,  1.6975,  2.8816
 2018,    10,   7, -1.0906, -1.5621,     2,   10.1,  1.9052,  3.6297
 2018,    10,   8, -0.8329, -1.7951,     2,   20.1,  1.9789,  3.9160
 2018,    10,   9, -0.6542, -1.8574,     2,   25.6,  1.9693,  3.8780
 2018,    10,  10, -0.3756, -1.9014,     2,   33.8,  1.9381,  3.7564
 2018,    10,  11, -0.1405, -2.0468,     2,   41.1,  2.0516,  4.2090
 2018,    10,  12,  0.1472, -1.9261,     3,   49.4,  1.9317,  3.7315
 2018,    10,  13,  0.4637, -1.5799,     3,   61.4,  1.6465,  2.7110
 2018,    10,  14,  0.5654, -1.2523,     3,   69.3,  1.3740,  1.8878
 2018,    10,  15,  0.5939, -0.9048,     3,   78.3,  1.0823,  1.1714
 2018,    10,  16,  0.7870, -0.7440,     4,   91.6,  1.0830,  1.1729
 2018,    10,  17,  0.8969, -0.3125,     4,  115.8,  0.9498,  0.9022
 2018,    10,  18,  0.5501, -0.0823,     4,  126.5,  0.5563,  0.3094
 2018,    10,  19,  0.0564,  0.1317,     6,  201.8,  0.1432,  0.0205
 2018,    10,  20, -0.1297,  0.0925,     8,  279.5,  0.1593,  0.0254
 2018,    10,  21, -0.2391,  0.0180,     8,  310.7,  0.2398,  0.0575
 2018,    10,  22, -0.0424,  0.0686,     7,  256.7,  0.0806,  0.0065
 2018,    10,  23, -0.0789,  0.3042,     7,  239.5,  0.3143,  0.0988
 2018,    10,  24, -0.1907,  0.6940,     7,  240.4,  0.7197,  0.5180
 2018,    10,  25, -0.2646,  0.9584,     7,  240.4,  0.9943,  0.9886
 2018,    10,  26, -0.5717,  1.0998,     7,  252.5,  1.2395,  1.5364
 2018,    10,  27, -0.5924,  1.2065,     7,  251.2,  1.3441,  1.8067
 2018,    10,  28, -0.6757,  1.0189,     7,  258.5,  1.2226,  1.4947
 2018,    10,  29, -0.7141,  0.8193,     7,  266.1,  1.0868,  1.1812
 2018,    10,  30, -0.8860,  0.2495,     8,  299.3,  0.9205,  0.8472
 2018,    10,  31, -1.0802, -0.3038,     1,  330.7,  1.1221,  1.2591
 2018,    11,   1, -0.7878, -1.0385,     2,    7.8,  1.3035,  1.6992
 2018,    11,   2, -0.8441, -1.4048,     2,   14.0,  1.6389,  2.6858
 2018,    11,   3, -0.3162, -1.2645,     2,   31.0,  1.3035,  1.6990
 2018,    11,   4, -0.0559, -1.3645,     2,   42.7,  1.3656,  1.8649
 2018,    11,   5,  0.2337, -1.2968,     3,   55.2,  1.3177,  1.7364
 2018,    11,   6,  0.5223, -1.2833,     3,   67.1,  1.3855,  1.9197
 2018,    11,   7,  0.7217, -1.0119,     3,   80.5,  1.2429,  1.5447
 2018,    11,   8,  1.0751, -0.8464,     4,   96.8,  1.3683,  1.8721
 2018,    11,   9,  1.3155, -0.6073,     4,  110.2,  1.4489,  2.0993
 2018,    11,  10,  1.6304, -0.2536,     4,  126.2,  1.6500,  2.7225
 2018,    11,  11,  1.6489,  0.1508,     5,  140.2,  1.6557,  2.7415
 2018,    11,  12,  1.6567,  0.5011,     5,  151.8,  1.7308,  2.9958
 2018,    11,  13,  1.5094,  0.7591,     5,  161.7,  1.6895,  2.8545
 2018,    11,  14,  1.3005,  0.9587,     5,  171.4,  1.6156,  2.6102
 2018,    11,  15,  0.8028,  1.2108,     6,  191.5,  1.4528,  2.1105
 2018,    11,  16,  0.6290,  1.1779,     6,  196.9,  1.3354,  1.7832
 2018,    11,  17,  0.7111,  0.9876,     6,  189.2,  1.2169,  1.4810
 2018,    11,  18,  0.9497,  0.9182,     5,  179.0,  1.3210,  1.7451
 2018,    11,  19,  0.7767,  0.9215,     6,  184.9,  1.2051,  1.4523
 2018,    11,  20,  0.5825,  0.9166,     6,  192.6,  1.0861,  1.1796
 2018,    11,  21,  0.3653,  1.0376,     6,  205.6,  1.1000,  1.2100
 2018,    11,  22,  0.1453,  1.3281,     6,  218.8,  1.3360,  1.7850
 2018,    11,  23,  0.0668,  1.6193,     6,  222.6,  1.6207,  2.6266
 2018,    11,  24, -0.2599,  1.5056,     7,  234.8,  1.5279,  2.3344
 2018,    11,  25, -0.6132,  1.5238,     7,  246.9,  1.6426,  2.6980
 2018,    11,  26, -1.0036,  1.2391,     7,  264.0,  1.5946,  2.5426
 2018,    11,  27, -1.1235,  1.0445,     8,  272.1,  1.5340,  2.3532
 2018,    11,  28, -1.1779,  0.8511,     8,  279.1,  1.4532,  2.1118
 2018,    11,  29, -1.3268,  0.3748,     8,  299.2,  1.3788,  1.9010
 2018,    11,  30, -1.4489,  0.1535,     8,  309.0,  1.4570,  2.1228
 2018,    12,   1, -1.4892, -0.0992,     1,  318.8,  1.4925,  2.2275
 2018,    12,   2, -1.4948, -0.6619,     1,  338.9,  1.6348,  2.6727
 2018,    12,   3, -1.4142, -1.2034,     1,  355.4,  1.8569,  3.4482
 2018,    12,   4, -1.0076, -1.6106,     2,   13.0,  1.8998,  3.6092
 2018,    12,   5, -0.4082, -1.7755,     2,   32.1,  1.8218,  3.3190
 2018,    12,   6, -0.0582, -1.8241,     2,   43.2,  1.8250,  3.3306
 2018,    12,   7,  0.0236, -1.6922,     3,   45.8,  1.6924,  2.8642
 2018,    12,   8,  0.0563, -1.4221,     3,   47.3,  1.4232,  2.0256
 2018,    12,   9,  0.3126, -1.2834,     3,   58.7,  1.3209,  1.7447
 2018,    12,  10,  0.8914, -1.4333,     3,   76.9,  1.6879,  2.8490
 2018,    12,  11,  1.3230, -1.2196,     4,   92.3,  1.7994,  3.2378
 2018,    12,  12,  1.4670, -1.3019,     4,   93.4,  1.9614,  3.8469
 2018,    12,  13,  1.7161, -1.4086,     4,   95.6,  2.2201,  4.9290
 2018,    12,  14,  1.6539, -1.0536,     4,  102.5,  1.9610,  3.8454
 2018,    12,  15,  1.7763, -0.4298,     4,  121.4,  1.8275,  3.3399
 2018,    12,  16,  1.8067,  0.0927,     5,  137.9,  1.8091,  3.2727
 2018,    12,  17,  1.6355,  0.1013,     5,  138.5,  1.6386,  2.6851
 2018,    12,  18,  1.6423,  0.1985,     5,  141.9,  1.6542,  2.7365
 2018,    12,  19,  1.7409,  0.2710,     5,  143.8,  1.7618,  3.1041
 2018,    12,  20,  1.8288,  0.4822,     5,  149.8,  1.8913,  3.5770
 2018,    12,  21,  2.1216,  0.5954,     5,  150.7,  2.2036,  4.8557
 2018,    12,  22,  2.2559,  0.6446,     5,  150.9,  2.3462,  5.5046
 2018,    12,  23,  2.0899,  0.8364,     5,  156.8,  2.2511,  5.0673
 2018,    12,  24,  2.1275,  0.8920,     5,  157.7,  2.3069,  5.3219
 2018,    12,  25,  2.3159,  1.1593,     5,  161.6,  2.5898,  6.7072
 2018,    12,  26,  2.3343,  1.3446,     5,  164.9,  2.6939,  7.2570
 2018,    12,  27,  2.2631,  1.3780,     5,  166.3,  2.6496,  7.0204
 2018,    12,  28,  2.1232,  1.3148,     5,  166.8,  2.4973,  6.2367
 2018,    12,  29,  1.7201,  1.3233,     5,  172.6,  2.1703,  4.7100
 2018,    12,  30,  1.4316,  1.5653,     6,  182.6,  2.1212,  4.4996
 2018,    12,  31,  1.2374,  1.7936,     6,  190.4,  2.1790,  4.7480
 2019,     1,   1,  0.8949,  1.9069,     6,  199.9,  2.1064,  4.4371
 2019,     1,   2,  0.2406,  1.4860,     6,  215.8,  1.5053,  2.2660
 2019,     1,   3, -0.5102,  1.3587,     7,  245.6,  1.4514,  2.1064
 2019,     1,   4, -1.4950,  1.1634,     8,  277.1,  1.8943,  3.5884
 2019,     1,   5, -2.3716,  1.0632,     8,  290.9,  2.5990,  6.7547
 2019,     1,   6, -2.7470,  0.6258,     8,  302.2,  2.8174,  7.9375
 2019,     1,   7, -2.7075,  0.0802,     8,  313.3,  2.7087,  7.3372
 2019,     1,   8, -2.5849, -0.1367,     1,  318.0,  2.5885,  6.7002
 2019,     1,   9, -2.2661, -0.2851,     1,  322.2,  2.2839,  5.2163
 2019,     1,  10, -1.9240, -0.4402,     1,  327.9,  1.9737,  3.8955
 2019,     1,  11, -1.4274, -0.3949,     1,  330.5,  1.4811,  2.1935
 2019,     1,  12, -1.3294, -0.3461,     1,  329.6,  1.3737,  1.8870
 2019,     1,  13, -0.8912, -0.4766,     1,  343.1,  1.0107,  1.0215
 2019,     1,  14, -0.2994, -0.4151,     2,    9.2,  0.5119,  0.2620
 2019,     1,  15,  0.1524, -0.7015,     3,   57.3,  0.7178,  0.5152
 2019,     1,  16,  0.4103, -0.7728,     3,   73.0,  0.8750,  0.7656
 2019,     1,  17,  0.6324, -0.7516,     3,   85.1,  0.9823,  0.9649
 2019,     1,  18,  0.7704, -0.8010,     3,   88.9,  1.1114,  1.2352
 2019,     1,  19,  1.0365, -0.4183,     4,  113.0,  1.1177,  1.2493
 2019,     1,  20,  1.3330, -0.3183,     4,  121.6,  1.3705,  1.8783
 2019,     1,  21,  1.4574,  0.2894,     5,  146.2,  1.4859,  2.2078
 2019,     1,  22,  1.4983,  0.7926,     5,  162.9,  1.6950,  2.8731
 2019,     1,  23,  1.2567,  1.2859,     6,  180.7,  1.7980,  3.2329
 2019,     1,  24,  0.8761,  1.2889,     6,  190.8,  1.5585,  2.4288
 2019,     1,  25,  0.3849,  1.4204,     6,  209.8,  1.4716,  2.1657
 2019,     1,  26, -0.0298,  1.4874,     7,  226.1,  1.4877,  2.2131
 2019,     1,  27, -0.2223,  1.4854,     7,  233.5,  1.5019,  2.2558
 2019,     1,  28, -0.2219,  1.4950,     7,  233.4,  1.5113,  2.2841
 2019,     1,  29, -0.1419,  1.1533,     7,  232.0,  1.1620,  1.3502
 2019,     1,  30, -0.4215,  1.1537,     7,  245.1,  1.2283,  1.5087
 2019,     1,  31, -0.8361,  1.2992,     7,  257.8,  1.5450,  2.3871
 2019,     2,   1, -0.8240,  1.0519,     7,  263.1,  1.3363,  1.7856
 2019,     2,   2, -0.7015,  0.9370,     7,  261.8,  1.1705,  1.3700
 2019,     2,   3, -0.6710,  0.9960,     7,  259.0,  1.2009,  1.4423
 2019,     2,   4, -0.4200,  0.9984,     7,  247.8,  1.0831,  1.1732
 2019,     2,   5, -0.1505,  1.1295,     7,  232.6,  1.1395,  1.2984
 2019,     2,   6,  0.0617,  1.1772,     6,  222.0,  1.1788,  1.3896
 2019,     2,   7,  0.1013,  1.1680,     6,  220.0,  1.1724,  1.3745
 2019,     2,   8,  0.1785,  1.0084,     6,  215.0,  1.0240,  1.0486
 2019,     2,   9,  0.0364,  0.9024,     6,  222.7,  0.9032,  0.8157
 2019,     2,  10, -0.4118,  0.8246,     7,  251.5,  0.9217,  0.8495
 2019,     2,  11, -1.1039,  0.7339,     8,  281.4,  1.3256,  1.7573
 2019,     2,  12, -1.4226,  0.6188,     8,  291.5,  1.5513,  2.4067
 2019,     2,  13, -1.5254,  0.6839,     8,  290.9,  1.6717,  2.7945
 2019,     2,  14, -1.1278,  0.5456,     8,  289.2,  1.2529,  1.5697
 2019,     2,  15, -1.0321, -0.0382,     1,  317.1,  1.0328,  1.0667
 2019,     2,  16, -1.2253, -0.0473,     1,  317.2,  1.2262,  1.5037
 2019,     2,  17, -1.2103,  0.0563,     8,  312.3,  1.2116,  1.4680
 2019,     2,  18, -1.2682, -0.1328,     1,  321.0,  1.2751,  1.6259
 2019,     2,  19, -1.7448, -0.1503,     1,  319.9,  1.7513,  3.0670
 2019,     2,  20, -2.1321, -0.1547,     1,  319.1,  2.1377,  4.5698
 2019,     2,  21, -2.0493, -0.2402,     1,  321.7,  2.0634,  4.2574
 2019,     2,  22, -2.1569, -0.2684,     1,  322.1,  2.1735,  4.7241
 2019,     2,  23, -1.9375, -0.4685,     1,  328.6,  1.9933,  3.9733
 2019,     2,  24, -1.8445, -0.8988,     1,  341.0,  2.0519,  4.2102
 2019,     2,  25, -1.8008, -1.0806,     1,  346.0,  2.1002,  4.4107
 2019,     2,  26, -1.4139, -1.4453,     2,    0.6,  2.0219,  4.0881
 2019,     2,  27, -0.6418, -1.7872,     2,   25.2,  1.8989,  3.6059
 2019,     2,  28, -0.0982, -2.1929,     2,   42.4,  2.1951,  4.8185
 2019,     3,   1,  0.2202, -2.4378,     3,   50.2,  2.4478,  5.9916
 2019,     3,   2,  0.5482, -2.3595,     3,   58.1,  2.4223,  5.8677
 2019,     3,   3,  1.2561, -2.2173,     3,   74.5,  2.5484,  6.4941
 2019,     3,   4,  1.6683, -2.0976,     3,   83.5,  2.6801,  7.1832
 2019,     3,   5,  1.9968, -1.8269,     4,   92.5,  2.7064,  7.3245
 2019,     3,   6,  2.2997, -1.3818,     4,  104.0,  2.6829,  7.1981
 2019,     3,   7,  2.2983, -1.1194,     4,  109.0,  2.5564,  6.5351
 2019,     3,   8,  2.3032, -0.8706,     4,  114.3,  2.4622,  6.0626
 2019,     3,   9,  2.0235, -0.7104,     4,  115.7,  2.1445,  4.5990
 2019,     3,  10,  1.7662, -0.6681,     4,  114.3,  1.8884,  3.5659
 2019,     3,  11,  1.6417, -0.6017,     4,  114.9,  1.7485,  3.0573
 2019,     3,  12,  1.3027, -0.6004,     4,  110.3,  1.4344,  2.0576
 2019,     3,  13,  1.0654, -0.5745,     4,  106.7,  1.2104,  1.4652
 2019,     3,  14,  0.6516, -0.6845,     3,   88.6,  0.9450,  0.8931
 2019,     3,  15,  0.4590, -0.6626,     3,   79.7,  0.8060,  0.6497
 2019,     3,  16,  0.3646, -0.6079,     3,   76.0,  0.7089,  0.5025
 2019,     3,  17,  0.2957, -0.3474,     3,   85.4,  0.4562,  0.2081
 2019,     3,  18,  0.2831, -0.2922,     3,   89.1,  0.4068,  0.1655
 2019,     3,  19,  0.3018, -0.3174,     3,   88.6,  0.4380,  0.1918
 2019,     3,  20,  0.2269, -0.0005,     4,  134.9,  0.2269,  0.0515
 2019,     3,  21,  0.2178,  0.2596,     6,  185.0,  0.3389,  0.1148
 2019,     3,  22,  0.2750,  0.5789,     6,  199.6,  0.6409,  0.4108
 2019,     3,  23,  0.2248,  0.7259,     6,  207.8,  0.7600,  0.5775
 2019,     3,  24, -0.0618,  0.5147,     7,  231.8,  0.5184,  0.2687
 2019,     3,  25, -0.1968,  0.3980,     7,  251.3,  0.4439,  0.1971
 2019,     3,  26, -0.1311,  0.3106,     7,  247.9,  0.3371,  0.1136
 2019,     3,  27,  0.1954,  0.1293,     5,  168.5,  0.2343,  0.0549
 2019,     3,  28,  0.4974,  0.1962,     5,  156.5,  0.5347,  0.2859
 2019,     3,  29,  0.4736,  0.2586,     5,  163.6,  0.5396,  0.2912
 2019,     3,  30,  0.4249,  0.1546,     5,  155.0,  0.4522,  0.2045
 2019,     3,  31,  0.1644,  0.2371,     6,  190.3,  0.2885,  0.0832
 2019,     4,   1, -0.0767,  0.3931,     7,  236.0,  0.4005,  0.1604
 2019,     4,   2, -0.1598,  0.3200,     7,  251.5,  0.3577,  0.1280
 2019,     4,   3, -0.2482,  0.2542,     7,  269.3,  0.3553,  0.1262
 2019,     4,   4, -0.2810,  0.2690,     8,  271.3,  0.3890,  0.1513
 2019,     4,   5, -0.3288,  0.2186,     8,  281.4,  0.3948,  0.1559
 2019,     4,   6, -0.3953,  0.3231,     8,  275.7,  0.5105,  0.2606
 2019,     4,   7, -0.2321,  0.2187,     8,  271.7,  0.3189,  0.1017
 2019,     4,   8, -0.2252,  0.2519,     7,  266.8,  0.3378,  0.1141
 2019,     4,   9, -0.2531, -0.0506,     1,  326.3,  0.2581,  0.0666
 2019,     4,  10, -0.0947, -0.0907,     1,  358.7,  0.1311,  0.0172
 2019,     4,  11, -0.0512, -0.1256,     2,   22.8,  0.1356,  0.0184
 2019,     4,  12, -0.1105, -0.1308,     2,    4.8,  0.1713,  0.0293
 2019,     4,  13, -0.3038, -0.2164,     1,  350.5,  0.3730,  0.1391
 2019,     4,  14, -0.3242, -0.3467,     2,    1.9,  0.4746,  0.2253
 2019,     4,  15, -0.2122, -0.4608,     2,   20.3,  0.5073,  0.2574
 2019,     4,  16, -0.1749, -0.6425,     2,   29.8,  0.6659,  0.4434
 2019,     4,  17, -0.0718, -0.7048,     2,   39.2,  0.7084,  0.5019
 2019,     4,  18, -0.0683, -0.8317,     2,   40.3,  0.8345,  0.6964
 2019,     4,  19, -0.0389, -0.7842,     2,   42.2,  0.7852,  0.6165
 2019,     4,  20,  0.0372, -0.8901,     3,   47.4,  0.8909,  0.7937
 2019,     4,  21, -0.0248, -1.2180,     2,   43.8,  1.2183,  1.4842
 2019,     4,  22, -0.0102, -1.9835,     2,   44.7,  1.9835,  3.9343
 2019,     4,  23,  0.2723, -2.2336,     3,   52.0,  2.2501,  5.0631
 2019,     4,  24,  0.7089, -2.1382,     3,   63.3,  2.2526,  5.0744
 2019,     4,  25,  1.2201, -1.9133,     3,   77.5,  2.2693,  5.1497
 2019,     4,  26,  1.5973, -1.6370,     3,   89.3,  2.2872,  5.2313
 2019,     4,  27,  1.8269, -1.3002,     4,   99.6,  2.2424,  5.0283
 2019,     4,  28,  1.8951, -0.9487,     4,  108.4,  2.1193,  4.4915
 2019,     4,  29,  1.7742, -0.4918,     4,  119.5,  1.8411,  3.3897
 2019,     4,  30,  1.9511,  0.0874,     5,  137.6,  1.9530,  3.8143
 2019,     5,   1,  1.8602,  0.6027,     5,  153.0,  1.9554,  3.8237
 2019,     5,   2,  1.5017,  0.7693,     5,  162.1,  1.6873,  2.8470
 2019,     5,   3,  0.9155,  1.0868,     6,  184.9,  1.4210,  2.0192
 2019,     5,   4,  0.4776,  1.2473,     6,  204.0,  1.3356,  1.7838
 2019,     5,   5,  0.0549,  1.4734,     6,  222.9,  1.4744,  2.1740
 2019,     5,   6, -0.4629,  1.6681,     7,  240.5,  1.7311,  2.9968
 2019,     5,   7, -0.5273,  1.6775,     7,  242.4,  1.7584,  3.0921
 2019,     5,   8, -0.4195,  1.6692,     7,  239.1,  1.7211,  2.9621
 2019,     5,   9, -0.4531,  1.7558,     7,  239.5,  1.8134,  3.2883
 2019,     5,  10, -0.6903,  1.7878,     7,  246.1,  1.9165,  3.6730
 2019,     5,  11, -1.0263,  1.6873,     7,  256.3,  1.9749,  3.9004
 2019,     5,  12, -1.4483,  1.4836,     7,  269.3,  2.0733,  4.2986
 2019,     5,  13, -1.6640,  1.1237,     8,  281.0,  2.0078,  4.0314
 2019,     5,  14, -1.7265,  0.5594,     8,  297.0,  1.8148,  3.2936
 2019,     5,  15, -1.6876,  0.3223,     8,  304.2,  1.7181,  2.9518
 2019,     5,  16, -1.5674,  0.3954,     8,  300.8,  1.6165,  2.6132
 2019,     5,  17, -1.5403,  0.5316,     8,  296.0,  1.6295,  2.6551
 2019,     5,  18, -1.6104,  0.5843,     8,  295.1,  1.7131,  2.9347
 2019,     5,  19, -1.7917,  0.4947,     8,  299.6,  1.8588,  3.4550
 2019,     5,  20, -1.7233,  0.4508,     8,  300.3,  1.7812,  3.1728
 2019,     5,  21, -1.5619,  0.4513,     8,  298.9,  1.6258,  2.6432
 2019,     5,  22, -1.6711,  0.2674,     8,  305.9,  1.6924,  2.8641
 2019,     5,  23, -1.7918,  0.0943,     8,  312.0,  1.7943,  3.2195
 2019,     5,  24, -1.9462, -0.0455,     1,  316.3,  1.9467,  3.7898
 2019,     5,  25, -1.8869, -0.2581,     1,  322.8,  1.9045,  3.6270
 2019,     5,  26, -1.9045, -0.5796,     1,  331.9,  1.9907,  3.9629
 2019,     5,  27, -1.7608, -1.0884,     1,  346.7,  2.0700,  4.2850
 2019,     5,  28, -1.3897, -1.5402,     2,    2.9,  2.0745,  4.3034
 2019,     5,  29, -1.2503, -1.9502,     2,   12.3,  2.3166,  5.3668
 2019,     5,  30, -0.9545, -2.3695,     2,   23.1,  2.5545,  6.5257
 2019,     5,  31, -0.5421, -2.5904,     2,   33.2,  2.6465,  7.0042
 2019,     6,   1, -0.0737, -2.5617,     2,   43.4,  2.5628,  6.5678
 2019,     6,   2,  0.2502, -2.2508,     3,   51.3,  2.2647,  5.1287
 2019,     6,   3,  0.5800, -1.9306,     3,   61.7,  2.0159,  4.0638
 2019,     6,   4,  0.8962, -1.5519,     3,   75.0,  1.7921,  3.2115
 2019,     6,   5,  1.0009, -1.2993,     3,   82.6,  1.6402,  2.6901
 2019,     6,   6,  0.6739, -1.4047,     3,   70.6,  1.5580,  2.4273
 2019,     6,   7,  0.4249, -1.2961,     3,   63.2,  1.3640,  1.8605
 2019,     6,   8,  0.3402, -1.0844,     3,   62.4,  1.1365,  1.2917
 2019,     6,   9,  0.4395, -0.7091,     3,   76.8,  0.8343,  0.6960
 2019,     6,  10,  0.5536, -0.8090,     3,   79.4,  0.9803,  0.9610
 2019,     6,  11,  0.6444, -0.7298,     3,   86.4,  0.9736,  0.9478
 2019,     6,  12,  0.8833, -0.5317,     4,  104.0,  1.0310,  1.0630
 2019,     6,  13,  1.1359, -0.4156,     4,  114.9,  1.2095,  1.4629
 2019,     6,  14,  1.4380, -0.1927,     4,  127.4,  1.4509,  2.1051
 2019,     6,  15,  1.6990,  0.1298,     5,  139.4,  1.7039,  2.9034
 2019,     6,  16,  1.9403,  0.3945,     5,  146.5,  1.9800,  3.9203
 2019,     6,  17,  1.5280,  0.3484,     5,  147.8,  1.5673,  2.4563
 2019,     6,  18,  1.0460,  0.4425,     5,  157.9,  1.1358,  1.2900
 2019,     6,  19,  0.6824,  0.4125,     5,  166.1,  0.7974,  0.6358
 2019,     6,  20,  0.4347,  0.4355,     6,  180.1,  0.6153,  0.3786
 2019,     6,  21,  0.3156,  0.4871,     6,  192.1,  0.5804,  0.3368
 2019,     6,  22,  0.2568,  0.7501,     6,  206.1,  0.7928,  0.6286
 2019,     6,  23,  0.1036,  0.7292,     6,  216.9,  0.7365,  0.5424
 2019,     6,  24, -0.2128,  0.5823,     7,  245.1,  0.6200,  0.3844
 2019,     6,  25, -0.2203,  0.6820,     7,  242.9,  0.7167,  0.5137
 2019,     6,  26, -0.3598,  0.9303,     7,  246.1,  0.9974,  0.9948
 2019,     6,  27, -0.3919,  1.0338,     7,  245.8,  1.1055,  1.2222
 2019,     6,  28, -0.4479,  0.8854,     7,  251.8,  0.9923,  0.9846
 2019,     6,  29, -0.4833,  0.5762,     7,  265.0,  0.7521,  0.5656
 2019,     6,  30, -0.4608,  0.5908,     7,  262.9,  0.7493,  0.5614
 2019,     7,   1, -0.5312,  0.6776,     7,  263.1,  0.8610,  0.7413
 2019,     7,   2, -0.5585,  0.4166,     8,  278.3,  0.6968,  0.4855
 2019,     7,   3, -1.0245,  0.1081,     8,  309.0,  1.0302,  1.0613
 2019,     7,   4, -1.2465, -0.0077,     1,  315.4,  1.2466,  1.5539
 2019,     7,   5, -1.4457, -0.2156,     1,  323.5,  1.4617,  2.1365
 2019,     7,   6, -1.5891, -0.4718,     1,  331.5,  1.6577,  2.7478
 2019,     7,   7, -1.7956, -0.3956,     1,  327.4,  1.8387,  3.3807
 2019,     7,   8, -1.5538, -0.2004,     1,  322.3,  1.5667,  2.4546
 2019,     7,   9, -1.1887, -0.2735,     1,  328.0,  1.2198,  1.4878
 2019,     7,  10, -0.9393, -0.2613,     1,  330.5,  0.9750,  0.9506
 2019,     7,  11, -0.8517, -0.4207,     1,  341.3,  0.9500,  0.9025
 2019,     7,  12, -0.8617, -0.3089,     1,  334.7,  0.9154,  0.8379
 2019,     7,  13, -0.6052, -0.1106,     1,  325.4,  0.6153,  0.3786
 2019,     7,  14, -0.3408, -0.1668,     1,  341.1,  0.3794,  0.1440
 2019,     7,  15, -0.2765, -0.0784,     1,  330.8,  0.2874,  0.0826
 2019,     7,  16, -0.3604, -0.2674,     1,  351.6,  0.4488,  0.2014
 2019,     7,  17, -0.6281, -0.1945,     1,  332.2,  0.6575,  0.4323
 2019,     7,  18, -0.8274, -0.2905,     1,  334.3,  0.8769,  0.7690
 2019,     7,  19, -0.8376, -0.4681,     1,  344.2,  0.9595,  0.9207
 2019,     7,  20, -1.1219, -0.6762,     1,  346.1,  1.3099,  1.7160
 2019,     7,  21, -1.1914, -0.8436,     1,  350.3,  1.4598,  2.1311
 2019,     7,  22, -0.8158, -0.7488,     1,  357.5,  1.1073,  1.2262
 2019,     7,  23, -0.2814, -0.5422,     2,   17.6,  0.6108,  0.3731
 2019,     7,  24,  0.0487, -0.0980,     3,   71.4,  0.1094,  0.0120
 2019,     7,  25,  0.2556,  0.0675,     5,  149.8,  0.2644,  0.0699
 2019,     7,  26,  0.5549,  0.0227,     5,  137.3,  0.5554,  0.3085
 2019,     7,  27,  0.4612,  0.0262,     5,  138.2,  0.4619,  0.2134
 2019,     7,  28,  0.3142,  0.1342,     5,  158.1,  0.3417,  0.1167
 2019,     7,  29,  0.2289,  0.1341,     5,  165.4,  0.2653,  0.0704
 2019,     7,  30,  0.2794,  0.2591,     5,  177.8,  0.3810,  0.1452
 2019,     7,  31,  0.4516,  0.4764,     6,  181.5,  0.6565,  0.4309
 2019,     8,   1,  0.3917,  0.8701,     6,  200.8,  0.9542,  0.9105
 2019,     8,   2,  0.3540,  0.7816,     6,  200.6,  0.8580,  0.7361
 2019,     8,   3,  0.2010,  0.6300,     6,  207.3,  0.6613,  0.4374
 2019,     8,   4,  0.2844,  0.5281,     6,  196.7,  0.5998,  0.3597
 2019,     8,   5,  0.4828,  0.2606,     5,  163.4,  0.5487,  0.3011
 2019,     8,   6,  0.6543, -0.0285,     4,  132.5,  0.6549,  0.4289
 2019,     8,   7,  1.0254, -0.1248,     4,  128.1,  1.0329,  1.0670
 2019,     8,   8,  1.2703,  0.0569,     5,  137.6,  1.2715,  1.6168
 2019,     8,   9,  1.4030,  0.2047,     5,  143.3,  1.4178,  2.0103
 2019,     8,  10,  1.3609,  0.4184,     5,  152.1,  1.4238,  2.0271
 2019,     8,  11,  0.9185,  0.6648,     5,  170.9,  1.1339,  1.2857
 2019,     8,  12,  0.3404,  0.7963,     6,  201.9,  0.8660,  0.7500
 2019,     8,  13, -0.1578,  0.5837,     7,  240.1,  0.6047,  0.3657
 2019,     8,  14, -0.5787,  0.3714,     8,  282.3,  0.6876,  0.4728
 2019,     8,  15, -0.5533,  0.4197,     8,  277.8,  0.6945,  0.4823
 2019,     8,  16, -0.6912,  0.3660,     8,  287.1,  0.7821,  0.6117
 2019,     8,  17, -0.9675,  0.1382,     8,  306.9,  0.9773,  0.9552
 2019,     8,  18, -1.2402, -0.0786,     1,  318.6,  1.2426,  1.5442
 2019,     8,  19, -1.1828, -0.1458,     1,  322.0,  1.1918,  1.4203
 2019,     8,  20, -0.9388, -0.3028,     1,  332.9,  0.9864,  0.9730
 2019,     8,  21, -0.4846, -0.4818,     1,  359.8,  0.6834,  0.4670
 2019,     8,  22, -0.0634, -0.4657,     2,   37.3,  0.4700,  0.2209
 2019,     8,  23,  0.1463, -0.5931,     3,   58.9,  0.6109,  0.3732
 2019,     8,  24,  0.1830, -0.7385,     3,   58.9,  0.7609,  0.5789
 2019,     8,  25,  0.4870, -0.4767,     4,   90.6,  0.6815,  0.4644
 2019,     8,  26,  0.7705, -0.2868,     4,  114.6,  0.8221,  0.6759
 2019,     8,  27,  0.6860, -0.1102,     4,  125.9,  0.6948,  0.4827
 2019,     8,  28,  0.4913, -0.1820,     4,  114.7,  0.5239,  0.2745
 2019,     8,  29,  0.7113,  0.0573,     5,  139.6,  0.7136,  0.5092
 2019,     8,  30,  0.6672,  0.0894,     5,  142.6,  0.6732,  0.4531
 2019,     8,  31,  0.5556,  0.0098,     5,  136.0,  0.5557,  0.3088
 2019,     9,   1,  0.4683,  0.1918,     5,  157.3,  0.5061,  0.2561
 2019,     9,   2,  0.5878,  0.2551,     5,  158.5,  0.6407,  0.4106
 2019,     9,   3,  0.5403,  0.4079,     5,  172.1,  0.6770,  0.4583
 2019,     9,   4,  0.3798,  0.8445,     6,  200.8,  0.9260,  0.8575
 2019,     9,   5,  0.3231,  1.0971,     6,  208.6,  1.1437,  1.3080
 2019,     9,   6,  0.3952,  1.0772,     6,  204.9,  1.1474,  1.3165
 2019,     9,   7,  0.5354,  0.9398,     6,  195.3,  1.0816,  1.1699
 2019,     9,   8,  0.7325,  1.1255,     6,  191.9,  1.3428,  1.8032
 2019,     9,   9,  0.8663,  1.2126,     6,  189.5,  1.4902,  2.2208
 2019,     9,  10,  0.7431,  0.9514,     6,  187.0,  1.2072,  1.4573
 2019,     9,  11,  0.3565,  0.5236,     6,  190.7,  0.6335,  0.4013
 2019,     9,  12, -0.0970,  0.4596,     7,  236.9,  0.4697,  0.2206
 2019,     9,  13, -0.5869,  0.5800,     8,  270.3,  0.8251,  0.6809
 2019,     9,  14, -1.0299,  0.6346,     8,  283.4,  1.2097,  1.4634
 2019,     9,  15, -1.3592,  0.4671,     8,  296.0,  1.4373,  2.0657
 2019,     9,  16, -1.5774,  0.3342,     8,  303.0,  1.6124,  2.5997
 2019,     9,  17, -1.7228,  0.1689,     8,  309.4,  1.7311,  2.9967
 2019,     9,  18, -2.0217,  0.0464,     8,  313.7,  2.0222,  4.0894
 2019,     9,  19, -2.0750, -0.0155,     1,  315.4,  2.0751,  4.3059
 2019,     9,  20, -1.9539, -0.1579,     1,  319.6,  1.9602,  3.8425
 2019,     9,  21, -1.9421, -0.3560,     1,  325.4,  1.9744,  3.8984
 2019,     9,  22, -2.0690, -0.8608,     1,  337.6,  2.2409,  5.0217
 2019,     9,  23, -2.3146, -1.3005,     1,  344.3,  2.6549,  7.0485
 2019,     9,  24, -2.3514, -1.5154,     1,  347.8,  2.7975,  7.8259
 2019,     9,  25, -2.4774, -1.7451,     1,  350.2,  3.0303,  9.1829
 2019,     9,  26, -2.4447, -1.7649,     1,  350.8,  3.0152,  9.0913
 2019,     9,  27, -2.1368, -1.6363,     1,  352.4,  2.6913,  7.2433
 2019,     9,  28, -1.8284, -1.6177,     1,  356.5,  2.4413,  5.9599
 2019,     9,  29, -1.5769, -1.4105,     1,  356.8,  2.1157,  4.4761
 2019,     9,  30, -1.4096, -1.5136,     2,    2.0,  2.0683,  4.2779
 2019,    10,   1, -1.0876, -1.5578,     2,   10.1,  1.9000,  3.6098
 2019,    10,   2, -1.3623, -1.2302,     1,  357.1,  1.8356,  3.3693
 2019,    10,   3, -1.5288, -0.9530,     1,  346.9,  1.8015,  3.2454
 2019,    10,   4, -1.4100, -0.8059,     1,  344.8,  1.6240,  2.6374
 2019,    10,   5, -1.4132, -0.6806,     1,  340.7,  1.5686,  2.4605
 2019,    10,   6, -1.4068, -0.6767,     1,  340.7,  1.5611,  2.4370
 2019,    10,   7, -1.4057, -0.6915,     1,  341.2,  1.5666,  2.4542
 2019,    10,   8, -1.3464, -0.5310,     1,  336.5,  1.4474,  2.0948
 2019,    10,   9, -1.2736, -0.2981,     1,  328.2,  1.3080,  1.7109
 2019,    10,  10, -1.2762, -0.0895,     1,  319.0,  1.2793,  1.6366
 2019,    10,  11, -1.1564,  0.0211,     8,  314.0,  1.1565,  1.3376
 2019,    10,  12, -1.2627, -0.0455,     1,  317.1,  1.2635,  1.5964
 2019,    10,  13, -1.3325, -0.3558,     1,  330.0,  1.3792,  1.9023
 2019,    10,  14, -1.2870, -0.6166,     1,  340.6,  1.4271,  2.0365
 2019,    10,  15, -1.0737, -0.7904,     1,  351.4,  1.3333,  1.7777
 2019,    10,  16, -0.9232, -1.0214,     2,    2.9,  1.3768,  1.8956
 2019,    10,  17, -0.8681, -1.2343,     2,    9.9,  1.5090,  2.2771
 2019,    10,  18, -0.7564, -1.6924,     2,   20.9,  1.8538,  3.4364
 2019,    10,  19, -0.7155, -1.9085,     2,   24.4,  2.0382,  4.1541
 2019,    10,  20, -0.6771, -2.0945,     2,   27.1,  2.2012,  4.8455
 2019,    10,  21, -0.2809, -2.0856,     2,   37.3,  2.1044,  4.4286
 2019,    10,  22,  0.1195, -1.9710,     3,   48.5,  1.9746,  3.8989
 2019,    10,  23,  0.2378, -1.7911,     3,   52.6,  1.8068,  3.2645
 2019,    10,  24,  0.3164, -1.4120,     3,   57.6,  1.4470,  2.0939
 2019,    10,  25,  0.4489, -1.0474,     3,   68.2,  1.1396,  1.2986
 2019,    10,  26,  0.5522, -0.8671,     3,   77.5,  1.0279,  1.0567
 2019,    10,  27,  0.7087, -0.7736,     3,   87.5,  1.0492,  1.1008
 2019,    10,  28,  0.6771, -0.5565,     4,   95.6,  0.8765,  0.7682
 2019,    10,  29,  0.7663, -0.5124,     4,  101.2,  0.9218,  0.8498
 2019,    10,  30,  0.8838, -0.2973,     4,  116.4,  0.9325,  0.8695
 2019,    10,  31,  1.3326,  0.0010,     5,  135.0,  1.3326,  1.7759
 2019,    11,   1,  1.7770,  0.4081,     5,  147.9,  1.8232,  3.3242
 2019,    11,   2,  1.7977,  0.7657,     5,  158.1,  1.9540,  3.8180
 2019,    11,   3,  1.8388,  1.1499,     5,  167.0,  2.1688,  4.7036
 2019,    11,   4,  1.8981,  1.5404,     5,  174.1,  2.4445,  5.9758
 2019,    11,   5,  2.0233,  1.4964,     5,  171.5,  2.5166,  6.3330
 2019,    11,   6,  1.9200,  1.6183,     5,  175.1,  2.5110,  6.3053
 2019,    11,   7,  1.6718,  1.9055,     6,  183.7,  2.5349,  6.4259
 2019,    11,   8,  1.0485,  2.0006,     6,  197.3,  2.2587,  5.1015
 2019,    11,   9,  0.1298,  2.1898,     6,  221.6,  2.1936,  4.8121
 2019,    11,  10, -0.4197,  2.0643,     7,  236.5,  2.1066,  4.4376
 2019,    11,  11, -0.8867,  1.7539,     7,  251.8,  1.9653,  3.8625
 2019,    11,  12, -1.3851,  1.3741,     8,  270.2,  1.9510,  3.8066
 2019,    11,  13, -1.5525,  1.0547,     8,  280.8,  1.8769,  3.5226
 2019,    11,  14, -1.6113,  0.4282,     8,  300.1,  1.6672,  2.7796
 2019,    11,  15, -1.2786,  0.1079,     8,  310.2,  1.2832,  1.6465
 2019,    11,  16, -1.3983,  0.1061,     8,  310.7,  1.4023,  1.9664
 2019,    11,  17, -1.4694,  0.0200,     8,  314.2,  1.4695,  2.1595
 2019,    11,  18, -1.6655, -0.0485,     1,  316.7,  1.6662,  2.7762
 2019,    11,  19, -1.4656, -0.1846,     1,  322.2,  1.4771,  2.1819
 2019,    11,  20, -1.1810, -0.2442,     1,  326.7,  1.2060,  1.4544
 2019,    11,  21, -0.8655, -0.7687,     1,  356.6,  1.1576,  1.3400
 2019,    11,  22, -0.3912, -0.8205,     2,   19.5,  0.9090,  0.8262
 2019,    11,  23,  0.1013, -0.5721,     3,   55.0,  0.5810,  0.3376
 2019,    11,  24,  0.2806, -0.3976,     3,   80.2,  0.4866,  0.2368
 2019,    11,  25, -0.0486, -0.2623,     2,   34.5,  0.2667,  0.0711
 2019,    11,  26, -0.4844, -0.2151,     1,  338.9,  0.5300,  0.2809
 2019,    11,  27, -0.6605, -0.3746,     1,  344.6,  0.7593,  0.5766
 2019,    11,  28, -0.7333, -0.6252,     1,  355.4,  0.9636,  0.9286
 2019,    11,  29, -0.6998, -0.7963,     2,    3.7,  1.0601,  1.1238
 2019,    11,  30, -0.5107, -0.5867,     2,    4.0,  0.7778,  0.6050
 2019,    12,   1, -0.4015, -0.4326,     2,    2.1,  0.5902,  0.3484
 2019,    12,   2, -0.3572, -0.5283,     2,   10.9,  0.6377,  0.4067
 2019,    12,   3, -0.3944, -0.6024,     2,   11.8,  0.7200,  0.5184
 2019,    12,   4, -0.3383, -0.6188,     2,   16.3,  0.7053,  0.4974
 2019,    12,   5, -0.3311, -0.8422,     2,   23.5,  0.9050,  0.8190
 2019,    12,   6, -0.3483, -0.9953,     2,   25.7,  1.0545,  1.1120
 2019,    12,   7, -0.3194, -0.9987,     2,   27.3,  1.0486,  1.0995
 2019,    12,   8, -0.3913, -0.9261,     2,   22.1,  1.0054,  1.0108
 2019,    12,   9, -0.4461, -1.0273,     2,   21.5,  1.1200,  1.2543
 2019,    12,  10, -0.3684, -0.9836,     2,   24.5,  1.0504,  1.1032
 2019,    12,  11, -0.2144, -1.1959,     2,   34.8,  1.2150,  1.4762
 2019,    12,  12,  0.0342, -1.4117,     3,   46.4,  1.4121,  1.9940
 2019,    12,  13,  0.1950, -1.5102,     3,   52.4,  1.5227,  2.3188
 2019,    12,  14,  0.1630, -1.5506,     3,   51.0,  1.5591,  2.4309
 2019,    12,  15,  0.3270, -1.2181,     3,   60.0,  1.2612,  1.5907
 2019,    12,  16,  0.4151, -0.9099,     3,   69.5,  1.0001,  1.0003
 2019,    12,  17,  0.5206, -0.6930,     3,   81.9,  0.8668,  0.7513
 2019,    12,  18,  0.4488, -0.4975,     3,   87.1,  0.6701,  0.4490
 2019,    12,  19,  0.3216, -0.2327,     4,   99.1,  0.3969,  0.1575
 2019,    12,  20,  0.2559, -0.1758,     4,  100.5,  0.3105,  0.0964
 2019,    12,  21,  0.1976, -0.0512,     4,  120.5,  0.2041,  0.0417
 2019,    12,  22,  0.2953,  0.0541,     5,  145.4,  0.3003,  0.0902
 2019,    12,  23,  0.3691,  0.4494,     6,  185.6,  0.5816,  0.3382
 2019,    12,  24,  0.2779,  0.7344,     6,  204.3,  0.7852,  0.6166
 2019,    12,  25,  0.1633,  1.0677,     6,  216.3,  1.0801,  1.1665
 2019,    12,  26, -0.0154,  1.1621,     7,  225.8,  1.1623,  1.3508
 2019,    12,  27, -0.2921,  0.9627,     7,  241.9,  1.0060,  1.0121
 2019,    12,  28, -0.5632,  0.6476,     7,  266.0,  0.8582,  0.7366
 2019,    12,  29, -0.8287,  0.3613,     8,  291.4,  0.9040,  0.8173
 2019,    12,  30, -0.7019,  0.0995,     8,  306.9,  0.7089,  0.5025
 2019,    12,  31, -0.4596, -0.2112,     1,  339.7,  0.5059,  0.2559
 2020,     1,   1, -0.4261, -0.5194,     2,    5.6,  0.6718,  0.4513
 2020,     1,   2, -0.3294, -0.4377,     2,    8.0,  0.5479,  0.3001
 2020,     1,   3, -0.1247, -0.5756,     2,   32.8,  0.5889,  0.3468
 2020,     1,   4,  0.3552, -0.7483,     3,   70.4,  0.8283,  0.6861
 2020,     1,   5,  0.9084, -0.7796,     4,   94.4,  1.1971,  1.4329
 2020,     1,   6,  1.6163, -0.5419,     4,  116.5,  1.7047,  2.9060
 2020,     1,   7,  2.2833, -0.4047,     4,  124.9,  2.3189,  5.3774
 2020,     1,   8,  2.6624, -0.2539,     4,  129.6,  2.6744,  7.1526
 2020,     1,   9,  2.9561, -0.0670,     4,  133.7,  2.9569,  8.7431
 2020,     1,  10,  3.1464,  0.3372,     5,  141.1,  3.1644, 10.0136
 2020,     1,  11,  3.1752,  1.1153,     5,  154.4,  3.3653, 11.3255
 2020,     1,  12,  2.9837,  1.6336,     5,  163.7,  3.4016, 11.5710
 2020,     1,  13,  2.4570,  2.0692,     5,  175.1,  3.2122, 10.3185
 2020,     1,  14,  1.7715,  2.3616,     6,  188.1,  2.9522,  8.7153
 2020,     1,  15,  1.4659,  2.4469,     6,  194.1,  2.8524,  8.1361
 2020,     1,  16,  1.3069,  2.7259,     6,  199.4,  3.0230,  9.1386
 2020,     1,  17,  0.7476,  2.8976,     6,  210.5,  2.9925,  8.9552
 2020,     1,  18,  0.1333,  2.7113,     6,  222.2,  2.7146,  7.3690
 2020,     1,  19, -0.4364,  2.2270,     7,  236.1,  2.2693,  5.1499
 2020,     1,  20, -0.6670,  1.5895,     7,  247.8,  1.7238,  2.9714
 2020,     1,  21, -1.0126,  1.2660,     7,  263.7,  1.6211,  2.6280
 2020,     1,  22, -1.2374,  1.1620,     8,  271.8,  1.6975,  2.8815
 2020,     1,  23, -1.0193,  0.8551,     8,  275.0,  1.3305,  1.7702
 2020,     1,  24, -0.5688,  0.4227,     8,  278.4,  0.7087,  0.5022
 2020,     1,  25, -0.1891,  0.0666,     8,  295.6,  0.2005,  0.0402
 2020,     1,  26,  0.3005,  0.0063,     5,  136.2,  0.3005,  0.0903
 2020,     1,  27,  0.4981,  0.1956,     5,  156.4,  0.5351,  0.2864
 2020,     1,  28,  0.6930,  0.3788,     5,  163.7,  0.7897,  0.6237
 2020,     1,  29,  0.7109,  0.6749,     5,  178.5,  0.9803,  0.9609
 2020,     1,  30,  0.6966,  0.7340,     6,  181.5,  1.0119,  1.0240
 2020,     1,  31,  0.4676,  0.4809,     6,  180.8,  0.6708,  0.4499
 2020,     2,   1,  0.0824,  0.2984,     6,  209.6,  0.3096,  0.0958
 2020,     2,   2,  0.1750,  0.2256,     6,  187.2,  0.2855,  0.0815
 2020,     2,   3,  0.3305,  0.1461,     5,  158.8,  0.3613,  0.1306
 2020,     2,   4,  0.4959, -0.0555,     4,  128.6,  0.4990,  0.2490
 2020,     2,   5,  0.9220, -0.1643,     4,  124.9,  0.9365,  0.8771
 2020,     2,   6,  1.2694, -0.0250,     4,  133.9,  1.2696,  1.6119
 2020,     2,   7,  1.4547, -0.1379,     4,  129.6,  1.4612,  2.1352
 2020,     2,   8,  1.3792,  0.1513,     5,  141.3,  1.3875,  1.9252
 2020,     2,   9,  1.2791,  0.4588,     5,  154.7,  1.3589,  1.8467
 2020,     2,  10,  0.9905,  0.6804,     5,  169.5,  1.2017,  1.4440
 2020,     2,  11,  0.4865,  0.7411,     6,  191.7,  0.8865,  0.7859
 2020,     2,  12,  0.2489,  0.7974,     6,  207.7,  0.8353,  0.6978
 2020,     2,  13,  0.2776,  1.0008,     6,  209.5,  1.0386,  1.0786
 2020,     2,  14,  0.5400,  1.2214,     6,  201.1,  1.3355,  1.7835
 2020,     2,  15,  0.8267,  1.3451,     6,  193.4,  1.5788,  2.4927
 2020,     2,  16,  0.9853,  1.3198,     6,  188.3,  1.6471,  2.7128
 2020,     2,  17,  1.1038,  1.0873,     5,  179.6,  1.5494,  2.4006
 2020,     2,  18,  1.0120,  1.0712,     6,  181.6,  1.4736,  2.1715
 2020,     2,  19,  0.7876,  1.0253,     6,  187.5,  1.2929,  1.6717
 2020,     2,  20,  0.1438,  0.7757,     6,  214.5,  0.7889,  0.6223
 2020,     2,  21, -0.5148,  0.3685,     8,  279.4,  0.6331,  0.4008
 2020,     2,  22, -0.8191,  0.4155,     8,  288.1,  0.9185,  0.8437
 2020,     2,  23, -0.9979,  0.2725,     8,  299.7,  1.0344,  1.0701
 2020,     2,  24, -1.0304,  0.0302,     8,  313.3,  1.0309,  1.0627
 2020,     2,  25, -0.7876, -0.0703,     1,  320.1,  0.7907,  0.6252
 2020,     2,  26, -0.3610, -0.2577,     1,  350.5,  0.4435,  0.1967
 2020,     2,  27,  0.0973, -0.2711,     3,   64.7,  0.2881,  0.0830
 2020,     2,  28,  0.3583, -0.3813,     3,   88.2,  0.5232,  0.2737
 2020,     2,  29,  0.7510, -0.7058,     4,   91.8,  1.0307,  1.0623
 2020,     3,   1,  1.0481, -1.0505,     3,   89.9,  1.4839,  2.2020
 2020,     3,   2,  1.3435, -1.1713,     4,   93.9,  1.7824,  3.1768
 2020,     3,   3,  1.5688, -1.0667,     4,  100.8,  1.8971,  3.5989
 2020,     3,   4,  1.7372, -0.6194,     4,  115.4,  1.8444,  3.4016
 2020,     3,   5,  1.9333, -0.1450,     4,  130.7,  1.9388,  3.7588
 2020,     3,   6,  2.1113,  0.4529,     5,  147.1,  2.1593,  4.6625
 2020,     3,   7,  2.0867,  0.7758,     5,  155.4,  2.2262,  4.9560
 2020,     3,   8,  1.8991,  0.7734,     5,  157.2,  2.0506,  4.2049
 2020,     3,   9,  1.2180,  1.0418,     5,  175.5,  1.6028,  2.5688
 2020,     3,  10,  0.8041,  1.0592,     6,  187.8,  1.3299,  1.7686
 2020,     3,  11,  0.5606,  0.9128,     6,  193.4,  1.0712,  1.1475
 2020,     3,  12,  0.3882,  0.8557,     6,  200.6,  0.9397,  0.8830
 2020,     3,  13, -0.0448,  1.1024,     7,  227.3,  1.1033,  1.2172
 2020,     3,  14,  0.0145,  0.8242,     6,  224.0,  0.8243,  0.6796
 2020,     3,  15, -0.0317,  0.1497,     7,  237.0,  0.1530,  0.0234
 2020,     3,  16, -0.6112, -0.3285,     1,  343.3,  0.6939,  0.4815
 2020,     3,  17, -1.0774, -0.6396,     1,  345.7,  1.2530,  1.5699
 2020,     3,  18, -0.9673, -1.2334,     2,    6.9,  1.5674,  2.4569
 2020,     3,  19, -0.6468, -1.7337,     2,   24.5,  1.8504,  3.4241
 2020,     3,  20, -0.2000, -1.7176,     2,   38.4,  1.7292,  2.9900
 2020,     3,  21,  0.1592, -1.5957,     3,   50.7,  1.6036,  2.5715
 2020,     3,  22,  0.5136, -1.3927,     3,   65.2,  1.4844,  2.2035
 2020,     3,  23,  0.9077, -1.1746,     3,   82.7,  1.4845,  2.2036
 2020,     3,  24,  1.4544, -1.1061,     4,   97.7,  1.8272,  3.3387
 2020,     3,  25,  1.4492, -1.0058,     4,  100.2,  1.7641,  3.1119
 2020,     3,  26,  1.3108, -0.8578,     4,  101.8,  1.5665,  2.4539
 2020,     3,  27,  1.4426, -0.6782,     4,  109.8,  1.5941,  2.5411
 2020,     3,  28,  1.7170, -0.3857,     4,  122.3,  1.7597,  3.0967
 2020,     3,  29,  1.6986, -0.4177,     4,  121.2,  1.7492,  3.0595
 2020,     3,  30,  1.6567, -0.4505,     4,  119.8,  1.7168,  2.9475
 2020,     3,  31,  1.3779, -0.3187,     4,  122.0,  1.4143,  2.0001
 2020,     4,   1,  1.3118, -0.0314,     4,  133.6,  1.3121,  1.7217
 2020,     4,   2,  1.2096,  0.5248,     5,  158.5,  1.3185,  1.7386
 2020,     4,   3,  0.8387,  0.8534,     6,  180.5,  1.1966,  1.4317
 2020,     4,   4,  0.6427,  0.8137,     6,  186.7,  1.0369,  1.0752
 2020,     4,   5,  0.6758,  0.7958,     6,  184.7,  1.0441,  1.0901
 2020,     4,   6,  0.3981,  0.9997,     6,  203.3,  1.0761,  1.1579
 2020,     4,   7,  0.2407,  1.0126,     6,  211.6,  1.0408,  1.0832
 2020,     4,   8, -0.2065,  1.0932,     7,  235.7,  1.1126,  1.2378
 2020,     4,   9, -1.0784,  0.9511,     8,  273.6,  1.4379,  2.0675
 2020,     4,  10, -1.5603,  0.8127,     8,  287.5,  1.7592,  3.0948
 2020,     4,  11, -1.7353,  0.4322,     8,  301.0,  1.7883,  3.1982
 2020,     4,  12, -1.4699,  0.0073,     8,  314.7,  1.4699,  2.1605
 2020,     4,  13, -1.1092, -0.4375,     1,  336.5,  1.1924,  1.4217
 2020,     4,  14, -0.7901, -0.7423,     1,  358.2,  1.0841,  1.1752
 2020,     4,  15, -0.5797, -0.7294,     2,    6.5,  0.9317,  0.8680
 2020,     4,  16, -0.5783, -0.9246,     2,   13.0,  1.0906,  1.1893
 2020,     4,  17, -0.7759, -0.9038,     2,    4.4,  1.1912,  1.4189
 2020,     4,  18, -0.9611, -0.8596,     1,  356.8,  1.2894,  1.6626
 2020,     4,  19, -1.0337, -1.1171,     2,    2.2,  1.5220,  2.3165
 2020,     4,  20, -1.0634, -1.4100,     2,    8.0,  1.7661,  3.1191
 2020,     4,  21, -0.7748, -1.6851,     2,   20.3,  1.8547,  3.4399
 2020,     4,  22, -0.2139, -1.8116,     2,   38.3,  1.8242,  3.3278
 2020,     4,  23,  0.2030, -2.0939,     3,   50.5,  2.1037,  4.4255
 2020,     4,  24,  0.4437, -2.0949,     3,   57.0,  2.1414,  4.5855
 2020,     4,  25,  0.8515, -2.0701,     3,   67.4,  2.2384,  5.0103
 2020,     4,  26,  1.0648, -1.7613,     3,   76.2,  2.0582,  4.2361
 2020,     4,  27,  1.4137, -1.4758,     3,   88.8,  2.0436,  4.1765
 2020,     4,  28,  1.4031, -1.3551,     4,   91.0,  1.9506,  3.8050
 2020,     4,  29,  1.4984, -0.9192,     4,  103.5,  1.7578,  3.0899
 2020,     4,  30,  1.4440, -0.7260,     4,  108.3,  1.6163,  2.6123
 2020,     5,   1,  1.0218, -0.2556,     4,  121.0,  1.0533,  1.1095
 2020,     5,   2,  1.0406,  0.0571,     5,  138.1,  1.0422,  1.0861
 2020,     5,   3,  1.0092,  0.3348,     5,  153.4,  1.0633,  1.1306
 2020,     5,   4,  0.6833,  0.3951,     5,  165.0,  0.7893,  0.6230
 2020,     5,   5,  0.3395,  0.4506,     6,  188.0,  0.5642,  0.3183
 2020,     5,   6,  0.2048,  0.5315,     6,  203.9,  0.5696,  0.3245
 2020,     5,   7, -0.0217,  0.4020,     7,  228.1,  0.4026,  0.1620
 2020,     5,   8, -0.3758,  0.3037,     8,  276.1,  0.4832,  0.2335
 2020,     5,   9, -0.5384,  0.1702,     8,  297.5,  0.5646,  0.3188
 2020,     5,  10, -0.5337, -0.1529,     1,  331.0,  0.5552,  0.3082
 2020,     5,  11, -0.4431, -0.4106,     1,  357.8,  0.6041,  0.3649
 2020,     5,  12, -0.3389, -0.6666,     2,   18.1,  0.7478,  0.5592
 2020,     5,  13, -0.2602, -0.7291,     2,   25.4,  0.7741,  0.5993
 2020,     5,  14, -0.2558, -0.7986,     2,   27.2,  0.8386,  0.7032
 2020,     5,  15, -0.1003, -0.8876,     2,   38.6,  0.8933,  0.7980
 2020,     5,  16,  0.0393, -1.2828,     3,   46.8,  1.2834,  1.6472
 2020,     5,  17,  0.2478, -1.5242,     3,   54.2,  1.5442,  2.3847
 2020,     5,  18,  0.4936, -1.3989,     3,   64.4,  1.4834,  2.2004
 2020,     5,  19,  0.7373, -0.9053,     3,   84.2,  1.1675,  1.3631
 2020,     5,  20,  1.0080, -0.6979,     4,  100.3,  1.2260,  1.5030
 2020,     5,  21,  1.3163, -0.2234,     4,  125.4,  1.3351,  1.7825
 2020,     5,  22,  1.4827,  0.5702,     5,  156.0,  1.5886,  2.5236
 2020,     5,  23,  1.3436,  1.2974,     5,  179.0,  1.8677,  3.4885
 2020,     5,  24,  0.7039,  1.4853,     6,  199.6,  1.6437,  2.7016
 2020,     5,  25,  0.0145,  1.3910,     6,  224.4,  1.3911,  1.9351
 2020,     5,  26, -0.5410,  1.2964,     7,  247.7,  1.4047,  1.9733
 2020,     5,  27, -0.9400,  0.9564,     7,  269.5,  1.3410,  1.7984
 2020,     5,  28, -1.0241,  0.4491,     8,  291.3,  1.1183,  1.2505
 2020,     5,  29, -1.1140,  0.1076,     8,  309.5,  1.1192,  1.2527
 2020,     5,  30, -1.4233, -0.0582,     1,  317.3,  1.4245,  2.0292
 2020,     5,  31, -1.5176, -0.3743,     1,  328.9,  1.5631,  2.4433
 2020,     6,   1, -1.7132, -0.5014,     1,  331.3,  1.7850,  3.1863
 2020,     6,   2, -1.6614, -0.6180,     1,  335.4,  1.7727,  3.1423
 2020,     6,   3, -1.4134, -0.6659,     1,  340.2,  1.5624,  2.4412
 2020,     6,   4, -1.2768, -0.6987,     1,  343.7,  1.4555,  2.1185
 2020,     6,   5, -1.2061, -0.8528,     1,  350.3,  1.4772,  2.1820
 2020,     6,   6, -0.9773, -0.6870,     1,  350.1,  1.1946,  1.4271
 2020,     6,   7, -0.8627, -0.6233,     1,  350.8,  1.0643,  1.1328
 2020,     6,   8, -0.6159, -0.8057,     2,    7.6,  1.0141,  1.0284
 2020,     6,   9, -0.5126, -0.7547,     2,   10.8,  0.9123,  0.8322
 2020,     6,  10, -0.2703, -0.6460,     2,   22.3,  0.7003,  0.4904
 2020,     6,  11, -0.1087, -0.5123,     2,   33.0,  0.5237,  0.2743
 2020,     6,  12,  0.0954, -0.4194,     3,   57.8,  0.4301,  0.1850
 2020,     6,  13,  0.1580, -0.5919,     3,   59.9,  0.6126,  0.3753
 2020,     6,  14,  0.0853, -0.7904,     3,   51.2,  0.7950,  0.6320
 2020,     6,  15, -0.0221, -0.8716,     2,   43.6,  0.8719,  0.7602
 2020,     6,  16, -0.0773, -0.9495,     2,   40.3,  0.9526,  0.9075
 2020,     6,  17, -0.1709, -0.8647,     2,   33.8,  0.8814,  0.7769
 2020,     6,  18, -0.2720, -0.7318,     2,   24.6,  0.7807,  0.6095
 2020,     6,  19, -0.5623, -0.5737,     2,    0.6,  0.8033,  0.6453
 2020,     6,  20, -0.7413, -0.6100,     1,  354.4,  0.9600,  0.9216
 2020,     6,  21, -0.7717, -0.7079,     1,  357.5,  1.0472,  1.0967
 2020,     6,  22, -0.8205, -0.7221,     1,  356.3,  1.0930,  1.1947
 2020,     6,  23, -0.8710, -0.5598,     1,  347.7,  1.0354,  1.0720
 2020,     6,  24, -0.8859, -0.5406,     1,  346.4,  1.0378,  1.0770
 2020,     6,  25, -0.8594, -0.3745,     1,  338.5,  0.9375,  0.8789
 2020,     6,  26, -0.8775, -0.3127,     1,  334.6,  0.9315,  0.8678
 2020,     6,  27, -0.7233, -0.0688,     1,  320.4,  0.7265,  0.5278
 2020,     6,  28, -0.6359,  0.0377,     8,  311.6,  0.6370,  0.4058
 2020,     6,  29, -0.6903,  0.0591,     8,  310.1,  0.6928,  0.4800
 2020,     6,  30, -0.7156,  0.0397,     8,  311.8,  0.7167,  0.5136
 2020,     7,   1, -0.5608, -0.1215,     1,  327.2,  0.5738,  0.3292
 2020,     7,   2, -0.4828, -0.3283,     1,  349.2,  0.5838,  0.3409
 2020,     7,   3, -0.8198, -0.5737,     1,  350.0,  1.0006,  1.0012
 2020,     7,   4, -1.2173, -0.9368,     1,  352.6,  1.5361,  2.3595
 2020,     7,   5, -1.4318, -0.9706,     1,  349.1,  1.7298,  2.9922
 2020,     7,   6, -1.4211, -1.1566,     1,  354.1,  1.8322,  3.3571
 2020,     7,   7, -1.3446, -1.2034,     1,  356.8,  1.8045,  3.2562
 2020,     7,   8, -1.1686, -1.1445,     1,  359.4,  1.6357,  2.6754
 2020,     7,   9, -0.9481, -1.3600,     2,   10.1,  1.6579,  2.7485
 2020,     7,  10, -0.7982, -1.1894,     2,   11.1,  1.4325,  2.0520
 2020,     7,  11, -0.4070, -1.0867,     2,   24.5,  1.1604,  1.3465
 2020,     7,  12, -0.2505, -1.0231,     2,   31.2,  1.0533,  1.1094
 2020,     7,  13, -0.3724, -0.9098,     2,   22.7,  0.9831,  0.9664
 2020,     7,  14, -0.5794, -0.7545,     2,    7.5,  0.9513,  0.9049
 2020,     7,  15, -0.5950, -0.4238,     1,  350.5,  0.7305,  0.5336
 2020,     7,  16, -0.4214, -0.4686,     2,    3.0,  0.6302,  0.3971
 2020,     7,  17, -0.5388, -0.2861,     1,  343.0,  0.6100,  0.3721
 2020,     7,  18, -0.6663, -0.3068,     1,  339.7,  0.7336,  0.5381
 2020,     7,  19, -0.9762, -0.0754,     1,  319.4,  0.9791,  0.9586
 2020,     7,  20, -0.9768, -0.3583,     1,  335.1,  1.0404,  1.0825
 2020,     7,  21, -0.7689, -0.6910,     1,  356.9,  1.0337,  1.0686
 2020,     7,  22, -0.6101, -0.9172,     2,   11.4,  1.1015,  1.2134
 2020,     7,  23, -0.4211, -1.0961,     2,   24.0,  1.1743,  1.3789
 2020,     7,  24, -0.2430, -1.1484,     2,   33.1,  1.1738,  1.3779
 2020,     7,  25, -0.1907, -1.2425,     2,   36.3,  1.2570,  1.5800
 2020,     7,  26,  0.0184, -0.9080,     3,   46.2,  0.9082,  0.8248
 2020,     7,  27,  0.3977, -0.6766,     3,   75.4,  0.7848,  0.6159
 2020,     7,  28,  0.5366, -0.4182,     4,   97.1,  0.6803,  0.4628
 2020,     7,  29,  0.7635, -0.2036,     4,  120.1,  0.7902,  0.6243
 2020,     7,  30,  1.0144,  0.0698,     5,  138.9,  1.0168,  1.0338
 2020,     7,  31,  1.0671,  0.1191,     5,  141.4,  1.0737,  1.1529
 2020,     8,   1,  0.9276, -0.0057,     4,  134.6,  0.9276,  0.8605
 2020,     8,   2,  0.8319,  0.1108,     5,  142.6,  0.8392,  0.7043
 2020,     8,   3,  1.2715,  0.3002,     5,  148.3,  1.3065,  1.7070
 2020,     8,   4,  1.7892,  0.2214,     5,  142.1,  1.8029,  3.2504
 2020,     8,   5,  1.9791,  0.1852,     5,  140.3,  1.9878,  3.9513
 2020,     8,   6,  2.1069,  0.3890,     5,  145.5,  2.1425,  4.5903
 2020,     8,   7,  2.0032,  0.6273,     5,  152.4,  2.0991,  4.4063
 2020,     8,   8,  1.7547,  0.6794,     5,  156.2,  1.8816,  3.5404
 2020,     8,   9,  1.3317,  0.7619,     5,  164.8,  1.5342,  2.3538
 2020,     8,  10,  0.9167,  0.7100,     5,  172.8,  1.1595,  1.3443
 2020,     8,  11,  0.4145,  0.7207,     6,  195.1,  0.8314,  0.6912
 2020,     8,  12,  0.0988,  0.7567,     6,  217.6,  0.7632,  0.5824
 2020,     8,  13, -0.2514,  0.7931,     7,  242.6,  0.8319,  0.6921
 2020,     8,  14, -0.5152,  0.6263,     7,  264.4,  0.8110,  0.6577
 2020,     8,  15, -1.1077,  0.6593,     8,  284.2,  1.2890,  1.6616
 2020,     8,  16, -1.4414,  0.7459,     8,  287.6,  1.6229,  2.6340
 2020,     8,  17, -1.7321,  0.8869,     8,  287.9,  1.9460,  3.7868
 2020,     8,  18, -1.5743,  0.7893,     8,  288.4,  1.7611,  3.1016
 2020,     8,  19, -1.4526,  0.5010,     8,  296.0,  1.5366,  2.3612
 2020,     8,  20, -1.4977,  0.1215,     8,  310.4,  1.5026,  2.2578
 2020,     8,  21, -1.5230, -0.1553,     1,  320.8,  1.5309,  2.3437
 2020,     8,  22, -1.6410, -0.2813,     1,  324.7,  1.6649,  2.7720
 2020,     8,  23, -1.8187, -0.3674,     1,  326.4,  1.8555,  3.4427
 2020,     8,  24, -1.7532, -0.7415,     1,  337.9,  1.9036,  3.6235
 2020,     8,  25, -1.7459, -1.0703,     1,  346.5,  2.0478,  4.1936
 2020,     8,  26, -1.7510, -1.2528,     1,  350.6,  2.1530,  4.6353
 2020,     8,  27, -1.4039, -1.2540,     1,  356.8,  1.8824,  3.5433
 2020,     8,  28, -0.8756, -1.2058,     2,    9.0,  1.4902,  2.2207
 2020,     8,  29, -0.4805, -1.2012,     2,   23.2,  1.2938,  1.6738
 2020,     8,  30, -0.0491, -1.2351,     2,   42.7,  1.2360,  1.5278
 2020,     8,  31,  0.3250, -1.2947,     3,   59.1,  1.3349,  1.7820
 2020,     9,   1,  0.1583, -0.6533,     3,   58.6,  0.6722,  0.4519
 2020,     9,   2,  0.3193, -0.2483,     4,   97.1,  0.4045,  0.1637
 2020,     9,   3,  0.2243, -0.1703,     4,   97.8,  0.2816,  0.0793
 2020,     9,   4,  0.1891, -0.1285,     4,  100.8,  0.2286,  0.0522
 2020,     9,   5,  0.2317,  0.1210,     5,  162.6,  0.2614,  0.0683
 2020,     9,   6,  0.0839,  0.0275,     5,  153.2,  0.0883,  0.0078
 2020,     9,   7, -0.0051, -0.2526,     2,   43.9,  0.2527,  0.0639
 2020,     9,   8, -0.0274, -0.0904,     2,   28.1,  0.0945,  0.0089
 2020,     9,   9,  0.1620,  0.1863,     6,  184.0,  0.2468,  0.0609
 2020,     9,  10,  0.4424,  0.1360,     5,  152.1,  0.4628,  0.2142
 2020,     9,  11,  0.3730, -0.0498,     4,  127.4,  0.3763,  0.1416
 2020,     9,  12,  0.1809, -0.1603,     4,   93.5,  0.2418,  0.0584
 2020,     9,  13,  0.2266, -0.3239,     3,   80.0,  0.3953,  0.1563
 2020,     9,  14,  0.5532, -0.4669,     4,   94.8,  0.7239,  0.5240
 2020,     9,  15,  1.0359, -0.2438,     4,  121.8,  1.0642,  1.1326
 2020,     9,  16,  1.2469, -0.0142,     4,  134.3,  1.2469,  1.5549
 2020,     9,  17,  1.1859,  0.1323,     5,  141.4,  1.1932,  1.4238
 2020,     9,  18,  0.7934,  0.1796,     5,  147.8,  0.8135,  0.6618
 2020,     9,  19,  0.4188,  0.3308,     5,  173.3,  0.5337,  0.2848
 2020,     9,  20,  0.2300,  0.5195,     6,  201.1,  0.5681,  0.3227
 2020,     9,  21,  0.3794,  0.4775,     6,  186.5,  0.6099,  0.3719
 2020,     9,  22,  0.5847,  0.5324,     5,  177.3,  0.7908,  0.6253
 2020,     9,  23,  0.7682,  0.6156,     5,  173.7,  0.9845,  0.9692
 2020,     9,  24,  0.8564,  0.7874,     5,  177.6,  1.1634,  1.3535
 2020,     9,  25,  0.7585,  0.8781,     6,  184.2,  1.1603,  1.3464
 2020,     9,  26,  0.6143,  0.7823,     6,  186.9,  0.9947,  0.9894
 2020,     9,  27,  0.5426,  0.7616,     6,  189.5,  0.9351,  0.8744
 2020,     9,  28,  0.5959,  0.8634,     6,  190.4,  1.0491,  1.1005
 2020,     9,  29,  0.6070,  1.0635,     6,  195.3,  1.2245,  1.4994
 2020,     9,  30,  0.6579,  0.9299,     6,  189.7,  1.1391,  1.2976
 2020,    10,   1,  0.6351,  0.7534,     6,  184.9,  0.9854,  0.9710
 2020,    10,   2,  0.4475,  0.4153,     5,  177.9,  0.6105,  0.3728
 2020,    10,   3,  0.3887,  0.3551,     5,  177.4,  0.5265,  0.2772
 2020,    10,   4,  0.2680,  0.2194,     5,  174.3,  0.3464,  0.1200
 2020,    10,   5,  0.4824,  0.3236,     5,  168.9,  0.5809,  0.3375
 2020,    10,   6,  0.4916,  0.3475,     5,  170.3,  0.6020,  0.3624
 2020,    10,   7,  0.5983,  0.4107,     5,  169.5,  0.7257,  0.5266
 2020,    10,   8,  0.8570,  0.2939,     5,  153.9,  0.9060,  0.8208
 2020,    10,   9,  1.0534,  0.4053,     5,  156.0,  1.1287,  1.2739
 2020,    10,  10,  1.0633,  0.3840,     5,  154.9,  1.1306,  1.2782
 2020,    10,  11,  1.1309,  0.3476,     5,  152.1,  1.1831,  1.3998
 2020,    10,  12,  1.2622,  0.1487,     5,  141.7,  1.2710,  1.6154
 2020,    10,  13,  1.3041,  0.2363,     5,  145.3,  1.3254,  1.7566
 2020,    10,  14,  1.5804,  0.5091,     5,  152.9,  1.6603,  2.7567
 2020,    10,  15,  1.7571,  0.9028,     5,  162.2,  1.9754,  3.9023
 2020,    10,  16,  1.5947,  1.1332,     5,  170.4,  1.9564,  3.8274
 2020,    10,  17,  1.3638,  1.2779,     5,  178.1,  1.8689,  3.4929
 2020,    10,  18,  1.2499,  1.2121,     5,  179.1,  1.7411,  3.0313
 2020,    10,  19,  1.3067,  1.2250,     5,  178.2,  1.7911,  3.2080
 2020,    10,  20,  1.0984,  1.3680,     6,  186.2,  1.7544,  3.0780
 2020,    10,  21,  1.0907,  1.5762,     6,  190.3,  1.9167,  3.6738
 2020,    10,  22,  1.0917,  1.5648,     6,  190.1,  1.9080,  3.6404
 2020,    10,  23,  0.9128,  1.4415,     6,  192.7,  1.7062,  2.9110
 2020,    10,  24,  0.7429,  1.3196,     6,  195.6,  1.5143,  2.2931
 2020,    10,  25,  0.5442,  1.4019,     6,  203.8,  1.5038,  2.2614
 2020,    10,  26,  0.1805,  1.3955,     6,  217.6,  1.4072,  1.9801
 2020,    10,  27, -0.1779,  1.2154,     7,  233.3,  1.2283,  1.5087
 2020,    10,  28, -0.4303,  0.9233,     7,  250.0,  1.0186,  1.0376
 2020,    10,  29, -0.5682,  0.9882,     7,  254.9,  1.1399,  1.2994
 2020,    10,  30, -0.8000,  1.0497,     7,  262.3,  1.3198,  1.7418
 2020,    10,  31, -0.7103,  0.8474,     7,  265.0,  1.1057,  1.2225
 2020,    11,   1, -0.5063,  0.5857,     7,  265.8,  0.7742,  0.5994
 2020,    11,   2, -0.6259,  0.4513,     8,  279.2,  0.7716,  0.5954
 2020,    11,   3, -0.4766,  0.3594,     8,  278.0,  0.5969,  0.3563
 2020,    11,   4, -0.4392,  0.2961,     8,  281.0,  0.5298,  0.2806
 2020,    11,   5, -0.6749,  0.1499,     8,  302.5,  0.6914,  0.4780
 2020,    11,   6, -1.2080,  0.0705,     8,  311.7,  1.2100,  1.4641
 2020,    11,   7, -1.3544, -0.0368,     1,  316.6,  1.3549,  1.8357
 2020,    11,   8, -1.1850, -0.2531,     1,  327.1,  1.2117,  1.4682
 2020,    11,   9, -1.1042, -0.2046,     1,  325.5,  1.1230,  1.2611
 2020,    11,  10, -1.3057, -0.3169,     1,  328.6,  1.3436,  1.8052
 2020,    11,  11, -1.3448, -0.4296,     1,  332.7,  1.4117,  1.9930
 2020,    11,  12, -1.2995, -0.7622,     1,  345.4,  1.5065,  2.2696
 2020,    11,  13, -1.0439, -0.9946,     1,  358.6,  1.4419,  2.0791
 2020,    11,  14, -0.8724, -1.3197,     2,   11.5,  1.5820,  2.5026
 2020,    11,  15, -0.7678, -1.6405,     2,   19.9,  1.8113,  3.2809
 2020,    11,  16, -0.5722, -1.8269,     2,   27.6,  1.9144,  3.6649
 2020,    11,  17, -0.4878, -1.9795,     2,   31.2,  2.0387,  4.1565
 2020,    11,  18, -0.2679, -1.8453,     2,   36.7,  1.8646,  3.4769
 2020,    11,  19, -0.1040, -1.8718,     2,   41.8,  1.8747,  3.5145
 2020,    11,  20,  0.0060, -1.6971,     3,   45.2,  1.6972,  2.8803
 2020,    11,  21,  0.3161, -1.4785,     3,   57.1,  1.5119,  2.2859
 2020,    11,  22,  0.5095, -0.8834,     3,   75.0,  1.0197,  1.0399
 2020,    11,  23,  0.5170, -0.6726,     3,   82.5,  0.8483,  0.7197
 2020,    11,  24,  0.5505, -0.6197,     3,   86.6,  0.8289,  0.6870
 2020,    11,  25,  0.8151, -0.6849,     4,   95.0,  1.0646,  1.1333
 2020,    11,  26,  0.9380, -0.7510,     4,   96.3,  1.2016,  1.4438
 2020,    11,  27,  0.8186, -0.7202,     4,   93.7,  1.0903,  1.1887
 2020,    11,  28,  0.7283, -0.5265,     4,   99.1,  0.8986,  0.8076
 2020,    11,  29,  0.7091, -0.5016,     4,   99.7,  0.8686,  0.7544
 2020,    11,  30,  0.8161, -0.4452,     4,  106.4,  0.9297,  0.8643
 2020,    12,   1,  1.0782, -0.3598,     4,  116.5,  1.1367,  1.2921
 2020,    12,   2,  1.0396, -0.3715,     4,  115.3,  1.1040,  1.2188
 2020,    12,   3,  1.0386, -0.1803,     4,  125.2,  1.0541,  1.1111
 2020,    12,   4,  1.0989, -0.2577,     4,  121.8,  1.1287,  1.2739
 2020,    12,   5,  1.0421, -0.2919,     4,  119.4,  1.0822,  1.1712
 2020,    12,   6,  0.9888, -0.2838,     4,  119.0,  1.0288,  1.0583
 2020,    12,   7,  0.8870, -0.3486,     4,  113.5,  0.9530,  0.9082
 2020,    12,   8,  0.8900, -0.1547,     4,  125.1,  0.9034,  0.8161
 2020,    12,   9,  0.9129,  0.1723,     5,  145.7,  0.9290,  0.8630
 2020,    12,  10,  1.0614,  0.3467,     5,  153.1,  1.1166,  1.2469
 2020,    12,  11,  1.2589,  0.5710,     5,  159.4,  1.3824,  1.9109
 2020,    12,  12,  1.0986,  0.6068,     5,  163.9,  1.2551,  1.5752
 2020,    12,  13,  1.0150,  0.6938,     5,  169.4,  1.2294,  1.5115
 2020,    12,  14,  0.8943,  0.3221,     5,  154.8,  0.9505,  0.9035
 2020,    12,  15,  0.8484,  0.2030,     5,  148.5,  0.8724,  0.7610
 2020,    12,  16,  0.6942,  0.1482,     5,  147.1,  0.7099,  0.5039
 2020,    12,  17,  0.6340,  0.0508,     5,  139.6,  0.6360,  0.4045
 2020,    12,  18,  0.5947,  0.1956,     5,  153.2,  0.6260,  0.3919
 2020,    12,  19,  0.7572,  0.2559,     5,  153.7,  0.7992,  0.6388
 2020,    12,  20,  0.6123,  0.3803,     5,  166.8,  0.7208,  0.5195
 2020,    12,  21,  0.5032,  0.2973,     5,  165.6,  0.5845,  0.3416
 2020,    12,  22,  0.3901,  0.0682,     5,  144.9,  0.3960,  0.1568
 2020,    12,  23,  0.1625, -0.2138,     3,   82.2,  0.2685,  0.0721
 2020,    12,  24,  0.0746, -0.4044,     3,   55.5,  0.4113,  0.1691
 2020,    12,  25,  0.0064, -0.4219,     3,   45.9,  0.4220,  0.1781
 2020,    12,  26,  0.2058, -0.5637,     3,   65.1,  0.6001,  0.3601
 2020,    12,  27,  0.2831, -0.3493,     3,   84.0,  0.4496,  0.2022
 2020,    12,  28,  0.3920, -0.4864,     3,   83.9,  0.6247,  0.3903
 2020,    12,  29,  0.5722, -0.5327,     4,   92.0,  0.7818,  0.6112
 2020,    12,  30,  0.5302, -0.7029,     3,   82.0,  0.8804,  0.7751
 2020,    12,  31,  0.4388, -0.8178,     3,   73.2,  0.9281,  0.8613
 2021,     1,   1,  0.5609, -0.9619,     3,   75.2,  1.1135,  1.2399
 2021,     1,   2,  0.5940, -1.1011,     3,   73.3,  1.2511,  1.5651
 2021,     1,   3,  0.4949, -1.3826,     3,   64.7,  1.4685,  2.1565
 2021,     1,   4,  0.5402, -1.5831,     3,   63.8,  1.6727,  2.7979
 2021,     1,   5,  0.6294, -1.6065,     3,   66.4,  1.7254,  2.9768
 2021,     1,   6,  1.0015, -1.6110,     3,   76.9,  1.8970,  3.5985
 2021,     1,   7,  1.3307, -1.6920,     3,   83.2,  2.1526,  4.6336
 2021,     1,   8,  1.2249, -1.6295,     3,   81.9,  2.0385,  4.1555
 2021,     1,   9,  1.1393, -1.4295,     3,   83.6,  1.8279,  3.3414
 2021,     1,  10,  1.0904, -1.4235,     3,   82.5,  1.7932,  3.2155
 2021,     1,  11,  1.0213, -1.3288,     3,   82.5,  1.6760,  2.8089
 2021,     1,  12,  0.9339, -1.3441,     3,   79.8,  1.6367,  2.6789
 2021,     1,  13,  0.9522, -1.3888,     3,   79.4,  1.6839,  2.8355
 2021,     1,  14,  1.1345, -1.1984,     3,   88.4,  1.6502,  2.7233
 2021,     1,  15,  1.3384, -0.8457,     4,  102.7,  1.5832,  2.5065
 2021,     1,  16,  1.4707, -0.7142,     4,  109.1,  1.6350,  2.6732
 2021,     1,  17,  1.2283, -0.6841,     4,  105.9,  1.4060,  1.9769
 2021,     1,  18,  0.8951, -0.7899,     4,   93.6,  1.1938,  1.4252
 2021,     1,  19,  0.5940, -0.3354,     4,  105.6,  0.6821,  0.4653
 2021,     1,  20,  0.1242,  0.0814,     5,  168.2,  0.1484,  0.0220
 2021,     1,  21, -0.0012,  0.4799,     7,  225.1,  0.4799,  0.2303
 2021,     1,  22,  0.0841,  0.8963,     6,  219.6,  0.9002,  0.8104
 2021,     1,  23,  0.0624,  1.1733,     6,  222.0,  1.1749,  1.3805
 2021,     1,  24, -0.1199,  1.3488,     7,  230.1,  1.3541,  1.8337
 2021,     1,  25, -0.3702,  1.3885,     7,  239.9,  1.4370,  2.0650
 2021,     1,  26, -0.2886,  1.2214,     7,  238.3,  1.2550,  1.5750
 2021,     1,  27,  0.0996,  1.5012,     6,  221.2,  1.5045,  2.2636
 2021,     1,  28,  0.2466,  1.8082,     6,  217.2,  1.8250,  3.3305
 2021,     1,  29,  0.7237,  1.8461,     6,  203.6,  1.9829,  3.9319
 2021,     1,  30,  0.8554,  1.6796,     6,  198.0,  1.8849,  3.5527
 2021,     1,  31,  0.6323,  1.5095,     6,  202.3,  1.6365,  2.6783
 2021,     2,   1,  0.4377,  1.4568,     6,  208.3,  1.5211,  2.3138
 2021,     2,   2,  0.3740,  1.6839,     6,  212.5,  1.7249,  2.9754
 2021,     2,   3,  0.3250,  1.3226,     6,  211.2,  1.3619,  1.8548
 2021,     2,   4,  0.0565,  1.3074,     6,  222.5,  1.3086,  1.7124
 2021,     2,   5, -0.0348,  1.5486,     7,  226.3,  1.5490,  2.3993
 2021,     2,   6, -0.1684,  1.6645,     7,  230.8,  1.6730,  2.7991
 2021,     2,   7, -0.3379,  1.6143,     7,  236.8,  1.6493,  2.7201
 2021,     2,   8, -0.6898,  1.5203,     7,  249.4,  1.6694,  2.7869
 2021,     2,   9, -0.7270,  1.3922,     7,  252.6,  1.5706,  2.4667
 2021,     2,  10, -0.4081,  1.3549,     7,  241.8,  1.4150,  2.0021
 2021,     2,  11, -0.2742,  1.6366,     7,  234.5,  1.6594,  2.7538
 2021,     2,  12, -0.3303,  2.0295,     7,  234.2,  2.0562,  4.2281
 2021,     2,  13, -0.3680,  2.0568,     7,  235.1,  2.0894,  4.3658
 2021,     2,  14, -0.7226,  2.0695,     7,  244.2,  2.1921,  4.8051
 2021,     2,  15, -0.7329,  1.8352,     7,  246.8,  1.9761,  3.9050
 2021,     2,  16, -0.4846,  1.6533,     7,  241.3,  1.7228,  2.9682
 2021,     2,  17, -0.3530,  1.2392,     7,  240.9,  1.2885,  1.6603
 2021,     2,  18, -0.4157,  0.7727,     7,  253.3,  0.8774,  0.7698
 2021,     2,  19, -0.4749,  0.5750,     7,  264.6,  0.7458,  0.5562
 2021,     2,  20, -0.5816,  0.4043,     8,  280.2,  0.7083,  0.5017
 2021,     2,  21, -0.1813,  0.4740,     7,  245.9,  0.5075,  0.2575
 2021,     2,  22,  0.3996,  0.5077,     6,  186.8,  0.6461,  0.4175
 2021,     2,  23,  0.7296,  0.5579,     5,  172.4,  0.9185,  0.8436
 2021,     2,  24,  0.8998,  0.7221,     5,  173.7,  1.1538,  1.3312
 2021,     2,  25,  0.9157,  0.7529,     5,  174.4,  1.1855,  1.4054
 2021,     2,  26,  1.1450,  0.5851,     5,  162.1,  1.2859,  1.6534
 2021,     2,  27,  0.8993,  0.6311,     5,  170.1,  1.0986,  1.2070
 2021,     2,  28,  0.4693,  0.5887,     6,  186.4,  0.7529,  0.5668
 2021,     3,   1,  0.3584,  0.7044,     6,  198.0,  0.7903,  0.6246
 2021,     3,   2,  0.1965,  0.6961,     6,  209.2,  0.7233,  0.5232
 2021,     3,   3,  0.1426,  0.3188,     6,  200.9,  0.3492,  0.1220
 2021,     3,   4, -0.1934,  0.3918,     7,  251.3,  0.4369,  0.1909
 2021,     3,   5, -0.3107,  0.2227,     8,  279.4,  0.3823,  0.1461
 2021,     3,   6, -0.3841,  0.2528,     8,  281.6,  0.4598,  0.2114
 2021,     3,   7, -0.4026,  0.1976,     8,  288.9,  0.4485,  0.2011
 2021,     3,   8, -0.7095,  0.0502,     8,  311.0,  0.7113,  0.5059
 2021,     3,   9, -0.7917, -0.1795,     1,  327.8,  0.8118,  0.6591
 2021,     3,  10, -0.7828, -0.3275,     1,  337.7,  0.8485,  0.7200
 2021,     3,  11, -0.9951, -0.2795,     1,  330.7,  1.0336,  1.0684
 2021,     3,  12, -1.1529, -0.1811,     1,  323.9,  1.1670,  1.3619
 2021,     3,  13, -1.3651,  0.0394,     8,  313.3,  1.3656,  1.8649
 2021,     3,  14, -1.2088, -0.0565,     1,  317.7,  1.2102,  1.4645
 2021,     3,  15, -1.3044, -0.0113,     1,  315.5,  1.3045,  1.7017
 2021,     3,  16, -1.3811, -0.2372,     1,  324.7,  1.4013,  1.9637
 2021,     3,  17, -1.3530, -0.4689,     1,  334.1,  1.4319,  2.0504
 2021,     3,  18, -1.1546, -0.6142,     1,  343.0,  1.3078,  1.7105
 2021,     3,  19, -0.7190, -0.6606,     1,  357.6,  0.9764,  0.9534
 2021,     3,  20, -0.2877, -0.6332,     2,   20.6,  0.6955,  0.4837
 2021,     3,  21, -0.0638, -0.8074,     2,   40.5,  0.8099,  0.6559
 2021,     3,  22, -0.1205, -1.0347,     2,   38.4,  1.0417,  1.0851
 2021,     3,  23, -0.0291, -1.3104,     2,   43.7,  1.3107,  1.7180
 2021,     3,  24,  0.2755, -1.1689,     3,   58.3,  1.2009,  1.4423
 2021,     3,  25,  0.4224, -0.8114,     3,   72.5,  0.9148,  0.8368
 2021,     3,  26,  0.7633, -0.6335,     4,   95.3,  0.9919,  0.9839
 2021,     3,  27,  1.3750, -0.4836,     4,  115.6,  1.4575,  2.1244
 2021,     3,  28,  1.6457, -0.5166,     4,  117.6,  1.7248,  2.9751
 2021,     3,  29,  1.4910, -0.3270,     4,  122.6,  1.5264,  2.3299
 2021,     3,  30,  1.6923,  0.0956,     5,  138.2,  1.6950,  2.8731
 2021,     3,  31,  1.6568,  0.3676,     5,  147.5,  1.6971,  2.8802
 2021,     4,   1,  1.4299,  0.6768,     5,  160.3,  1.5820,  2.5028
 2021,     4,   2,  1.3371,  0.9658,     5,  170.8,  1.6494,  2.7205
 2021,     4,   3,  1.1330,  1.0647,     5,  178.2,  1.5548,  2.4174
 2021,     4,   4,  0.8590,  1.1802,     6,  189.0,  1.4597,  2.1308
 2021,     4,   5,  0.4833,  1.3607,     6,  205.4,  1.4440,  2.0852
 2021,     4,   6, -0.0181,  1.7059,     7,  225.6,  1.7060,  2.9103
 2021,     4,   7, -0.1414,  2.0862,     7,  228.9,  2.0910,  4.3721
 2021,     4,   8,  0.0539,  2.0995,     6,  223.5,  2.1002,  4.4110
 2021,     4,   9, -0.1319,  2.0007,     7,  228.8,  2.0050,  4.0202
 2021,     4,  10, -0.4012,  1.9489,     7,  236.6,  1.9898,  3.9592
 2021,     4,  11, -0.7001,  1.9606,     7,  244.7,  2.0819,  4.3343
 2021,     4,  12, -0.8712,  1.8723,     7,  250.0,  2.0651,  4.2645
 2021,     4,  13, -1.0723,  1.7321,     7,  256.8,  2.0372,  4.1501
 2021,     4,  14, -1.1394,  1.4457,     7,  263.2,  1.8407,  3.3883
 2021,     4,  15, -0.9942,  1.2598,     7,  263.3,  1.6048,  2.5755
 2021,     4,  16, -1.0336,  1.1842,     7,  266.1,  1.5719,  2.4708
 2021,     4,  17, -1.1622,  1.3067,     7,  266.7,  1.7487,  3.0581
 2021,     4,  18, -1.0635,  1.6425,     7,  257.9,  1.9567,  3.8288
 2021,     4,  19, -1.0947,  1.9431,     7,  254.4,  2.2303,  4.9742
 2021,     4,  20, -1.2372,  1.9562,     7,  257.3,  2.3146,  5.3574
 2021,     4,  21, -1.3857,  1.7997,     7,  262.6,  2.2714,  5.1593
 2021,     4,  22, -1.1949,  1.7519,     7,  259.3,  2.1206,  4.4969
 2021,     4,  23, -1.2456,  1.8899,     7,  258.4,  2.2635,  5.1233
 2021,     4,  24, -1.6942,  1.8268,     7,  267.8,  2.4915,  6.2076
 2021,     4,  25, -2.2002,  1.6179,     8,  278.7,  2.7310,  7.4583
 2021,     4,  26, -2.6801,  1.1115,     8,  292.5,  2.9015,  8.4184
 2021,     4,  27, -2.9972,  0.4826,     8,  305.9,  3.0358,  9.2160
 2021,     4,  28, -3.0370,  0.2602,     8,  310.1,  3.0482,  9.2913
 2021,     4,  29, -3.1634,  0.0342,     8,  314.4,  3.1636, 10.0085
 2021,     4,  30, -3.3409, -0.3685,     1,  321.3,  3.3611, 11.2972
 2021,     5,   1, -3.2094, -0.8004,     1,  329.0,  3.3077, 10.9410
 2021,     5,   2, -3.0869, -1.2707,     1,  337.4,  3.3382, 11.1435
 2021,     5,   3, -2.5884, -1.8379,     1,  350.4,  3.1746, 10.0779
 2021,     5,   4, -1.7680, -1.9537,     2,    2.9,  2.6349,  6.9427
 2021,     5,   5, -1.0850, -2.0998,     2,   17.7,  2.3636,  5.5866
 2021,     5,   6, -0.5093, -2.0029,     2,   30.7,  2.0666,  4.2709
 2021,     5,   7,  0.1394, -1.6808,     3,   49.7,  1.6865,  2.8444
 2021,     5,   8,  0.5583, -1.0369,     3,   73.3,  1.1776,  1.3869
 2021,     5,   9,  0.9172, -0.5359,     4,  104.7,  1.0623,  1.1285
 2021,     5,  10,  0.9221, -0.4026,     4,  111.4,  1.0062,  1.0124
 2021,     5,  11,  0.5844, -0.4383,     4,   98.1,  0.7305,  0.5336
 2021,     5,  12,  0.0648, -0.5670,     3,   51.5,  0.5707,  0.3257
 2021,     5,  13, -0.2218, -0.7312,     2,   28.1,  0.7641,  0.5838
 2021,     5,  14, -0.0643, -0.8483,     2,   40.7,  0.8507,  0.7237
 2021,     5,  15,  0.0962, -1.0363,     3,   50.3,  1.0408,  1.0832
 2021,     5,  16,  0.4799, -1.4083,     3,   63.8,  1.4878,  2.2135
 2021,     5,  17,  0.8451, -1.3267,     3,   77.5,  1.5730,  2.4745
 2021,     5,  18,  1.4024, -0.9528,     4,  100.8,  1.6955,  2.8747
 2021,     5,  19,  1.8740, -0.5129,     4,  119.7,  1.9429,  3.7749
 2021,     5,  20,  2.0875,  0.0636,     5,  136.7,  2.0884,  4.3616
 2021,     5,  21,  1.9157,  0.3924,     5,  146.6,  1.9555,  3.8240
 2021,     5,  22,  1.8734,  0.6596,     5,  154.4,  1.9861,  3.9447
 2021,     5,  23,  1.7551,  0.9822,     5,  164.2,  2.0113,  4.0453
 2021,     5,  24,  1.5149,  1.1629,     5,  172.5,  1.9098,  3.6474
 2021,     5,  25,  0.9081,  0.9986,     6,  182.7,  1.3498,  1.8220
 2021,     5,  26,  0.5300,  0.5504,     6,  181.1,  0.7641,  0.5839
 2021,     5,  27,  0.2453,  0.2224,     5,  177.2,  0.3311,  0.1096
 2021,     5,  28,  0.1480,  0.4189,     6,  205.5,  0.4443,  0.1974
 2021,     5,  29,  0.3888,  0.9906,     6,  203.6,  1.0641,  1.1324
 2021,     5,  30,  0.2372,  1.3963,     6,  215.4,  1.4163,  2.0059
 2021,     5,  31,  0.0475,  1.3307,     6,  223.0,  1.3316,  1.7731
 2021,     6,   1,  0.0140,  1.1205,     6,  224.3,  1.1206,  1.2557
 2021,     6,   2, -0.1677,  0.9504,     7,  235.0,  0.9650,  0.9313
 2021,     6,   3, -0.2767,  0.9417,     7,  241.4,  0.9815,  0.9633
 2021,     6,   4, -0.1842,  0.9215,     7,  236.3,  0.9397,  0.8830
 2021,     6,   5, -0.1983,  0.7937,     7,  239.0,  0.8181,  0.6692
 2021,     6,   6, -0.0850,  0.7522,     7,  231.4,  0.7570,  0.5731
 2021,     6,   7, -0.1074,  0.7573,     7,  233.1,  0.7649,  0.5851
 2021,     6,   8, -0.1040,  0.5408,     7,  235.9,  0.5507,  0.3033
 2021,     6,   9,  0.0471,  0.3230,     6,  216.7,  0.3264,  0.1066
 2021,     6,  10,  0.3090, -0.0310,     4,  129.3,  0.3106,  0.0965
 2021,     6,  11,  0.2093, -0.4290,     3,   71.0,  0.4773,  0.2278
 2021,     6,  12, -0.1478, -0.8155,     2,   34.7,  0.8288,  0.6870
 2021,     6,  13, -0.2537, -0.9717,     2,   30.4,  1.0042,  1.0085
 2021,     6,  14,  0.0139, -1.0096,     3,   45.8,  1.0097,  1.0195
 2021,     6,  15,  0.1528, -1.0732,     3,   53.1,  1.0840,  1.1750
 2021,     6,  16,  0.1202, -1.1104,     3,   51.2,  1.1169,  1.2474
 2021,     6,  17,  0.0686, -0.8670,     3,   49.5,  0.8697,  0.7565
 2021,     6,  18,  0.0554, -0.6895,     3,   49.6,  0.6917,  0.4785
 2021,     6,  19, -0.1045, -0.3862,     2,   29.9,  0.4001,  0.1601
 2021,     6,  20, -0.2389, -0.2720,     2,    3.7,  0.3620,  0.1310
 2021,     6,  21, -0.4632, -0.2681,     1,  345.1,  0.5352,  0.2864
 2021,     6,  22, -0.8437, -0.4249,     1,  341.7,  0.9446,  0.8923
 2021,     6,  23, -1.1016, -0.5003,     1,  339.4,  1.2099,  1.4638
 2021,     6,  24, -0.7236, -0.5128,     1,  350.3,  0.8869,  0.7865
 2021,     6,  25, -0.6756, -0.8251,     2,    5.7,  1.0664,  1.1372
 2021,     6,  26, -0.6991, -1.0296,     2,   10.8,  1.2445,  1.5488
 2021,     6,  27, -0.8164, -1.1239,     2,    9.0,  1.3891,  1.9297
 2021,     6,  28, -0.9553, -0.8379,     1,  356.3,  1.2707,  1.6146
 2021,     6,  29, -0.7532, -0.9079,     2,    5.3,  1.1797,  1.3916
 2021,     6,  30, -0.2873, -0.9554,     2,   28.3,  0.9977,  0.9954
 2021,     7,   1,  0.0533, -0.9752,     3,   48.1,  0.9767,  0.9540
 2021,     7,   2,  0.4934, -0.9998,     3,   71.3,  1.1149,  1.2430
 2021,     7,   3,  0.6087, -1.0654,     3,   74.7,  1.2270,  1.5056
 2021,     7,   4,  0.6572, -0.9432,     3,   79.9,  1.1496,  1.3215
 2021,     7,   5,  0.6508, -0.6333,     4,   90.8,  0.9081,  0.8246
 2021,     7,   6,  0.6590, -0.5882,     4,   93.2,  0.8833,  0.7802
 2021,     7,   7,  0.5019, -0.5929,     3,   85.2,  0.7768,  0.6035
 2021,     7,   8,  0.4034, -0.7699,     3,   72.6,  0.8692,  0.7555
 2021,     7,   9,  0.4544, -1.1223,     3,   67.0,  1.2108,  1.4661
 2021,     7,  10,  0.3660, -1.1193,     3,   63.1,  1.1776,  1.3867
 2021,     7,  11,  0.3016, -1.1306,     3,   59.9,  1.1701,  1.3691
 2021,     7,  12,  0.3630, -0.8163,     3,   69.0,  0.8933,  0.7980
 2021,     7,  13,  0.6256, -0.5585,     4,   93.2,  0.8386,  0.7033
 2021,     7,  14,  0.8734, -0.4609,     4,  107.2,  0.9876,  0.9753
 2021,     7,  15,  1.0322, -0.3386,     4,  116.8,  1.0863,  1.1801
 2021,     7,  16,  1.2126, -0.0058,     4,  134.7,  1.2126,  1.4703
 2021,     7,  17,  1.4889,  0.4366,     5,  151.3,  1.5516,  2.4074
 2021,     7,  18,  1.7237,  0.7241,     5,  157.8,  1.8697,  3.4956
 2021,     7,  19,  1.5863,  0.8461,     5,  163.1,  1.7978,  3.2322
 2021,     7,  20,  1.3847,  1.3856,     6,  180.0,  1.9589,  3.8373
 2021,     7,  21,  1.0823,  1.5062,     6,  189.3,  1.8548,  3.4401
 2021,     7,  22,  1.0251,  1.4221,     6,  189.2,  1.7531,  3.0732
 2021,     7,  23,  0.8103,  1.3402,     6,  193.8,  1.5662,  2.4529
 2021,     7,  24,  0.5833,  1.2585,     6,  200.1,  1.3871,  1.9241
 2021,     7,  25,  0.4582,  1.3232,     6,  205.9,  1.4003,  1.9608
 2021,     7,  26,  0.5123,  1.4032,     6,  204.9,  1.4938,  2.2314
 2021,     7,  27,  0.4637,  1.5234,     6,  208.1,  1.5924,  2.5359
 2021,     7,  28,  0.1675,  1.3395,     6,  217.9,  1.3499,  1.8223
 2021,     7,  29, -0.2534,  0.9726,     7,  239.6,  1.0051,  1.0102
 2021,     7,  30, -0.7885,  0.6685,     8,  274.7,  1.0338,  1.0687
 2021,     7,  31, -1.1349,  0.6452,     8,  285.4,  1.3054,  1.7042
 2021,     8,   1, -1.1706,  0.6497,     8,  286.0,  1.3388,  1.7923
 2021,     8,   2, -1.1353,  0.5746,     8,  288.2,  1.2725,  1.6192
 2021,     8,   3, -0.9188,  0.3240,     8,  295.6,  0.9743,  0.9492
 2021,     8,   4, -0.8055,  0.2420,     8,  298.3,  0.8411,  0.7074
 2021,     8,   5, -0.6053,  0.2445,     8,  293.0,  0.6528,  0.4261
 2021,     8,   6, -0.7104, -0.0429,     1,  318.5,  0.7117,  0.5065
 2021,     8,   7, -0.7524, -0.3388,     1,  339.2,  0.8252,  0.6809
 2021,     8,   8, -0.8254, -0.5813,     1,  350.2,  1.0096,  1.0193
 2021,     8,   9, -0.8136, -0.9320,     2,    3.9,  1.2372,  1.5306
 2021,     8,  10, -0.8450, -1.4551,     2,   14.9,  1.6827,  2.8314
 2021,     8,  11, -1.1159, -1.8032,     2,   13.2,  2.1206,  4.4968
 2021,     8,  12, -1.3626, -1.7923,     2,    7.8,  2.2515,  5.0692
 2021,     8,  13, -1.3489, -1.6377,     2,    5.5,  2.1217,  4.5017
 2021,     8,  14, -1.0724, -1.7318,     2,   13.2,  2.0369,  4.1491
 2021,     8,  15, -1.0303, -2.0017,     2,   17.8,  2.2513,  5.0683
 2021,     8,  16, -0.9566, -2.1007,     2,   20.5,  2.3083,  5.3281
 2021,     8,  17, -0.6969, -1.7866,     2,   23.7,  1.9177,  3.6776
 2021,     8,  18, -0.3856, -1.4514,     2,   30.1,  1.5018,  2.2554
 2021,     8,  19, -0.2468, -1.2266,     2,   33.6,  1.2512,  1.5655
 2021,     8,  20, -0.2634, -1.0274,     2,   30.6,  1.0606,  1.1248
 2021,     8,  21, -0.2905, -0.6998,     2,   22.5,  0.7577,  0.5741
 2021,     8,  22, -0.2818, -0.5323,     2,   17.1,  0.6023,  0.3627
 2021,     8,  23, -0.2040, -0.4815,     2,   22.0,  0.5229,  0.2734
 2021,     8,  24, -0.2539, -0.4154,     2,   13.6,  0.4869,  0.2371
 2021,     8,  25, -0.4523, -0.6793,     2,   11.3,  0.8161,  0.6661
 2021,     8,  26, -0.5589, -1.0734,     2,   17.5,  1.2102,  1.4645
 2021,     8,  27, -0.4451, -1.1788,     2,   24.3,  1.2600,  1.5877
 2021,     8,  28, -0.3900, -1.2367,     2,   27.5,  1.2967,  1.6814
 2021,     8,  29, -0.3074, -1.2530,     2,   31.2,  1.2902,  1.6646
 2021,     8,  30, -0.2597, -1.3562,     2,   34.2,  1.3809,  1.9068
 2021,     8,  31, -0.1270, -1.0696,     2,   38.2,  1.0771,  1.1602
 2021,     9,   1, -0.1407, -0.5938,     2,   31.7,  0.6102,  0.3724
 2021,     9,   2, -0.1643, -0.4411,     2,   24.6,  0.4707,  0.2215
 2021,     9,   3, -0.1081, -0.3462,     2,   27.7,  0.3627,  0.1316
 2021,     9,   4, -0.0876, -0.4209,     2,   33.2,  0.4299,  0.1848
 2021,     9,   5,  0.2194, -0.4092,     3,   73.2,  0.4643,  0.2156
 2021,     9,   6,  0.5652, -0.4167,     4,   98.6,  0.7022,  0.4931
 2021,     9,   7,  0.6799, -0.4571,     4,  101.1,  0.8192,  0.6711
 2021,     9,   8,  0.5463, -0.6481,     3,   85.1,  0.8476,  0.7184
 2021,     9,   9,  0.2518, -1.0458,     3,   58.5,  1.0757,  1.1571
 2021,     9,  10,  0.2137, -1.1080,     3,   55.9,  1.1284,  1.2733
 2021,     9,  11,  0.5434, -1.0988,     3,   71.3,  1.2258,  1.5025
 2021,     9,  12,  0.8852, -1.0133,     3,   86.1,  1.3455,  1.8104
 2021,     9,  13,  1.1613, -1.1651,     3,   89.9,  1.6450,  2.7062
 2021,     9,  14,  1.1678, -1.1851,     3,   89.6,  1.6638,  2.7683
 2021,     9,  15,  0.9350, -1.0031,     3,   88.0,  1.3713,  1.8804
 2021,     9,  16,  0.7667, -0.9606,     3,   83.6,  1.2291,  1.5107
 2021,     9,  17,  0.5704, -0.9429,     3,   76.2,  1.1020,  1.2143
 2021,     9,  18,  0.4720, -0.8606,     3,   73.7,  0.9815,  0.9634
 2021,     9,  19,  0.5483, -0.6790,     3,   83.9,  0.8728,  0.7617
 2021,     9,  20,  0.8129, -0.5265,     4,  102.1,  0.9685,  0.9380
 2021,     9,  21,  0.8713, -0.5529,     4,  102.6,  1.0319,  1.0648
 2021,     9,  22,  0.5394, -0.4535,     4,   94.9,  0.7047,  0.4967
 2021,     9,  23,  0.3852, -0.0018,     4,  134.7,  0.3852,  0.1484
 2021,     9,  24,  0.1816,  0.1970,     6,  182.3,  0.2679,  0.0718
 2021,     9,  25,  0.3812,  0.3360,     5,  176.4,  0.5082,  0.2582
 2021,     9,  26,  0.7126,  0.0822,     5,  141.6,  0.7174,  0.5146
 2021,     9,  27,  0.9891,  0.0210,     5,  136.2,  0.9893,  0.9787
 2021,     9,  28,  1.2104,  0.0779,     5,  138.7,  1.2129,  1.4712
 2021,     9,  29,  1.1173, -0.0340,     4,  133.3,  1.1178,  1.2496
 2021,     9,  30,  1.1904,  0.1423,     5,  141.8,  1.1989,  1.4374
 2021,    10,   1,  1.0250,  0.3832,     5,  155.5,  1.0943,  1.1975
 2021,    10,   2,  0.9650,  0.5815,     5,  166.1,  1.1267,  1.2694
 2021,    10,   3,  0.9449,  0.8252,     5,  176.1,  1.2545,  1.5738
 2021,    10,   4,  1.0710,  0.9089,     5,  175.3,  1.4046,  1.9730
 2021,    10,   5,  0.9957,  0.9548,     5,  178.8,  1.3796,  1.9032
 2021,    10,   6,  1.1631,  1.0826,     5,  177.9,  1.5890,  2.5249
 2021,    10,   7,  1.1878,  1.1558,     5,  179.2,  1.6574,  2.7469
 2021,    10,   8,  1.0224,  1.1608,     6,  183.6,  1.5468,  2.3927
 2021,    10,   9,  0.8599,  1.0486,     6,  185.6,  1.3560,  1.8388
 2021,    10,  10,  0.8246,  1.3409,     6,  193.4,  1.5741,  2.4778
 2021,    10,  11,  0.7043,  1.7451,     6,  203.0,  1.8818,  3.5413
 2021,    10,  12,  0.3553,  1.5782,     6,  212.3,  1.6177,  2.6171
 2021,    10,  13,  0.2055,  1.4365,     6,  216.9,  1.4511,  2.1058
 2021,    10,  14,  0.1392,  1.1583,     6,  218.1,  1.1666,  1.3609
 2021,    10,  15, -0.1857,  0.8134,     7,  237.9,  0.8343,  0.6961
 2021,    10,  16, -0.1837,  0.4478,     7,  247.3,  0.4841,  0.2343
 2021,    10,  17, -0.2682,  0.1371,     8,  287.9,  0.3012,  0.0907
 2021,    10,  18, -0.5805, -0.3722,     1,  347.7,  0.6896,  0.4755
 2021,    10,  19, -0.7577, -0.3839,     1,  341.9,  0.8494,  0.7215
 2021,    10,  20, -0.8860, -0.3404,     1,  336.0,  0.9492,  0.9010
 2021,    10,  21, -0.7305, -0.4001,     1,  343.7,  0.8329,  0.6937
 2021,    10,  22, -0.6699, -0.6188,     1,  357.7,  0.9120,  0.8317
 2021,    10,  23, -0.7309, -0.8101,     2,    2.9,  1.0911,  1.1905
 2021,    10,  24, -0.6272, -0.6832,     2,    2.4,  0.9274,  0.8601
 2021,    10,  25, -0.8524, -0.5848,     1,  349.5,  1.0338,  1.0687
 2021,    10,  26, -1.0052, -0.4969,     1,  341.3,  1.1213,  1.2573
 2021,    10,  27, -1.0652, -0.4523,     1,  338.0,  1.1572,  1.3391
 2021,    10,  28, -1.0627, -0.4736,     1,  339.0,  1.1634,  1.3536
 2021,    10,  29, -1.1929, -0.4907,     1,  337.4,  1.2899,  1.6638
 2021,    10,  30, -0.8981, -0.4984,     1,  344.0,  1.0271,  1.0549
 2021,    10,  31, -0.7698, -0.6021,     1,  353.0,  0.9773,  0.9551
 2021,    11,   1, -0.7159, -0.5336,     1,  351.7,  0.8929,  0.7972
 2021,    11,   2, -0.4405, -0.5052,     2,    3.9,  0.6702,  0.4492
 2021,    11,   3, -0.0802, -0.6010,     2,   37.4,  0.6063,  0.3676
 2021,    11,   4,  0.4981, -0.5691,     3,   86.2,  0.7562,  0.5719
 2021,    11,   5,  0.6226, -0.6495,     3,   88.8,  0.8997,  0.8095
 2021,    11,   6,  0.6907, -0.5337,     4,   97.3,  0.8729,  0.7619
 2021,    11,   7,  0.6075, -0.6190,     3,   89.5,  0.8674,  0.7523
 2021,    11,   8,  0.2934, -0.8002,     3,   65.1,  0.8523,  0.7264
 2021,    11,   9,  0.3151, -0.7123,     3,   68.9,  0.7789,  0.6066
 2021,    11,  10,  0.6314, -0.5578,     4,   93.5,  0.8425,  0.7098
 2021,    11,  11,  0.7875, -0.3122,     4,  113.4,  0.8471,  0.7176
 2021,    11,  12,  0.7550,  0.0050,     5,  135.4,  0.7550,  0.5700
 2021,    11,  13,  0.7793,  0.0594,     5,  139.4,  0.7816,  0.6108
 2021,    11,  14,  0.8634,  0.1121,     5,  142.4,  0.8706,  0.7580
 2021,    11,  15,  0.9831, -0.1389,     4,  127.0,  0.9928,  0.9857
 2021,    11,  16,  0.8903, -0.3135,     4,  115.6,  0.9439,  0.8910
 2021,    11,  17,  0.7318, -0.4330,     4,  104.4,  0.8503,  0.7230
 2021,    11,  18,  0.7547, -0.4071,     4,  106.7,  0.8575,  0.7353
 2021,    11,  19,  0.8414, -0.4032,     4,  109.4,  0.9330,  0.8704
 2021,    11,  20,  0.8902, -0.2816,     4,  117.4,  0.9337,  0.8717
 2021,    11,  21,  0.5425, -0.3339,     4,  103.4,  0.6370,  0.4058
 2021,    11,  22,  0.3986, -0.4949,     3,   83.8,  0.6355,  0.4038
 2021,    11,  23,  0.6164, -0.8223,     3,   81.9,  1.0277,  1.0562
 2021,    11,  24,  0.7940, -1.0413,     3,   82.3,  1.3095,  1.7148
 2021,    11,  25,  0.9367, -0.6369,     4,  100.8,  1.1328,  1.2831
 2021,    11,  26,  0.9949, -0.4018,     4,  113.0,  1.0730,  1.1513
 2021,    11,  27,  0.8089, -0.1602,     4,  123.8,  0.8246,  0.6800
 2021,    11,  28,  0.6461,  0.1416,     5,  147.4,  0.6615,  0.4375
 2021,    11,  29,  0.6311,  0.5067,     5,  173.8,  0.8093,  0.6550
 2021,    11,  30,  0.6856,  0.7867,     6,  183.9,  1.0435,  1.0889
 2021,    12,   1,  0.4743,  1.0617,     6,  200.9,  1.1628,  1.3521
 2021,    12,   2,  0.4260,  1.4667,     6,  208.8,  1.5273,  2.3327
 2021,    12,   3,  0.4113,  1.7194,     6,  211.5,  1.7679,  3.1254
 2021,    12,   4,  0.4866,  1.6254,     6,  208.3,  1.6967,  2.8788
 2021,    12,   5,  0.4446,  1.4536,     6,  208.0,  1.5200,  2.3105
 2021,    12,   6,  0.3952,  1.5424,     6,  210.6,  1.5922,  2.5350
 2021,    12,   7,  0.0237,  1.6460,     6,  224.2,  1.6462,  2.7098
 2021,    12,   8, -0.6466,  1.8994,     7,  243.8,  2.0065,  4.0259
 2021,    12,   9, -0.6716,  2.1558,     7,  242.3,  2.2580,  5.0987
 2021,    12,  10, -0.7227,  2.0868,     7,  244.1,  2.2084,  4.8772
 2021,    12,  11, -0.8039,  2.0637,     7,  246.3,  2.2148,  4.9053
 2021,    12,  12, -0.7206,  1.8733,     7,  246.0,  2.0071,  4.0283
 2021,    12,  13, -0.5121,  1.8435,     7,  240.5,  1.9133,  3.6609
 2021,    12,  14, -0.4327,  1.6553,     7,  239.6,  1.7109,  2.9273
 2021,    12,  15, -0.3210,  1.6357,     7,  236.1,  1.6669,  2.7785
 2021,    12,  16, -0.2619,  1.5966,     7,  234.3,  1.6179,  2.6177
 2021,    12,  17, -0.3982,  1.4033,     7,  240.8,  1.4587,  2.1278
 2021,    12,  18, -0.4155,  1.1487,     7,  244.9,  1.2215,  1.4920
 2021,    12,  19, -0.5705,  1.2385,     7,  249.7,  1.3636,  1.8595
 2021,    12,  20, -0.8655,  1.5917,     7,  253.5,  1.8118,  3.2828
 2021,    12,  21, -1.0999,  1.8554,     7,  255.7,  2.1569,  4.6522
 2021,    12,  22, -1.0815,  2.1230,     7,  252.0,  2.3825,  5.6765
 2021,    12,  23, -1.1290,  1.9763,     7,  254.7,  2.2760,  5.1804
 2021,    12,  24, -1.1737,  1.7367,     7,  259.1,  2.0961,  4.3937
 2021,    12,  25, -1.3489,  1.4223,     7,  268.5,  1.9602,  3.8424
 2021,    12,  26, -1.5334,  1.5084,     8,  270.5,  2.1510,  4.6267
 2021,    12,  27, -1.7182,  1.7120,     8,  270.1,  2.4255,  5.8831
 2021,    12,  28, -1.7776,  1.3890,     8,  277.0,  2.2559,  5.0893
 2021,    12,  29, -1.8952,  1.0833,     8,  285.2,  2.1830,  4.7653
 2021,    12,  30, -1.7944,  0.9458,     8,  287.2,  2.0284,  4.1144
 2021,    12,  31, -2.0035,  0.8473,     8,  292.1,  2.1753,  4.7321
 2022,     1,   1, -2.0059,  0.9632,     8,  289.3,  2.2252,  4.9514
 2022,     1,   2, -1.8314,  1.0690,     8,  284.7,  2.1205,  4.4965
 2022,     1,   3, -1.5332,  1.3949,     8,  272.7,  2.0728,  4.2964
 2022,     1,   4, -1.0464,  1.4436,     7,  260.9,  1.7830,  3.1790
 2022,     1,   5, -1.0351,  1.4271,     7,  261.0,  1.7630,  3.1080
 2022,     1,   6, -1.2351,  1.2812,     7,  268.9,  1.7796,  3.1669
 2022,     1,   7, -1.6666,  1.1352,     8,  280.7,  2.0165,  4.0661
 2022,     1,   8, -1.8399,  0.9507,     8,  287.7,  2.0710,  4.2890
 2022,     1,   9, -1.8421,  0.8418,     8,  290.4,  2.0254,  4.1021
 2022,     1,  10, -2.0930,  0.8575,     8,  292.7,  2.2619,  5.1162
 2022,     1,  11, -2.2771,  0.8633,     8,  294.2,  2.4352,  5.9303
 2022,     1,  12, -2.0596,  0.6095,     8,  298.5,  2.1479,  4.6136
 2022,     1,  13, -1.6552,  0.4985,     8,  298.2,  1.7286,  2.9881
 2022,     1,  14, -1.2418,  0.4192,     8,  296.3,  1.3106,  1.7178
 2022,     1,  15, -1.0339,  0.1857,     8,  304.8,  1.0504,  1.1034
 2022,     1,  16, -1.0578, -0.1226,     1,  321.6,  1.0649,  1.1340
 2022,     1,  17, -0.8195, -0.1532,     1,  325.6,  0.8337,  0.6950
 2022,     1,  18, -0.5335, -0.0574,     1,  321.1,  0.5365,  0.2879
 2022,     1,  19, -0.1758,  0.1327,     8,  277.9,  0.2203,  0.0485
 2022,     1,  20, -0.1696,  0.3756,     7,  249.3,  0.4121,  0.1699
 2022,     1,  21, -0.4918,  0.4152,     8,  274.8,  0.6437,  0.4143
 2022,     1,  22, -0.5527,  0.4826,     8,  273.9,  0.7337,  0.5384
 2022,     1,  23, -0.5392,  0.6166,     7,  266.2,  0.8191,  0.6709
 2022,     1,  24, -0.6406,  0.2662,     8,  292.4,  0.6937,  0.4813
 2022,     1,  25, -0.7581,  0.0003,     8,  315.0,  0.7581,  0.5747
 2022,     1,  26, -0.7968, -0.0622,     1,  319.5,  0.7993,  0.6388
 2022,     1,  27, -0.6450, -0.1490,     1,  328.0,  0.6620,  0.4382
 2022,     1,  28, -0.5713,  0.0743,     8,  307.6,  0.5761,  0.3319
 2022,     1,  29, -0.1774,  0.1964,     7,  267.1,  0.2647,  0.0701
 2022,     1,  30,  0.1523,  0.0941,     5,  166.7,  0.1790,  0.0321
 2022,     1,  31,  0.1864, -0.2009,     3,   87.9,  0.2740,  0.0751
 2022,     2,   1,  0.2254, -0.4971,     3,   69.4,  0.5458,  0.2979
 2022,     2,   2,  0.2072, -0.7111,     3,   61.2,  0.7407,  0.5486
 2022,     2,   3,  0.3437, -0.8909,     3,   66.1,  0.9549,  0.9118
 2022,     2,   4,  0.2751, -1.1182,     3,   58.8,  1.1515,  1.3259
 2022,     2,   5,  0.2508, -1.2276,     3,   56.5,  1.2530,  1.5699
 2022,     2,   6,  0.2783, -1.6035,     3,   54.8,  1.6274,  2.6486
 2022,     2,   7,  0.1002, -1.4906,     3,   48.8,  1.4940,  2.2319
 2022,     2,   8,  0.0884, -1.4966,     3,   48.4,  1.4992,  2.2475
 2022,     2,   9,  0.1622, -1.5498,     3,   51.0,  1.5583,  2.4283
 2022,     2,  10,  0.1213, -1.5949,     3,   49.3,  1.5995,  2.5585
 2022,     2,  11,  0.2726, -1.5849,     3,   54.8,  1.6082,  2.5864
 2022,     2,  12,  0.3936, -1.5207,     3,   59.5,  1.5708,  2.4674
 2022,     2,  13,  0.3858, -1.6430,     3,   58.2,  1.6877,  2.8484
 2022,     2,  14,  0.3987, -1.4627,     3,   60.2,  1.5160,  2.2983
 2022,     2,  15,  0.6780, -1.4450,     3,   70.1,  1.5962,  2.5478
 2022,     2,  16,  0.9985, -1.5780,     3,   77.3,  1.8674,  3.4871
 2022,     2,  17,  0.9617, -1.8091,     3,   73.0,  2.0488,  4.1975
 2022,     2,  18,  0.7020, -1.8360,     3,   65.9,  1.9656,  3.8637
 2022,     2,  19,  0.7857, -1.5356,     3,   72.1,  1.7249,  2.9753
 2022,     2,  20,  1.0093, -1.2159,     3,   84.7,  1.5802,  2.4970
 2022,     2,  21,  1.2767, -0.9938,     4,   97.1,  1.6179,  2.6177
 2022,     2,  22,  0.9686, -1.0094,     3,   88.8,  1.3990,  1.9572
 2022,     2,  23,  0.6844, -0.7713,     3,   86.6,  1.0312,  1.0634
 2022,     2,  24,  0.6800, -0.5734,     4,   94.9,  0.8895,  0.7912
 2022,     2,  25,  0.6329, -0.5145,     4,   95.9,  0.8157,  0.6653
 2022,     2,  26,  0.5096, -0.3392,     4,  101.4,  0.6121,  0.3747
 2022,     2,  27,  0.5160, -0.2335,     4,  110.7,  0.5663,  0.3207
 2022,     2,  28,  0.4818, -0.2454,     4,  108.0,  0.5407,  0.2923
 2022,     3,   1,  0.6526, -0.1593,     4,  121.3,  0.6717,  0.4512
 2022,     3,   2,  0.4392, -0.1153,     4,  120.3,  0.4541,  0.2062
 2022,     3,   3,  0.3136, -0.1485,     4,  109.7,  0.3470,  0.1204
 2022,     3,   4,  0.3159, -0.2139,     4,  100.9,  0.3815,  0.1456
 2022,     3,   5,  0.5003, -0.2177,     4,  111.5,  0.5456,  0.2977
 2022,     3,   6,  0.3418, -0.2398,     4,   99.9,  0.4175,  0.1743
 2022,     3,   7,  0.2661, -0.2197,     4,   95.5,  0.3451,  0.1191
 2022,     3,   8,  0.0844, -0.3061,     3,   60.4,  0.3175,  0.1008
 2022,     3,   9, -0.1603, -0.4293,     2,   24.5,  0.4582,  0.2100
 2022,     3,  10, -0.4808, -0.5725,     2,    5.0,  0.7476,  0.5589
 2022,     3,  11, -0.5807, -0.8538,     2,   10.8,  1.0326,  1.0663
 2022,     3,  12, -0.5094, -1.2267,     2,   22.4,  1.3283,  1.7643
 2022,     3,  13, -0.3454, -1.4134,     2,   31.3,  1.4550,  2.1171
 2022,     3,  14,  0.2026, -1.4865,     3,   52.8,  1.5002,  2.2507
 2022,     3,  15,  0.5637, -1.7673,     3,   62.7,  1.8551,  3.4413
 2022,     3,  16,  0.8379, -1.7437,     3,   70.7,  1.9346,  3.7427
 2022,     3,  17,  1.0383, -1.5939,     3,   78.1,  1.9022,  3.6185
 2022,     3,  18,  1.3861, -1.5351,     3,   87.1,  2.0683,  4.2778
 2022,     3,  19,  1.8643, -1.6302,     4,   93.8,  2.4765,  6.1329
 2022,     3,  20,  2.0070, -1.5542,     4,   97.2,  2.5385,  6.4438
 2022,     3,  21,  1.9095, -0.9745,     4,  108.0,  2.1438,  4.5960
 2022,     3,  22,  1.8447, -0.6152,     4,  116.6,  1.9446,  3.7813
 2022,     3,  23,  1.7250, -0.5148,     4,  118.4,  1.8001,  3.2405
 2022,     3,  24,  1.5409, -0.5081,     4,  116.7,  1.6226,  2.6327
 2022,     3,  25,  1.0883, -0.3083,     4,  119.2,  1.1312,  1.2795
 2022,     3,  26,  0.5355, -0.1003,     4,  124.4,  0.5448,  0.2968
 2022,     3,  27,  0.2179, -0.1128,     4,  107.6,  0.2454,  0.0602
 2022,     3,  28, -0.0012, -0.3693,     2,   44.8,  0.3693,  0.1364
 2022,     3,  29, -0.0887, -0.3213,     2,   29.6,  0.3333,  0.1111
 2022,     3,  30, -0.1130, -0.1063,     1,  358.2,  0.1552,  0.0241
 2022,     3,  31, -0.1098, -0.2133,     2,   17.8,  0.2399,  0.0575
 2022,     4,   1, -0.2120, -0.2108,     1,  359.8,  0.2990,  0.0894
 2022,     4,   2, -0.0367, -0.2467,     2,   36.5,  0.2494,  0.0622
 2022,     4,   3, -0.1308, -0.1365,     2,    1.2,  0.1890,  0.0357
 2022,     4,   4, -0.1469, -0.2581,     2,   15.4,  0.2970,  0.0882
 2022,     4,   5,  0.0876, -0.4065,     3,   57.2,  0.4159,  0.1730
 2022,     4,   6,  0.4695, -0.3349,     4,   99.5,  0.5767,  0.3326
 2022,     4,   7,  0.5338, -0.2374,     4,  111.0,  0.5842,  0.3413
 2022,     4,   8,  0.3994,  0.1414,     5,  154.5,  0.4237,  0.1796
 2022,     4,   9,  0.3215,  0.4148,     6,  187.2,  0.5248,  0.2754
 2022,     4,  10,  0.1413,  0.5778,     6,  211.3,  0.5948,  0.3538
 2022,     4,  11, -0.1190,  0.6772,     7,  235.0,  0.6875,  0.4727
 2022,     4,  12, -0.2012,  0.6301,     7,  242.7,  0.6614,  0.4374
 2022,     4,  13, -0.2597,  0.4417,     7,  255.5,  0.5124,  0.2626
 2022,     4,  14, -0.4590,  0.4642,     7,  269.7,  0.6528,  0.4262
 2022,     4,  15, -0.7079,  0.5988,     8,  274.8,  0.9272,  0.8598
 2022,     4,  16, -0.9808,  0.4272,     8,  291.5,  1.0698,  1.1444
 2022,     4,  17, -1.0037, -0.1578,     1,  323.9,  1.0160,  1.0322
 2022,     4,  18, -0.9047, -0.7241,     1,  353.7,  1.1588,  1.3429
 2022,     4,  19, -0.7409, -0.8899,     2,    5.2,  1.1580,  1.3409
 2022,     4,  20, -0.5651, -0.7798,     2,    9.1,  0.9630,  0.9273
 2022,     4,  21, -0.3825, -0.6922,     2,   16.1,  0.7908,  0.6254
 2022,     4,  22, -0.1278, -0.3955,     2,   27.1,  0.4156,  0.1727
 2022,     4,  23,  0.1408, -0.2775,     3,   71.9,  0.3112,  0.0968
 2022,     4,  24,  0.2334, -0.1974,     4,   94.8,  0.3057,  0.0935
 2022,     4,  25,  0.2384, -0.2157,     4,   92.9,  0.3215,  0.1034
 2022,     4,  26,  0.3696, -0.3330,     4,   93.0,  0.4975,  0.2475
 2022,     4,  27,  0.5409, -0.4316,     4,   96.4,  0.6920,  0.4788
 2022,     4,  28,  0.6698, -0.3602,     4,  106.7,  0.7605,  0.5784
 2022,     4,  29,  0.6161,  0.0053,     5,  135.5,  0.6161,  0.3796
 2022,     4,  30,  0.5609,  0.1738,     5,  152.2,  0.5872,  0.3448
 2022,     5,   1,  0.2255,  0.0864,     5,  156.0,  0.2415,  0.0583
 2022,     5,   2,  0.0174, -0.0093,     4,  106.9,  0.0197,  0.0004
 2022,     5,   3, -0.3193, -0.3638,     2,    3.7,  0.4841,  0.2343
 2022,     5,   4, -0.3863, -0.7936,     2,   19.0,  0.8826,  0.7790
 2022,     5,   5, -0.4875, -0.9858,     2,   18.7,  1.0998,  1.2095
 2022,     5,   6, -0.3513, -1.0406,     2,   26.3,  1.0983,  1.2062
 2022,     5,   7, -0.1173, -1.0006,     2,   38.3,  1.0075,  1.0150
 2022,     5,   8,  0.3264, -0.9209,     3,   64.5,  0.9770,  0.9545
 2022,     5,   9,  0.8774, -0.6214,     4,   99.7,  1.0752,  1.1560
 2022,     5,  10,  1.3216, -0.0725,     4,  131.9,  1.3236,  1.7519
 2022,     5,  11,  1.5027,  0.8507,     5,  164.5,  1.7268,  2.9819
 2022,     5,  12,  1.1777,  1.5566,     6,  187.9,  1.9520,  3.8101
 2022,     5,  13,  0.5385,  1.9263,     6,  209.4,  2.0002,  4.0007
 2022,     5,  14, -0.1012,  1.9783,     7,  227.9,  1.9809,  3.9240
 2022,     5,  15, -0.3105,  1.9587,     7,  234.0,  1.9831,  3.9328
 2022,     5,  16, -0.5875,  1.4030,     7,  247.7,  1.5211,  2.3137
 2022,     5,  17, -0.9038,  0.8688,     8,  271.1,  1.2537,  1.5717
 2022,     5,  18, -0.9674,  0.7098,     8,  278.7,  1.1999,  1.4397
 2022,     5,  19, -1.0346,  0.6608,     8,  282.4,  1.2276,  1.5070
 2022,     5,  20, -1.0141,  0.4553,     8,  290.8,  1.1116,  1.2357
 2022,     5,  21, -0.7659,  0.3121,     8,  292.8,  0.8270,  0.6840
 2022,     5,  22, -0.3076,  0.0304,     8,  309.4,  0.3091,  0.0956
 2022,     5,  23, -0.0498, -0.1912,     2,   30.4,  0.1976,  0.0390
 2022,     5,  24,  0.2198,  0.0655,     5,  151.6,  0.2293,  0.0526
 2022,     5,  25,  0.3710,  0.6372,     6,  194.8,  0.7373,  0.5436
 2022,     5,  26,  0.6964,  1.1050,     6,  192.8,  1.3061,  1.7060
 2022,     5,  27,  0.6321,  1.5389,     6,  202.7,  1.6637,  2.7679
 2022,     5,  28,  0.3269,  1.8142,     6,  214.8,  1.8434,  3.3982
 2022,     5,  29, -0.0435,  2.1404,     7,  226.2,  2.1409,  4.5833
 2022,     5,  30, -0.4562,  2.0666,     7,  237.4,  2.1164,  4.4790
 2022,     5,  31, -0.8352,  1.7713,     7,  250.2,  1.9584,  3.8352
 2022,     6,   1, -0.9612,  1.4028,     7,  259.4,  1.7005,  2.8918
 2022,     6,   2, -1.1210,  1.2816,     7,  266.2,  1.7026,  2.8990
 2022,     6,   3, -1.3643,  1.0060,     8,  278.6,  1.6951,  2.8732
 2022,     6,   4, -1.6232,  0.6676,     8,  292.6,  1.7551,  3.0805
 2022,     6,   5, -1.4514,  0.3181,     8,  302.6,  1.4859,  2.2078
 2022,     6,   6, -1.3051,  0.0970,     8,  310.7,  1.3087,  1.7128
 2022,     6,   7, -1.0693, -0.1584,     1,  323.4,  1.0810,  1.1685
 2022,     6,   8, -0.7034, -0.3005,     1,  338.1,  0.7649,  0.5851
 2022,     6,   9, -0.4609, -0.3603,     1,  353.0,  0.5850,  0.3422
 2022,     6,  10, -0.3349, -0.3650,     2,    2.5,  0.4954,  0.2454
 2022,     6,  11, -0.2180, -0.5601,     2,   23.7,  0.6010,  0.3612
 2022,     6,  12, -0.2645, -0.6061,     2,   21.4,  0.6612,  0.4372
 2022,     6,  13, -0.3148, -0.6575,     2,   19.4,  0.7290,  0.5314
 2022,     6,  14, -0.5148, -0.7615,     2,   10.9,  0.9192,  0.8449
 2022,     6,  15, -0.7243, -0.9556,     2,    7.8,  1.1991,  1.4379
 2022,     6,  16, -0.9239, -1.0206,     2,    2.8,  1.3767,  1.8952
 2022,     6,  17, -1.0178, -0.8998,     1,  356.5,  1.3585,  1.8456
 2022,     6,  18, -0.8954, -0.6809,     1,  352.2,  1.1249,  1.2654
 2022,     6,  19, -0.8175, -0.4778,     1,  345.3,  0.9469,  0.8966
 2022,     6,  20, -0.2834, -0.4381,     2,   12.1,  0.5218,  0.2722
 2022,     6,  21,  0.0541, -0.6984,     3,   49.4,  0.7005,  0.4907
 2022,     6,  22, -0.1528, -0.9583,     2,   35.9,  0.9704,  0.9417
 2022,     6,  23, -0.5561, -0.9846,     2,   15.5,  1.1308,  1.2788
 2022,     6,  24, -0.5271, -1.1024,     2,   19.4,  1.2220,  1.4932
 2022,     6,  25, -0.0493, -1.2322,     2,   42.7,  1.2332,  1.5208
 2022,     6,  26,  0.2383, -1.5568,     3,   53.7,  1.5750,  2.4805
 2022,     6,  27,  0.6306, -1.3134,     3,   70.6,  1.4570,  2.1228
 2022,     6,  28,  0.9734, -0.7906,     4,   95.9,  1.2540,  1.5726
 2022,     6,  29,  1.2231, -0.4972,     4,  112.9,  1.3203,  1.7432
 2022,     6,  30,  1.1889, -0.4445,     4,  114.5,  1.2693,  1.6110
 2022,     7,   1,  1.1765, -0.4180,     4,  115.4,  1.2485,  1.5588
 2022,     7,   2,  1.5495, -0.3238,     4,  123.2,  1.5830,  2.5058
 2022,     7,   3,  1.7590, -0.2780,     4,  126.0,  1.7808,  3.1713
 2022,     7,   4,  2.0063, -0.0780,     4,  132.8,  2.0079,  4.0315
 2022,     7,   5,  2.0146,  0.1856,     5,  140.3,  2.0231,  4.0930
 2022,     7,   6,  1.7421,  0.4342,     5,  149.0,  1.7954,  3.2235
 2022,     7,   7,  1.6057,  0.7324,     5,  159.5,  1.7648,  3.1147
 2022,     7,   8,  1.3585,  0.6768,     5,  161.5,  1.5178,  2.3036
 2022,     7,   9,  1.1192,  0.4257,     5,  155.8,  1.1974,  1.4338
 2022,     7,  10,  0.8913,  0.2736,     5,  152.1,  0.9324,  0.8694
 2022,     7,  11,  0.8207,  0.2279,     5,  150.5,  0.8518,  0.7256
 2022,     7,  12,  0.9351, -0.0035,     4,  134.8,  0.9351,  0.8744
 2022,     7,  13,  1.2043,  0.1662,     5,  142.9,  1.2157,  1.4779
 2022,     7,  14,  1.4102,  0.2907,     5,  146.6,  1.4398,  2.0731
 2022,     7,  15,  1.2619,  0.2858,     5,  147.8,  1.2938,  1.6740
 2022,     7,  16,  1.1414,  0.2540,     5,  147.5,  1.1693,  1.3673
 2022,     7,  17,  0.7704,  0.1549,     5,  146.4,  0.7858,  0.6176
 2022,     7,  18,  0.3526,  0.0689,     5,  146.1,  0.3592,  0.1291
 2022,     7,  19,  0.0005,  0.0121,     6,  222.5,  0.0122,  0.0001
 2022,     7,  20, -0.4094, -0.0181,     1,  317.5,  0.4098,  0.1679
 2022,     7,  21, -0.8365, -0.1603,     1,  325.8,  0.8517,  0.7254
 2022,     7,  22, -1.0959, -0.2994,     1,  330.3,  1.1361,  1.2907
 2022,     7,  23, -0.9602, -0.4401,     1,  339.6,  1.0562,  1.1155
 2022,     7,  24, -0.8287, -0.8545,     2,    0.9,  1.1904,  1.4170
 2022,     7,  25, -0.7137, -0.9210,     2,    7.2,  1.1651,  1.3576
 2022,     7,  26, -0.3376, -0.7507,     2,   20.8,  0.8231,  0.6775
 2022,     7,  27, -0.0561, -0.6261,     2,   39.9,  0.6286,  0.3952
 2022,     7,  28,  0.2409, -0.5746,     3,   67.7,  0.6231,  0.3883
 2022,     7,  29,  0.4226, -0.3720,     4,   93.6,  0.5630,  0.3170
 2022,     7,  30,  0.5209, -0.4379,     4,   94.9,  0.6805,  0.4631
 2022,     7,  31,  0.5939, -0.5171,     4,   94.0,  0.7875,  0.6201
 2022,     8,   1,  0.8460, -0.4854,     4,  105.2,  0.9754,  0.9514
 2022,     8,   2,  1.0368, -0.5835,     4,  105.6,  1.1897,  1.4153
 2022,     8,   3,  0.9913, -0.2911,     4,  118.6,  1.0332,  1.0674
 2022,     8,   4,  1.0046,  0.2013,     5,  146.3,  1.0245,  1.0497
 2022,     8,   5,  1.1704,  0.4856,     5,  157.5,  1.2671,  1.6056
 2022,     8,   6,  1.1322,  0.6723,     5,  165.7,  1.3168,  1.7339
 2022,     8,   7,  0.6821,  0.8494,     6,  186.2,  1.0894,  1.1868
 2022,     8,   8,  0.3338,  0.6844,     6,  199.0,  0.7615,  0.5798
 2022,     8,   9,  0.0981,  0.5323,     6,  214.6,  0.5412,  0.2929
 2022,     8,  10, -0.0871,  0.4453,     7,  236.1,  0.4538,  0.2059
 2022,     8,  11, -0.2208,  0.2800,     7,  263.3,  0.3566,  0.1272
 2022,     8,  12, -0.0757,  0.0400,     8,  287.1,  0.0856,  0.0073
 2022,     8,  13, -0.0766, -0.2657,     2,   28.9,  0.2765,  0.0765
 2022,     8,  14, -0.1631, -0.1979,     2,    5.5,  0.2564,  0.0658
 2022,     8,  15, -0.1907,  0.0104,     8,  311.9,  0.1910,  0.0365
 2022,     8,  16, -0.3619,  0.1109,     8,  298.0,  0.3785,  0.1432
 2022,     8,  17, -0.6653,  0.0771,     8,  308.4,  0.6698,  0.4486
 2022,     8,  18, -0.6863, -0.1358,     1,  326.2,  0.6996,  0.4895
 2022,     8,  19, -0.6623, -0.2995,     1,  339.3,  0.7268,  0.5283
 2022,     8,  20, -0.6728, -0.5743,     1,  355.5,  0.8846,  0.7825
 2022,     8,  21, -0.5786, -0.7771,     2,    8.3,  0.9688,  0.9387
 2022,     8,  22, -0.4248, -1.0592,     2,   23.1,  1.1412,  1.3024
 2022,     8,  23, -0.6500, -1.2855,     2,   18.2,  1.4405,  2.0749
 2022,     8,  24, -0.6652, -1.3516,     2,   18.8,  1.5064,  2.2694
 2022,     8,  25, -0.6577, -1.5493,     2,   22.0,  1.6831,  2.8328
 2022,     8,  26, -0.6100, -1.6295,     2,   24.5,  1.7399,  3.0273
 2022,     8,  27, -0.4869, -1.6878,     2,   28.9,  1.7566,  3.0856
 2022,     8,  28, -0.5432, -1.6716,     2,   27.0,  1.7576,  3.0893
 2022,     8,  29, -0.3579, -1.2532,     2,   29.1,  1.3033,  1.6986
 2022,     8,  30, -0.0302, -1.0345,     2,   43.3,  1.0349,  1.0711
 2022,     8,  31,  0.2506, -0.8190,     3,   62.0,  0.8564,  0.7335
 2022,     9,   1,  0.1670, -0.2965,     3,   74.4,  0.3403,  0.1158
 2022,     9,   2,  0.3168, -0.1117,     4,  115.6,  0.3360,  0.1129
 2022,     9,   3,  0.3177,  0.0487,     5,  143.7,  0.3214,  0.1033
 2022,     9,   4,  0.3128, -0.0516,     4,  125.6,  0.3170,  0.1005
 2022,     9,   5,  0.2034, -0.1276,     4,  102.9,  0.2401,  0.0577
 2022,     9,   6,  0.2837, -0.2890,     3,   89.5,  0.4050,  0.1640
 2022,     9,   7,  0.3349, -0.0064,     4,  133.9,  0.3350,  0.1122
 2022,     9,   8,  0.2727,  0.2651,     5,  179.2,  0.3803,  0.1446
 2022,     9,   9, -0.0714,  0.3485,     7,  236.6,  0.3557,  0.1265
 2022,     9,  10, -0.1863,  0.4070,     7,  249.6,  0.4476,  0.2004
 2022,     9,  11, -0.0877,  0.3603,     7,  238.7,  0.3708,  0.1375
 2022,     9,  12, -0.1732,  0.3985,     7,  248.5,  0.4345,  0.1888
 2022,     9,  13, -0.4421,  0.2248,     8,  288.0,  0.4959,  0.2459
 2022,     9,  14, -0.7739,  0.2963,     8,  294.0,  0.8287,  0.6868
 2022,     9,  15, -0.7490,  0.3211,     8,  291.8,  0.8150,  0.6642
 2022,     9,  16, -0.3946,  0.1615,     8,  292.7,  0.4264,  0.1818
 2022,     9,  17, -0.2817, -0.0974,     1,  334.1,  0.2980,  0.0888
 2022,     9,  18, -0.2205, -0.2885,     2,    7.6,  0.3631,  0.1319
 2022,     9,  19, -0.1431, -0.1144,     1,  353.6,  0.1832,  0.0336
 2022,     9,  20,  0.0562,  0.0504,     5,  176.9,  0.0755,  0.0057
 2022,     9,  21,  0.0908,  0.1154,     6,  186.8,  0.1468,  0.0215
 2022,     9,  22,  0.0900,  0.3630,     6,  211.1,  0.3740,  0.1398
 2022,     9,  23,  0.0617,  0.4135,     6,  216.5,  0.4181,  0.1748
 2022,     9,  24,  0.1188,  0.2804,     6,  202.0,  0.3045,  0.0928
 2022,     9,  25, -0.1735,  0.4346,     7,  246.8,  0.4679,  0.2189
 2022,     9,  26, -0.0578,  0.2558,     7,  237.7,  0.2623,  0.0688
 2022,     9,  27,  0.0715,  0.0554,     5,  172.7,  0.0905,  0.0082
 2022,     9,  28,  0.1552,  0.0478,     5,  152.1,  0.1624,  0.0264
 2022,     9,  29,  0.1874, -0.2683,     3,   79.9,  0.3273,  0.1071
 2022,     9,  30,  0.1767, -0.4769,     3,   65.3,  0.5085,  0.2586
 2022,    10,   1,  0.5029, -0.4875,     4,   90.9,  0.7004,  0.4905
 2022,    10,   2,  0.5123, -0.4648,     4,   92.8,  0.6917,  0.4785
 2022,    10,   3,  0.3783, -0.3100,     4,   95.7,  0.4891,  0.2392
 2022,    10,   4,  0.3584, -0.2320,     4,  102.1,  0.4270,  0.1823
 2022,    10,   5,  0.4084, -0.2899,     4,   99.6,  0.5008,  0.2508
 2022,    10,   6,  0.4895,  0.0707,     5,  143.2,  0.4946,  0.2446
 2022,    10,   7,  0.5279,  0.3912,     5,  171.5,  0.6570,  0.4317
 2022,    10,   8,  0.4196,  0.7012,     6,  194.1,  0.8172,  0.6678
 2022,    10,   9,  0.3268,  0.9163,     6,  205.4,  0.9728,  0.9464
 2022,    10,  10,  0.3975,  1.0753,     6,  204.7,  1.1464,  1.3143
 2022,    10,  11,  0.5144,  1.3426,     6,  204.0,  1.4378,  2.0673
 2022,    10,  12,  0.6304,  1.5323,     6,  202.6,  1.6569,  2.7452
 2022,    10,  13,  0.5249,  1.8047,     6,  208.8,  1.8795,  3.5326
 2022,    10,  14,  0.3167,  2.0362,     6,  216.2,  2.0607,  4.2466
 2022,    10,  15, -0.0063,  1.7256,     7,  225.2,  1.7257,  2.9779
 2022,    10,  16, -0.2466,  1.4946,     7,  234.4,  1.5148,  2.2947
 2022,    10,  17, -0.3980,  1.3109,     7,  241.9,  1.3700,  1.8768
 2022,    10,  18, -0.2637,  1.1381,     7,  238.0,  1.1682,  1.3647
 2022,    10,  19, -0.2297,  0.9940,     7,  238.0,  1.0202,  1.0408
 2022,    10,  20, -0.4092,  1.1890,     7,  244.0,  1.2574,  1.5811
 2022,    10,  21, -0.5566,  1.3028,     7,  248.1,  1.4167,  2.0072
 2022,    10,  22, -0.5798,  1.5026,     7,  246.1,  1.6106,  2.5940
 2022,    10,  23, -0.4222,  1.7410,     7,  238.6,  1.7914,  3.2092
 2022,    10,  24, -0.5829,  1.6839,     7,  244.1,  1.7819,  3.1753
 2022,    10,  25, -0.6687,  1.6763,     7,  246.7,  1.8047,  3.2570
 2022,    10,  26, -0.6152,  1.7839,     7,  244.0,  1.8870,  3.5608
 2022,    10,  27, -0.2623,  1.6256,     7,  234.2,  1.6467,  2.7115
 2022,    10,  28, -0.3138,  1.3009,     7,  238.6,  1.3382,  1.7909
 2022,    10,  29, -0.3897,  1.3881,     7,  240.7,  1.4417,  2.0786
 2022,    10,  30, -0.2853,  1.4661,     7,  236.0,  1.4936,  2.2309
 2022,    10,  31, -0.4928,  1.4976,     7,  243.2,  1.5766,  2.4856
 2022,    11,   1, -0.6189,  1.5983,     7,  246.2,  1.7139,  2.9374
 2022,    11,   2, -0.8095,  1.6598,     7,  251.0,  1.8467,  3.4101
 2022,    11,   3, -1.0578,  1.3698,     7,  262.7,  1.7307,  2.9953
 2022,    11,   4, -1.2994,  0.8796,     8,  280.9,  1.5691,  2.4621
 2022,    11,   5, -1.4387,  0.6021,     8,  292.3,  1.5596,  2.4323
 2022,    11,   6, -1.3451,  0.4402,     8,  296.9,  1.4153,  2.0030
 2022,    11,   7, -1.0895,  0.3513,     8,  297.1,  1.1448,  1.3105
 2022,    11,   8, -0.8059, -0.0381,     1,  317.7,  0.8068,  0.6509
 2022,    11,   9, -0.5988, -0.3100,     1,  342.4,  0.6742,  0.4546
 2022,    11,  10, -0.4116, -0.4250,     2,    0.9,  0.5917,  0.3501
 2022,    11,  11, -0.3217, -0.5227,     2,   13.4,  0.6137,  0.3767
 2022,    11,  12,  0.0661, -0.4997,     3,   52.5,  0.5041,  0.2541
 2022,    11,  13,  0.3797, -0.3427,     4,   92.9,  0.5114,  0.2616
 2022,    11,  14,  0.6549, -0.2371,     4,  115.1,  0.6965,  0.4851
 2022,    11,  15,  0.7475, -0.2027,     4,  119.8,  0.7745,  0.5998
 2022,    11,  16,  0.7669, -0.1185,     4,  126.2,  0.7760,  0.6022
 2022,    11,  17,  0.9483,  0.2274,     5,  148.5,  0.9752,  0.9510
 2022,    11,  18,  0.9428,  0.4908,     5,  162.5,  1.0629,  1.1298
 2022,    11,  19,  0.8101,  0.6444,     5,  173.5,  1.0351,  1.0715
 2022,    11,  20,  0.7714,  0.8645,     6,  183.3,  1.1587,  1.3425
 2022,    11,  21,  0.6893,  0.9313,     6,  188.5,  1.1587,  1.3425
 2022,    11,  22,  0.3980,  1.1094,     6,  205.3,  1.1786,  1.3891
 2022,    11,  23,  0.1015,  1.1112,     6,  219.8,  1.1158,  1.2451
 2022,    11,  24, -0.4687,  1.0938,     7,  248.2,  1.1900,  1.4160
 2022,    11,  25, -0.9847,  1.0932,     7,  267.0,  1.4713,  2.1646
 2022,    11,  26, -1.2177,  1.0631,     8,  273.9,  1.6164,  2.6128
 2022,    11,  27, -1.3220,  0.8491,     8,  282.3,  1.5712,  2.4686
 2022,    11,  28, -1.3181,  0.6486,     8,  288.8,  1.4691,  2.1582
 2022,    11,  29, -1.0925,  0.4267,     8,  293.7,  1.1729,  1.3756
 2022,    11,  30, -0.9061,  0.1654,     8,  304.7,  0.9211,  0.8484
 2022,    12,   1, -0.5008, -0.0616,     1,  322.0,  0.5046,  0.2546
 2022,    12,   2, -0.2191, -0.3963,     2,   16.1,  0.4528,  0.2051
 2022,    12,   3,  0.1366, -0.6703,     3,   56.5,  0.6841,  0.4679
 2022,    12,   4,  0.2198, -0.8075,     3,   60.2,  0.8369,  0.7004
 2022,    12,   5,  0.2695, -0.8797,     3,   62.0,  0.9200,  0.8465
 2022,    12,   6,  0.2963, -0.9238,     3,   62.8,  0.9702,  0.9413
 2022,    12,   7,  0.4823, -0.8969,     3,   73.3,  1.0183,  1.0370
 2022,    12,   8,  0.9622, -0.5946,     4,  103.3,  1.1311,  1.2793
 2022,    12,   9,  1.2066, -0.5393,     4,  110.9,  1.3217,  1.7469
 2022,    12,  10,  1.0977, -0.5882,     4,  106.8,  1.2454,  1.5509
 2022,    12,  11,  0.8547, -0.4176,     4,  109.0,  0.9513,  0.9049
 2022,    12,  12,  0.5855, -0.4526,     4,   97.3,  0.7400,  0.5476
 2022,    12,  13,  0.2796, -0.4355,     3,   77.7,  0.5175,  0.2678
 2022,    12,  14,  0.2272, -0.4392,     3,   72.4,  0.4945,  0.2445
 2022,    12,  15,  0.1726, -0.4310,     3,   66.8,  0.4643,  0.2156
 2022,    12,  16,  0.1833, -0.4264,     3,   68.3,  0.4641,  0.2154
 2022,    12,  17,  0.2104, -0.6382,     3,   63.2,  0.6720,  0.4516
 2022,    12,  18,  0.1174, -0.7637,     3,   53.7,  0.7727,  0.5970
 2022,    12,  19,  0.2249, -0.4745,     3,   70.4,  0.5251,  0.2758
 2022,    12,  20,  0.6475, -0.1234,     4,  124.2,  0.6592,  0.4345
 2022,    12,  21,  1.1626,  0.0344,     5,  136.7,  1.1631,  1.3528
 2022,    12,  22,  1.5841,  0.1250,     5,  139.5,  1.5890,  2.5250
 2022,    12,  23,  1.6188,  0.2551,     5,  144.0,  1.6388,  2.6855
 2022,    12,  24,  1.5593,  0.4670,     5,  151.7,  1.6278,  2.6496
 2022,    12,  25,  1.3488,  0.7730,     5,  164.8,  1.5546,  2.4168
 2022,    12,  26,  1.1091,  0.8194,     5,  171.5,  1.3789,  1.9015
 2022,    12,  27,  0.9304,  0.6906,     5,  171.6,  1.1587,  1.3425
 2022,    12,  28,  0.7464,  0.6908,     5,  177.8,  1.0170,  1.0343
 2022,    12,  29,  0.1955,  0.9834,     6,  213.8,  1.0026,  1.0053
 2022,    12,  30, -0.2290,  1.0842,     7,  236.9,  1.1081,  1.2280
 2022,    12,  31, -0.5364,  0.8992,     7,  255.8,  1.0471,  1.0963
 2023,     1,   1, -0.3196,  0.5963,     7,  253.2,  0.6765,  0.4577
 2023,     1,   2, -0.6786,  0.6443,     8,  271.5,  0.9357,  0.8755
 2023,     1,   3, -0.6042,  0.5421,     8,  273.1,  0.8118,  0.6590
 2023,     1,   4, -0.6158,  0.3055,     8,  288.6,  0.6875,  0.4726
 2023,     1,   5, -0.7347,  0.2901,     8,  293.5,  0.7899,  0.6239
 2023,     1,   6, -0.6321,  0.2868,     8,  290.6,  0.6941,  0.4818
 2023,     1,   7, -0.4336,  0.0678,     8,  306.1,  0.4389,  0.1926
 2023,     1,   8, -0.5489,  0.1696,     8,  297.8,  0.5745,  0.3300
 2023,     1,   9, -0.6867,  0.2189,     8,  297.3,  0.7207,  0.5194
 2023,     1,  10, -0.5204,  0.1579,     8,  298.1,  0.5438,  0.2958
 2023,     1,  11, -0.5896, -0.2856,     1,  340.8,  0.6551,  0.4291
 2023,     1,  12, -0.9205, -0.2151,     1,  328.2,  0.9453,  0.8936
 2023,     1,  13, -0.9491, -0.0084,     1,  315.5,  0.9491,  0.9008
 2023,     1,  14, -0.6835, -0.1077,     1,  324.0,  0.6920,  0.4788
 2023,     1,  15, -0.5194, -0.1023,     1,  326.1,  0.5294,  0.2803
 2023,     1,  16, -0.6325, -0.2065,     1,  333.1,  0.6654,  0.4427
 2023,     1,  17, -0.5555, -0.6441,     2,    4.2,  0.8506,  0.7235
 2023,     1,  18, -0.3515, -0.8642,     2,   22.9,  0.9329,  0.8703
 2023,     1,  19, -0.1193, -1.0394,     2,   38.5,  1.0462,  1.0946
 2023,     1,  20,  0.2964, -1.4015,     3,   56.9,  1.4325,  2.0521
 2023,     1,  21,  0.5637, -1.6241,     3,   64.1,  1.7192,  2.9555
 2023,     1,  22,  0.5701, -1.5536,     3,   65.2,  1.6549,  2.7386
 2023,     1,  23,  0.6220, -1.6719,     3,   65.4,  1.7838,  3.1819
 2023,     1,  24,  0.8135, -1.8908,     3,   68.3,  2.0584,  4.2370
 2023,     1,  25,  0.9771, -2.2182,     3,   68.8,  2.4239,  5.8752
 2023,     1,  26,  1.2033, -1.9786,     3,   76.3,  2.3158,  5.3628
 2023,     1,  27,  1.2880, -2.0460,     3,   77.2,  2.4177,  5.8451
 2023,     1,  28,  1.4910, -2.2038,     3,   79.1,  2.6608,  7.0799
 2023,     1,  29,  1.3706, -2.4285,     3,   74.4,  2.7886,  7.7764
 2023,     1,  30,  0.9896, -2.1628,     3,   69.6,  2.3785,  5.6571
 2023,     1,  31,  1.1093, -1.7967,     3,   76.7,  2.1116,  4.4588
 2023,     2,   1,  1.4876, -1.6404,     3,   87.2,  2.2144,  4.9037
 2023,     2,   2,  1.5576, -1.4849,     4,   91.4,  2.1520,  4.6311
 2023,     2,   3,  1.7364, -1.2863,     4,   98.5,  2.1609,  4.6696
 2023,     2,   4,  1.8742, -1.2002,     4,  102.4,  2.2256,  4.9532
 2023,     2,   5,  2.0812, -1.1671,     4,  105.7,  2.3861,  5.6933
 2023,     2,   6,  2.2041, -1.0564,     4,  109.4,  2.4442,  5.9740
 2023,     2,   7,  2.4809, -0.8366,     4,  116.4,  2.6182,  6.8550
 2023,     2,   8,  2.4974, -0.6107,     4,  121.3,  2.5710,  6.6099
 2023,     2,   9,  2.3878, -0.1777,     4,  130.7,  2.3944,  5.7330
 2023,     2,  10,  2.3223,  0.4086,     5,  145.0,  2.3580,  5.5601
 2023,     2,  11,  2.0147,  1.0243,     5,  161.9,  2.2601,  5.1080
 2023,     2,  12,  1.5805,  1.6306,     6,  180.9,  2.2708,  5.1565
 2023,     2,  13,  1.0878,  2.0028,     6,  196.5,  2.2791,  5.1944
 2023,     2,  14,  0.8692,  1.8782,     6,  200.2,  2.0696,  4.2831
 2023,     2,  15,  0.2099,  1.4749,     6,  216.9,  1.4898,  2.2194
 2023,     2,  16, -0.4121,  1.3495,     7,  242.0,  1.4110,  1.9910
 2023,     2,  17, -0.7334,  1.3334,     7,  253.8,  1.5218,  2.3159
 2023,     2,  18, -0.7210,  1.1528,     7,  257.0,  1.3597,  1.8487
 2023,     2,  19, -0.7205,  0.7826,     7,  267.6,  1.0638,  1.1317
 2023,     2,  20, -0.6998,  0.5459,     8,  277.0,  0.8875,  0.7877
 2023,     2,  21, -0.4728,  0.5247,     7,  267.0,  0.7063,  0.4988
 2023,     2,  22, -0.4702,  0.5502,     7,  265.5,  0.7237,  0.5238
 2023,     2,  23, -0.1626,  0.7390,     7,  237.4,  0.7567,  0.5726
 2023,     2,  24,  0.1392,  0.6701,     6,  213.3,  0.6844,  0.4684
 2023,     2,  25,  0.0826,  0.5781,     6,  216.9,  0.5840,  0.3411
 2023,     2,  26, -0.0880,  0.5658,     7,  233.8,  0.5726,  0.3279
 2023,     2,  27, -0.0896,  0.8580,     7,  231.0,  0.8626,  0.7441
 2023,     2,  28,  0.0414,  1.1374,     6,  222.9,  1.1381,  1.2954
 2023,     3,   1,  0.4525,  1.2120,     6,  204.5,  1.2938,  1.6738
 2023,     3,   2,  0.1693,  1.4802,     6,  218.5,  1.4898,  2.2196
 2023,     3,   3, -0.1614,  1.7295,     7,  230.3,  1.7370,  3.0171
 2023,     3,   4, -0.9937,  2.1795,     7,  249.5,  2.3953,  5.7376
 2023,     3,   5, -1.5268,  2.1989,     7,  259.8,  2.6770,  7.1663
 2023,     3,   6, -2.0105,  2.1361,     7,  268.3,  2.9334,  8.6051
 2023,     3,   7, -2.7827,  1.7965,     8,  282.2,  3.3122, 10.9707
 2023,     3,   8, -3.3555,  1.5358,     8,  290.4,  3.6903, 13.6183
 2023,     3,   9, -3.6323,  0.8437,     8,  301.9,  3.7290, 13.9055
 2023,     3,  10, -3.5605,  0.4207,     8,  308.3,  3.5853, 12.8544
 2023,     3,  11, -3.5241,  0.1980,     8,  311.8,  3.5297, 12.4585
 2023,     3,  12, -3.5049, -0.0213,     1,  315.3,  3.5050, 12.2848
 2023,     3,  13, -3.1941, -0.3874,     1,  321.9,  3.2175, 10.3526
 2023,     3,  14, -2.7910, -0.6992,     1,  329.1,  2.8773,  8.2788
 2023,     3,  15, -2.3317, -0.6439,     1,  330.4,  2.4190,  5.8514
 2023,     3,  16, -2.0560, -0.6404,     1,  332.3,  2.1534,  4.6372
 2023,     3,  17, -1.8166, -0.7276,     1,  336.8,  1.9569,  3.8294
 2023,     3,  18, -1.6612, -0.9531,     1,  344.8,  1.9152,  3.6680
 2023,     3,  19, -1.2831, -1.1716,     1,  357.4,  1.7376,  3.0192
 2023,     3,  20, -0.6197, -1.3390,     2,   20.2,  1.4755,  2.1770
 2023,     3,  21, -0.1121, -1.5207,     2,   40.8,  1.5248,  2.3250
 2023,     3,  22,  0.3715, -1.6977,     3,   57.3,  1.7378,  3.0201
 2023,     3,  23,  0.7499, -1.6789,     3,   69.1,  1.8388,  3.3811
 2023,     3,  24,  0.9162, -1.3890,     3,   78.4,  1.6639,  2.7686
 2023,     3,  25,  0.9334, -1.2284,     3,   82.2,  1.5428,  2.3803
 2023,     3,  26,  1.1810, -1.0066,     4,   94.6,  1.5518,  2.4080
 2023,     3,  27,  1.1267, -0.8653,     4,   97.5,  1.4206,  2.0182
 2023,     3,  28,  1.0488, -0.7393,     4,   99.8,  1.2832,  1.6465
 2023,     3,  29,  1.0607, -0.2476,     4,  121.9,  1.0892,  1.1863
 2023,     3,  30,  0.9941, -0.0666,     4,  131.2,  0.9963,  0.9926
 2023,     3,  31,  1.0282,  0.3106,     5,  151.8,  1.0741,  1.1537
 2023,     4,   1,  1.0833,  0.6323,     5,  165.3,  1.2543,  1.5732
 2023,     4,   2,  1.1860,  0.7676,     5,  167.9,  1.4127,  1.9957
 2023,     4,   3,  1.0651,  0.8347,     5,  173.1,  1.3532,  1.8311
 2023,     4,   4,  0.7444,  0.8815,     6,  184.8,  1.1537,  1.3311
 2023,     4,   5,  0.5915,  0.9002,     6,  191.7,  1.0771,  1.1602
 2023,     4,   6,  0.6766,  0.9166,     6,  188.6,  1.1393,  1.2980
 2023,     4,   7,  0.6150,  1.2199,     6,  198.2,  1.3662,  1.8665
 2023,     4,   8,  0.6120,  1.5385,     6,  203.3,  1.6557,  2.7414
 2023,     4,   9,  0.3257,  1.9019,     6,  215.3,  1.9296,  3.7234
 2023,     4,  10, -0.0975,  2.0854,     7,  227.7,  2.0876,  4.3582
 2023,     4,  11, -0.3905,  2.2295,     7,  234.9,  2.2634,  5.1230
 2023,     4,  12, -0.4973,  2.0219,     7,  238.8,  2.0822,  4.3355
 2023,     4,  13, -0.5700,  1.7924,     7,  242.6,  1.8808,  3.5376
 2023,     4,  14, -0.5650,  1.6466,     7,  243.9,  1.7408,  3.0304
 2023,     4,  15, -0.5857,  1.6915,     7,  244.1,  1.7900,  3.2041
 2023,     4,  16, -0.8353,  1.5396,     7,  253.5,  1.7516,  3.0681
 2023,     4,  17, -1.2855,  1.3055,     7,  269.6,  1.8322,  3.3569
 2023,     4,  18, -1.5822,  1.0425,     8,  281.6,  1.8948,  3.5903
 2023,     4,  19, -1.5762,  0.7562,     8,  289.4,  1.7482,  3.0562
 2023,     4,  20, -1.7085,  0.3387,     8,  303.8,  1.7418,  3.0338
 2023,     4,  21, -1.8304,  0.0775,     8,  312.6,  1.8320,  3.3564
 2023,     4,  22, -1.7869, -0.5458,     1,  332.0,  1.8684,  3.4910
 2023,     4,  23, -1.7021, -0.8731,     1,  342.2,  1.9130,  3.6595
 2023,     4,  24, -1.4457, -1.0665,     1,  351.4,  1.7965,  3.2274
 2023,     4,  25, -1.0078, -1.2985,     2,    7.2,  1.6437,  2.7017
 2023,     4,  26, -0.6511, -1.3914,     2,   19.9,  1.5362,  2.3599
 2023,     4,  27, -0.4156, -1.4076,     2,   28.5,  1.4677,  2.1542
 2023,     4,  28, -0.0070, -1.0947,     2,   44.6,  1.0948,  1.1985
 2023,     4,  29,  0.6770, -0.8677,     3,   83.0,  1.1006,  1.2113
 2023,     4,  30,  1.3667, -0.8068,     4,  104.4,  1.5871,  2.5188
 2023,     5,   1,  2.0103, -1.0108,     4,  108.3,  2.2501,  5.0628
 2023,     5,   2,  2.0622, -0.7912,     4,  114.0,  2.2088,  4.8787
 2023,     5,   3,  2.2084, -0.2337,     4,  129.0,  2.2208,  4.9318
 2023,     5,   4,  2.2864,  0.2797,     5,  142.0,  2.3034,  5.3058
 2023,     5,   5,  2.4629,  0.6040,     5,  148.8,  2.5359,  6.4308
 2023,     5,   6,  2.1735,  0.5526,     5,  149.3,  2.2427,  5.0296
 2023,     5,   7,  1.8950,  0.8090,     5,  158.1,  2.0605,  4.2457
 2023,     5,   8,  1.5713,  1.0422,     5,  168.6,  1.8855,  3.5550
 2023,     5,   9,  1.3650,  1.2062,     5,  176.5,  1.8216,  3.3181
 2023,     5,  10,  1.0527,  1.1368,     6,  182.2,  1.5494,  2.4005
 2023,     5,  11,  0.7819,  1.0738,     6,  188.9,  1.3283,  1.7645
 2023,     5,  12,  0.5132,  1.0258,     6,  198.4,  1.1470,  1.3157
 2023,     5,  13,  0.5115,  1.1492,     6,  201.0,  1.2578,  1.5822
 2023,     5,  14,  0.4425,  1.1559,     6,  204.1,  1.2377,  1.5320
 2023,     5,  15,  0.3497,  1.4559,     6,  211.5,  1.4973,  2.2420
 2023,     5,  16,  0.2889,  1.7331,     6,  215.5,  1.7570,  3.0872
 2023,     5,  17,  0.2062,  1.7745,     6,  218.4,  1.7864,  3.1913
 2023,     5,  18,  0.1710,  1.9741,     6,  220.0,  1.9815,  3.9262
 2023,     5,  19,  0.2004,  1.8742,     6,  218.9,  1.8848,  3.5527
 2023,     5,  20,  0.1208,  1.4603,     6,  220.3,  1.4653,  2.1470
 2023,     5,  21, -0.1702,  1.2074,     7,  233.0,  1.2193,  1.4867
 2023,     5,  22, -0.3464,  1.3449,     7,  239.4,  1.3887,  1.9286
 2023,     5,  23, -0.4420,  1.7049,     7,  239.5,  1.7613,  3.1021
 2023,     5,  24, -0.6037,  1.8793,     7,  242.8,  1.9739,  3.8962
 2023,     5,  25, -0.8597,  1.7756,     7,  250.8,  1.9728,  3.8919
 2023,     5,  26, -1.0298,  1.3516,     7,  262.3,  1.6992,  2.8872
 2023,     5,  27, -1.3108,  1.1059,     8,  274.8,  1.7150,  2.9412
 2023,     5,  28, -1.3140,  0.8760,     8,  281.3,  1.5792,  2.4939
 2023,     5,  29, -1.1087,  0.5540,     8,  288.5,  1.2394,  1.5361
 2023,     5,  30, -0.8837,  0.2858,     8,  297.1,  0.9288,  0.8626
 2023,     5,  31, -1.0527, -0.0483,     1,  317.6,  1.0538,  1.1106
 2023,     6,   1, -0.8503, -0.3147,     1,  335.3,  0.9067,  0.8221
 2023,     6,   2, -0.7767, -0.3655,     1,  340.2,  0.8584,  0.7369
 2023,     6,   3, -0.8489, -0.5478,     1,  347.8,  1.0103,  1.0207
 2023,     6,   4, -0.9577, -0.7172,     1,  351.8,  1.1965,  1.4316
 2023,     6,   5, -0.8705, -0.9683,     2,    3.0,  1.3021,  1.6954
 2023,     6,   6, -0.6779, -1.3201,     2,   17.8,  1.4840,  2.2022
 2023,     6,   7, -0.4846, -1.4798,     2,   26.9,  1.5571,  2.4246
 2023,     6,   8,  0.0087, -1.2572,     3,   45.4,  1.2573,  1.5807
 2023,     6,   9,  0.5960, -1.1682,     3,   72.0,  1.3115,  1.7200
 2023,     6,  10,  0.8842, -1.1881,     3,   81.7,  1.4810,  2.1933
 2023,     6,  11,  1.1117, -1.2084,     3,   87.6,  1.6420,  2.6961
 2023,     6,  12,  1.2409, -1.1444,     4,   92.3,  1.6880,  2.8495
 2023,     6,  13,  1.3298, -1.2430,     4,   91.9,  1.8203,  3.3135
 2023,     6,  14,  1.3315, -1.3018,     4,   90.6,  1.8621,  3.4675
 2023,     6,  15,  1.1868, -1.1806,     4,   90.2,  1.6740,  2.8024
 2023,     6,  16,  0.9687, -0.9825,     3,   89.6,  1.3797,  1.9036
 2023,     6,  17,  0.5497, -0.6513,     3,   85.2,  0.8523,  0.7264
 2023,     6,  18,  0.2327, -0.3070,     3,   82.2,  0.3852,  0.1484
 2023,     6,  19, -0.0441, -0.1431,     2,   27.9,  0.1497,  0.0224
 2023,     6,  20, -0.3580, -0.1125,     1,  332.4,  0.3752,  0.1408
 2023,     6,  21, -0.6866, -0.4460,     1,  348.0,  0.8188,  0.6704
 2023,     6,  22, -0.7325, -0.9580,     2,    7.6,  1.2059,  1.4543
 2023,     6,  23, -0.4907, -1.2383,     2,   23.4,  1.3320,  1.7742
 2023,     6,  24, -0.0370, -1.4479,     2,   43.5,  1.4484,  2.0979
 2023,     6,  25,  0.2705, -1.6459,     3,   54.3,  1.6680,  2.7822
 2023,     6,  26,  0.3421, -1.3755,     3,   59.0,  1.4173,  2.0089
 2023,     6,  27,  0.2826, -1.1399,     3,   58.9,  1.1744,  1.3792
 2023,     6,  28,  0.0742, -0.8432,     3,   50.0,  0.8464,  0.7165
 2023,     6,  29,  0.2928, -0.9940,     3,   61.4,  1.0362,  1.0737
 2023,     6,  30,  0.1522, -1.2956,     3,   51.7,  1.3045,  1.7018
 2023,     7,   1,  0.0382, -1.7388,     3,   46.3,  1.7393,  3.0250
 2023,     7,   2, -0.0310, -1.8451,     2,   44.0,  1.8453,  3.4053
 2023,     7,   3, -0.1084, -1.8674,     2,   41.7,  1.8706,  3.4991
 2023,     7,   4, -0.0600, -1.9498,     2,   43.2,  1.9507,  3.8052
 2023,     7,   5, -0.1119, -2.0900,     2,   41.9,  2.0930,  4.3805
 2023,     7,   6, -0.1630, -1.8434,     2,   39.9,  1.8506,  3.4245
 2023,     7,   7,  0.0329, -1.7621,     3,   46.1,  1.7624,  3.1060
 2023,     7,   8,  0.1112, -1.5225,     3,   49.2,  1.5265,  2.3303
 2023,     7,   9,  0.4287, -1.4701,     3,   61.3,  1.5314,  2.3452
 2023,     7,  10,  0.3475, -1.2537,     3,   60.5,  1.3010,  1.6926
 2023,     7,  11,  0.2957, -1.2029,     3,   58.8,  1.2387,  1.5345
 2023,     7,  12,  0.3150, -1.3602,     3,   58.0,  1.3962,  1.9493
 2023,     7,  13,  0.3546, -1.1479,     3,   62.2,  1.2014,  1.4433
 2023,     7,  14,  0.1720, -0.8524,     3,   56.4,  0.8696,  0.7562
 2023,     7,  15,  0.2189, -0.6281,     3,   64.2,  0.6651,  0.4424
 2023,     7,  16,  0.4300, -0.4447,     3,   89.0,  0.6186,  0.3827
 2023,     7,  17,  0.4973, -0.5594,     3,   86.6,  0.7485,  0.5602
 2023,     7,  18,  0.6014, -0.4012,     4,  101.3,  0.7230,  0.5227
 2023,     7,  19,  0.4276, -0.2257,     4,  107.2,  0.4836,  0.2338
 2023,     7,  20,  0.3100, -0.2258,     4,   98.9,  0.3835,  0.1471
 2023,     7,  21, -0.0095, -0.3376,     2,   43.4,  0.3378,  0.1141
 2023,     7,  22, -0.1130, -0.1867,     2,   13.8,  0.2182,  0.0476
 2023,     7,  23,  0.1825, -0.0516,     4,  119.2,  0.1896,  0.0360
 2023,     7,  24,  0.3484,  0.0098,     5,  136.6,  0.3486,  0.1215
 2023,     7,  25,  0.2474, -0.0327,     4,  127.5,  0.2496,  0.0623
 2023,     7,  26,  0.1794, -0.0262,     4,  126.7,  0.1814,  0.0329
 2023,     7,  27,  0.1422,  0.0891,     5,  167.1,  0.1678,  0.0281
 2023,     7,  28,  0.1246, -0.1547,     3,   83.9,  0.1987,  0.0395
 2023,     7,  29,  0.0144, -0.3336,     3,   47.5,  0.3339,  0.1115
 2023,     7,  30, -0.2118, -0.2657,     2,    6.4,  0.3397,  0.1154
 2023,     7,  31, -0.3775, -0.4061,     2,    2.1,  0.5545,  0.3074
 2023,     8,   1, -0.3385, -0.6563,     2,   17.7,  0.7384,  0.5453
 2023,     8,   2, -0.3849, -0.6936,     2,   16.0,  0.7932,  0.6292
 2023,     8,   3, -0.5946, -0.8357,     2,    9.6,  1.0256,  1.0519
 2023,     8,   4, -0.9390, -0.9069,     1,  359.0,  1.3054,  1.7042
 2023,     8,   5, -1.0780, -0.9822,     1,  357.3,  1.4583,  2.1267
 2023,     8,   6, -0.9687, -0.7734,     1,  353.6,  1.2395,  1.5365
 2023,     8,   7, -0.6742, -0.7757,     2,    4.0,  1.0277,  1.0562
 2023,     8,   8, -0.7420, -0.9586,     2,    7.3,  1.2122,  1.4695
 2023,     8,   9, -0.9404, -0.7864,     1,  354.9,  1.2259,  1.5027
 2023,     8,  10, -0.9202, -0.7749,     1,  355.1,  1.2030,  1.4473
 2023,     8,  11, -0.9622, -0.5179,     1,  343.3,  1.0927,  1.1940
 2023,     8,  12, -0.8079, -0.4428,     1,  343.7,  0.9213,  0.8488
 2023,     8,  13, -0.7992, -0.5293,     1,  348.5,  0.9586,  0.9190
 2023,     8,  14, -0.7850, -0.5415,     1,  349.6,  0.9537,  0.9095
 2023,     8,  15, -0.7286, -0.4060,     1,  344.1,  0.8341,  0.6957
 2023,     8,  16, -0.7441, -0.2255,     1,  331.9,  0.7775,  0.6045
 2023,     8,  17, -0.7661, -0.2662,     1,  334.2,  0.8110,  0.6577
 2023,     8,  18, -0.8355, -0.5910,     1,  350.3,  1.0234,  1.0473
 2023,     8,  19, -1.0103, -0.9408,     1,  358.0,  1.3805,  1.9059
 2023,     8,  20, -1.1768, -1.0131,     1,  355.7,  1.5528,  2.4112
 2023,     8,  21, -1.0493, -1.1847,     2,    3.5,  1.5826,  2.5047
 2023,     8,  22, -1.1364, -1.1863,     2,    1.2,  1.6428,  2.6988
 2023,     8,  23, -1.0601, -1.0157,     1,  358.8,  1.4681,  2.1555
 2023,     8,  24, -0.8985, -0.7888,     1,  356.3,  1.1956,  1.4295
 2023,     8,  25, -0.5742, -0.8262,     2,   10.2,  1.0061,  1.0123
 2023,     8,  26, -0.5870, -0.7218,     2,    5.9,  0.9304,  0.8656
 2023,     8,  27, -0.3461, -0.8636,     2,   23.2,  0.9304,  0.8656
 2023,     8,  28, -0.0862, -0.9381,     2,   39.8,  0.9420,  0.8874
 2023,     8,  29,  0.0476, -0.7451,     3,   48.7,  0.7467,  0.5575
 2023,     8,  30,  0.2488, -0.7326,     3,   63.8,  0.7737,  0.5986
 2023,     8,  31,  0.2045, -0.7527,     3,   60.2,  0.7800,  0.6083
 2023,     9,   1,  0.1584, -0.6691,     3,   58.3,  0.6876,  0.4729
 2023,     9,   2,  0.4843, -0.6602,     3,   81.3,  0.8188,  0.6704
 2023,     9,   3,  0.6916, -0.8726,     3,   83.4,  1.1134,  1.2397
 2023,     9,   4,  0.8851, -1.4528,     3,   76.4,  1.7012,  2.8940
 2023,     9,   5,  1.0512, -1.6490,     3,   77.5,  1.9556,  3.8245
 2023,     9,   6,  1.3619, -1.9084,     3,   80.5,  2.3445,  5.4968
 2023,     9,   7,  1.5152, -1.8672,     3,   84.1,  2.4047,  5.7825
 2023,     9,   8,  1.5836, -1.5244,     4,   91.1,  2.1981,  4.8317
 2023,     9,   9,  1.7189, -1.2279,     4,   99.5,  2.1124,  4.4621
 2023,     9,  10,  1.5237, -0.8939,     4,  104.6,  1.7666,  3.1208
 2023,     9,  11,  1.3983, -1.0196,     4,   98.9,  1.7306,  2.9949
 2023,     9,  12,  1.1156, -0.6728,     4,  103.9,  1.3028,  1.6972
 2023,     9,  13,  1.0037, -0.5199,     4,  107.6,  1.1304,  1.2778
 2023,     9,  14,  0.6947, -0.7023,     3,   89.7,  0.9878,  0.9758
 2023,     9,  15,  0.5179, -0.8745,     3,   75.6,  1.0164,  1.0330
 2023,     9,  16,  0.4957, -0.9772,     3,   71.9,  1.0957,  1.2006
 2023,     9,  17,  0.5629, -1.1180,     3,   71.7,  1.2517,  1.5667
 2023,     9,  18,  0.7290, -1.0763,     3,   79.1,  1.3000,  1.6899
 2023,     9,  19,  0.8978, -0.8780,     4,   90.6,  1.2558,  1.5770
 2023,     9,  20,  0.9484, -0.5072,     4,  106.9,  1.0755,  1.1566
 2023,     9,  21,  1.0246, -0.1292,     4,  127.8,  1.0327,  1.0665
 2023,     9,  22,  1.1036, -0.1485,     4,  127.3,  1.1135,  1.2399
 2023,     9,  23,  1.1965, -0.1258,     4,  129.0,  1.2030,  1.4473
 2023,     9,  24,  1.2594, -0.0768,     4,  131.5,  1.2618,  1.5920
 2023,     9,  25,  1.3209,  0.0407,     5,  136.8,  1.3215,  1.7463
 2023,     9,  26,  1.4302,  0.0729,     5,  137.9,  1.4320,  2.0506
 2023,     9,  27,  1.4247,  0.2036,     5,  143.1,  1.4391,  2.0711
 2023,     9,  28,  1.4137,  0.3499,     5,  148.9,  1.4564,  2.1210
 2023,     9,  29,  1.4452,  0.6439,     5,  159.0,  1.5821,  2.5032
 2023,     9,  30,  1.3111,  0.8640,     5,  168.4,  1.5701,  2.4654
 2023,    10,   1,  1.0627,  0.9145,     5,  175.7,  1.4021,  1.9658
 2023,    10,   2,  0.7353,  0.8122,     6,  182.8,  1.0956,  1.2004
 2023,    10,   3,  0.4211,  0.7727,     6,  196.4,  0.8800,  0.7744
 2023,    10,   4,  0.1311,  0.6593,     6,  213.8,  0.6722,  0.4519
 2023,    10,   5,  0.0693,  0.4616,     6,  216.5,  0.4668,  0.2179
 2023,    10,   6,  0.1219,  0.2522,     6,  199.2,  0.2801,  0.0785
 2023,    10,   7,  0.0967,  0.0498,     5,  162.3,  0.1088,  0.0118
 2023,    10,   8, -0.0557, -0.0709,     2,    6.8,  0.0902,  0.0081
 2023,    10,   9, -0.2335, -0.1724,     1,  351.5,  0.2903,  0.0842
 2023,    10,  10, -0.3782, -0.0515,     1,  322.8,  0.3817,  0.1457
 2023,    10,  11, -0.4688,  0.0438,     8,  309.7,  0.4708,  0.2217
 2023,    10,  12, -0.5764,  0.1307,     8,  302.2,  0.5910,  0.3493
 2023,    10,  13, -0.4393,  0.2724,     8,  283.2,  0.5169,  0.2672
 2023,    10,  14, -0.3854,  0.4201,     7,  267.5,  0.5701,  0.3250
 2023,    10,  15, -0.2441,  0.5543,     7,  248.8,  0.6056,  0.3668
 2023,    10,  16, -0.3889,  0.3307,     8,  274.6,  0.5105,  0.2606
 2023,    10,  17, -0.4510,  0.1515,     8,  296.4,  0.4758,  0.2264
 2023,    10,  18, -0.3999,  0.0237,     8,  311.6,  0.4006,  0.1604
 2023,    10,  19, -0.3330,  0.1413,     8,  292.0,  0.3617,  0.1308
 2023,    10,  20, -0.3272,  0.4596,     7,  260.4,  0.5642,  0.3183
 2023,    10,  21, -0.2451,  0.6760,     7,  244.9,  0.7191,  0.5171
 2023,    10,  22, -0.4529,  0.9520,     7,  250.4,  1.0542,  1.1113
 2023,    10,  23, -0.5563,  1.0567,     7,  252.8,  1.1942,  1.4261
 2023,    10,  24, -0.7793,  1.0445,     7,  261.7,  1.3032,  1.6983
 2023,    10,  25, -1.0703,  1.0930,     7,  269.4,  1.5298,  2.3403
 2023,    10,  26, -1.0751,  0.9722,     8,  272.9,  1.4495,  2.1009
 2023,    10,  27, -1.1523,  0.8276,     8,  279.3,  1.4187,  2.0126
 2023,    10,  28, -1.1466,  0.4969,     8,  291.6,  1.2497,  1.5617
 2023,    10,  29, -1.2120,  0.1702,     8,  307.0,  1.2239,  1.4980
 2023,    10,  30, -1.0661, -0.0030,     1,  315.2,  1.0661,  1.1365
 2023,    10,  31, -0.9193, -0.1112,     1,  321.9,  0.9260,  0.8575
 2023,    11,   1, -0.7613, -0.0080,     1,  315.6,  0.7614,  0.5797
 2023,    11,   2, -0.5231,  0.2139,     8,  292.8,  0.5651,  0.3194
 2023,    11,   3, -0.2158,  0.4156,     7,  252.4,  0.4683,  0.2193
 2023,    11,   4, -0.2060,  0.3048,     7,  259.1,  0.3678,  0.1353
 2023,    11,   5, -0.2230,  0.3523,     7,  257.3,  0.4170,  0.1739
 2023,    11,   6, -0.0289,  0.6891,     7,  227.4,  0.6897,  0.4757
 2023,    11,   7,  0.2642,  1.0230,     6,  210.5,  1.0565,  1.1163
 2023,    11,   8,  0.3668,  1.3637,     6,  209.9,  1.4121,  1.9941
 2023,    11,   9,  0.3226,  1.5791,     6,  213.5,  1.6117,  2.5977
 2023,    11,  10,  0.1535,  1.9334,     6,  220.5,  1.9395,  3.7616
 2023,    11,  11,  0.0612,  1.9812,     6,  223.2,  1.9822,  3.9290
 2023,    11,  12, -0.1805,  1.9909,     7,  230.2,  1.9991,  3.9962
 2023,    11,  13, -0.4876,  1.8780,     7,  239.6,  1.9402,  3.7646
 2023,    11,  14, -1.0702,  1.7399,     7,  256.6,  2.0427,  4.1725
 2023,    11,  15, -1.1253,  1.5317,     7,  261.3,  1.9006,  3.6124
 2023,    11,  16, -1.4005,  1.0841,     8,  277.3,  1.7711,  3.1367
 2023,    11,  17, -1.6095,  0.7047,     8,  291.4,  1.7570,  3.0872
 2023,    11,  18, -1.6184,  0.2974,     8,  304.6,  1.6455,  2.7076
 2023,    11,  19, -1.7010, -0.1325,     1,  319.5,  1.7062,  2.9110
 2023,    11,  20, -1.6328, -0.3590,     1,  327.4,  1.6718,  2.7949
 2023,    11,  21, -1.4929, -0.7282,     1,  341.0,  1.6611,  2.7592
 2023,    11,  22, -1.1485, -0.9040,     1,  353.2,  1.4616,  2.1363
 2023,    11,  23, -0.7708, -0.7967,     2,    0.9,  1.1085,  1.2288
 2023,    11,  24, -0.4713, -0.9391,     2,   18.3,  1.0507,  1.1040
 2023,    11,  25, -0.2644, -0.7345,     2,   25.2,  0.7807,  0.6095
 2023,    11,  26, -0.0041, -0.6198,     2,   44.6,  0.6199,  0.3842
 2023,    11,  27,  0.0797, -0.3651,     3,   57.3,  0.3737,  0.1397
 2023,    11,  28, -0.0281, -0.3641,     2,   40.6,  0.3652,  0.1334
 2023,    11,  29,  0.3553, -0.3895,     3,   87.4,  0.5272,  0.2780
 2023,    11,  30,  0.7660, -0.2877,     4,  114.4,  0.8182,  0.6695
 2023,    12,   1,  0.9138, -0.2840,     4,  117.7,  0.9569,  0.9157
 2023,    12,   2,  1.0202, -0.2514,     4,  121.2,  1.0507,  1.1039
 2023,    12,   3,  1.1424,  0.0408,     5,  137.0,  1.1431,  1.3067
 2023,    12,   4,  1.3570,  0.2111,     5,  143.8,  1.3734,  1.8861
 2023,    12,   5,  1.3768,  0.2669,     5,  146.0,  1.4024,  1.9668
 2023,    12,   6,  1.5423,  0.5496,     5,  154.6,  1.6374,  2.6809
 2023,    12,   7,  1.4628,  0.7785,     5,  163.0,  1.6571,  2.7460
 2023,    12,   8,  1.1687,  1.2480,     6,  181.9,  1.7098,  2.9235
 2023,    12,   9,  0.9076,  1.6201,     6,  195.7,  1.8570,  3.4484
 2023,    12,  10,  0.7932,  1.8161,     6,  201.4,  1.9818,  3.9275
 2023,    12,  11,  0.5292,  1.7677,     6,  208.3,  1.8453,  3.4050
 2023,    12,  12,  0.2645,  1.6130,     6,  215.7,  1.6346,  2.6718
 2023,    12,  13,  0.0004,  1.4716,     6,  225.0,  1.4716,  2.1656
 2023,    12,  14, -0.1481,  1.4208,     7,  231.0,  1.4285,  2.0407
 2023,    12,  15, -0.3456,  1.5345,     7,  237.7,  1.5729,  2.4740
 2023,    12,  16, -0.5340,  1.4920,     7,  244.7,  1.5847,  2.5112
 2023,    12,  17, -0.8676,  1.2811,     7,  259.1,  1.5473,  2.3941
 2023,    12,  18, -1.0984,  1.1376,     7,  269.0,  1.5813,  2.5006
 2023,    12,  19, -0.9738,  1.0185,     7,  268.7,  1.4092,  1.9857
 2023,    12,  20, -0.8119,  1.0411,     7,  262.9,  1.3203,  1.7432
 2023,    12,  21, -0.9052,  0.8146,     8,  273.0,  1.2178,  1.4830
 2023,    12,  22, -1.2278,  0.2373,     8,  304.1,  1.2505,  1.5638
 2023,    12,  23, -1.4480, -0.2260,     1,  323.9,  1.4655,  2.1478
 2023,    12,  24, -1.4580, -0.2947,     1,  326.4,  1.4875,  2.2127
 2023,    12,  25, -1.6975, -0.4164,     1,  328.8,  1.7478,  3.0549
 2023,    12,  26, -1.7381, -0.5419,     1,  332.3,  1.8206,  3.3146
 2023,    12,  27, -2.0737, -0.5800,     1,  330.6,  2.1533,  4.6366
 2023,    12,  28, -1.9958, -0.8284,     1,  337.5,  2.1609,  4.6694
 2023,    12,  29, -1.5620, -1.2724,     1,  354.2,  2.0146,  4.0587
 2023,    12,  30, -0.9242, -1.6223,     2,   15.3,  1.8671,  3.4860
 2023,    12,  31, -0.4396, -1.7261,     2,   30.7,  1.7812,  3.1727
 2024,     1,   1, -0.1114, -1.8676,     2,   41.6,  1.8709,  3.5002
 2024,     1,   2,  0.3246, -2.0772,     3,   53.9,  2.1024,  4.4201
 2024,     1,   3,  0.6040, -2.1170,     3,   60.9,  2.2015,  4.8467
 2024,     1,   4,  0.8875, -2.1051,     3,   67.9,  2.2846,  5.2194
 2024,     1,   5,  0.7179, -1.7118,     3,   67.8,  1.8563,  3.4457
 2024,     1,   6,  0.4977, -1.2964,     3,   66.0,  1.3886,  1.9283
 2024,     1,   7,  0.3723, -1.1554,     3,   62.9,  1.2139,  1.4735
 2024,     1,   8,  0.1333, -1.1088,     3,   51.9,  1.1168,  1.2472
 2024,     1,   9, -0.0469, -1.4815,     2,   43.2,  1.4822,  2.1969
 2024,     1,  10,  0.1039, -1.4503,     3,   49.1,  1.4540,  2.1142
 2024,     1,  11,  0.3760, -1.2895,     3,   61.3,  1.3432,  1.8043
 2024,     1,  12,  0.8060, -1.4038,     3,   74.9,  1.6188,  2.6205
 2024,     1,  13,  1.1996, -1.2569,     3,   88.7,  1.7375,  3.0190
 2024,     1,  14,  1.6368, -0.9080,     4,  106.0,  1.8718,  3.5036
 2024,     1,  15,  2.0242, -0.6148,     4,  118.1,  2.1155,  4.4752
 2024,     1,  16,  2.3157, -0.2094,     4,  129.8,  2.3251,  5.4062
 2024,     1,  17,  2.3255,  0.0813,     5,  137.0,  2.3269,  5.4145
 2024,     1,  18,  2.5414,  0.4065,     5,  144.1,  2.5737,  6.6242
 2024,     1,  19,  2.3668,  0.6278,     5,  149.9,  2.4486,  5.9959
 2024,     1,  20,  2.2482,  0.9792,     5,  158.5,  2.4522,  6.0131
 2024,     1,  21,  1.8730,  1.3818,     5,  171.4,  2.3275,  5.4174
 2024,     1,  22,  1.6965,  1.4347,     5,  175.2,  2.2219,  4.9366
 2024,     1,  23,  1.3713,  1.4943,     6,  182.5,  2.0282,  4.1135
 2024,     1,  24,  0.8626,  1.3956,     6,  193.3,  1.6406,  2.6917
 2024,     1,  25,  0.3209,  1.5474,     6,  213.3,  1.5804,  2.4976
 2024,     1,  26,  0.0051,  1.6145,     6,  224.8,  1.6145,  2.6067
 2024,     1,  27, -0.2285,  1.6836,     7,  232.7,  1.6991,  2.8868
 2024,     1,  28, -0.6381,  1.6357,     7,  246.3,  1.7558,  3.0828
 2024,     1,  29, -0.7583,  1.4723,     7,  252.2,  1.6561,  2.7427
 2024,     1,  30, -0.8175,  1.5055,     7,  253.5,  1.7131,  2.9348
 2024,     1,  31, -0.5187,  1.3646,     7,  245.8,  1.4599,  2.1313
 2024,     2,   1, -0.7732,  1.2568,     7,  256.6,  1.4756,  2.1774
 2024,     2,   2, -0.8417,  1.0463,     7,  263.8,  1.3428,  1.8032
 2024,     2,   3, -0.8958,  0.9466,     7,  268.4,  1.3033,  1.6985
 2024,     2,   4, -0.8431,  1.1234,     7,  261.9,  1.4046,  1.9730
 2024,     2,   5, -0.5924,  1.2921,     7,  249.6,  1.4214,  2.0203
 2024,     2,   6, -0.1520,  1.6772,     7,  230.2,  1.6841,  2.8361
 2024,     2,   7, -0.0276,  1.6829,     7,  225.9,  1.6831,  2.8329
 2024,     2,   8, -0.0377,  1.2508,     7,  226.7,  1.2514,  1.5660
 2024,     2,   9, -0.6734,  0.9865,     7,  259.3,  1.1945,  1.4267
 2024,     2,  10, -0.9858,  1.0104,     7,  269.3,  1.4116,  1.9927
 2024,     2,  11, -1.0483,  0.9281,     8,  273.5,  1.4001,  1.9602
 2024,     2,  12, -1.2210,  0.7112,     8,  284.8,  1.4130,  1.9966
 2024,     2,  13, -1.1769,  0.9006,     8,  277.6,  1.4819,  2.1961
 2024,     2,  14, -1.0193,  1.2067,     7,  265.2,  1.5796,  2.4951
 2024,     2,  15, -0.9038,  1.0157,     7,  266.7,  1.3596,  1.8486
 2024,     2,  16, -0.7242,  0.5891,     8,  275.9,  0.9335,  0.8714
 2024,     2,  17, -0.4567,  0.3191,     8,  280.1,  0.5571,  0.3103
 2024,     2,  18, -0.3077,  0.1382,     8,  290.8,  0.3373,  0.1138
 2024,     2,  19, -0.2245, -0.1034,     1,  339.7,  0.2472,  0.0611
 2024,     2,  20,  0.1291, -0.2437,     3,   72.9,  0.2758,  0.0761
 2024,     2,  21,  0.4838, -0.2635,     4,  106.4,  0.5509,  0.3035
 2024,     2,  22,  0.4838,  0.0345,     5,  139.1,  0.4850,  0.2352
 2024,     2,  23,  0.3475,  0.0802,     5,  148.0,  0.3566,  0.1272
 2024,     2,  24,  0.1284, -0.1764,     3,   81.1,  0.2182,  0.0476
 2024,     2,  25,  0.1663, -0.4372,     3,   65.8,  0.4678,  0.2188
 2024,     2,  26,  0.1973, -0.5659,     3,   64.2,  0.5993,  0.3592
 2024,     2,  27,  0.3568, -0.8442,     3,   67.9,  0.9165,  0.8399
 2024,     2,  28,  0.6589, -1.2718,     3,   72.4,  1.4324,  2.0517
 2024,     2,  29,  0.7544, -1.5532,     3,   70.9,  1.7267,  2.9816
 2024,     3,   1,  0.7811, -1.5613,     3,   71.6,  1.7458,  3.0480
 2024,     3,   2,  1.2878, -1.5373,     3,   85.0,  2.0054,  4.0215
 2024,     3,   3,  1.2524, -1.3739,     3,   87.4,  1.8591,  3.4561
 2024,     3,   4,  1.5139, -1.1906,     4,   96.8,  1.9260,  3.7096
 2024,     3,   5,  1.9207, -1.2528,     4,  101.9,  2.2932,  5.2586
 2024,     3,   6,  2.3604, -1.0486,     4,  111.0,  2.5828,  6.6710
 2024,     3,   7,  2.4068, -0.9230,     4,  114.0,  2.5777,  6.6447
 2024,     3,   8,  2.4233, -0.8191,     4,  116.3,  2.5580,  6.5434
 2024,     3,   9,  2.3646, -0.6264,     4,  120.2,  2.4461,  5.9836
 2024,     3,  10,  2.3713, -0.3297,     4,  127.1,  2.3941,  5.7318
 2024,     3,  11,  2.1671,  0.1945,     5,  140.1,  2.1758,  4.7342
 2024,     3,  12,  2.1498,  0.8824,     5,  157.3,  2.3239,  5.4005
 2024,     3,  13,  1.9603,  1.4017,     5,  170.6,  2.4099,  5.8077
 2024,     3,  14,  1.5454,  1.6770,     6,  182.3,  2.2804,  5.2004
 2024,     3,  15,  0.8336,  2.0502,     6,  202.9,  2.2132,  4.8982
 2024,     3,  16,  0.2148,  2.4884,     6,  220.1,  2.4977,  6.2383
 2024,     3,  17, -0.3528,  2.7007,     7,  232.4,  2.7237,  7.4185
 2024,     3,  18, -0.8787,  2.5884,     7,  243.8,  2.7334,  7.4716
 2024,     3,  19, -1.3401,  2.2566,     7,  255.7,  2.6246,  6.8884
 2024,     3,  20, -1.5635,  1.8479,     7,  265.2,  2.4206,  5.8595
 2024,     3,  21, -1.6525,  1.3499,     8,  275.8,  2.1338,  4.5530
 2024,     3,  22, -1.7710,  0.6880,     8,  293.8,  1.8999,  3.6097
 2024,     3,  23, -2.0792, -0.0832,     1,  317.3,  2.0809,  4.3301
 2024,     3,  24, -2.1027, -0.5417,     1,  329.4,  2.1713,  4.7146
 2024,     3,  25, -1.8396, -0.9498,     1,  342.3,  2.0703,  4.2862
 2024,     3,  26, -1.4688, -1.0605,     1,  350.8,  1.8117,  3.2822
 2024,     3,  27, -1.3090, -0.7997,     1,  346.4,  1.5340,  2.3532
 2024,     3,  28, -1.0971, -0.7353,     1,  348.8,  1.3208,  1.7444
 2024,     3,  29, -1.1014, -0.8542,     1,  352.8,  1.3938,  1.9426
 2024,     3,  30, -1.1231, -0.8943,     1,  353.5,  1.4357,  2.0613
 2024,     3,  31, -0.9892, -0.8059,     1,  354.2,  1.2760,  1.6281
 2024,     4,   1, -1.0107, -0.8001,     1,  353.4,  1.2890,  1.6616
 2024,     4,   2, -0.8384, -0.8922,     2,    1.8,  1.2243,  1.4989
 2024,     4,   3, -0.6640, -0.8603,     2,    7.3,  1.0868,  1.1811
 2024,     4,   4, -0.2670, -0.8194,     2,   27.0,  0.8618,  0.7427
 2024,     4,   5, -0.0281, -0.5957,     2,   42.3,  0.5963,  0.3556
 2024,     4,   6,  0.0591, -0.4408,     3,   52.6,  0.4448,  0.1978
 2024,     4,   7,  0.4892, -0.3101,     4,  102.6,  0.5792,  0.3355
 2024,     4,   8,  0.5248, -0.3428,     4,  101.8,  0.6269,  0.3930
 2024,     4,   9,  0.5359, -0.4505,     4,   94.9,  0.7001,  0.4901
 2024,     4,  10,  0.2339, -0.2460,     3,   88.6,  0.3395,  0.1152
 2024,     4,  11,  0.0384,  0.0936,     6,  202.7,  0.1012,  0.0102
 2024,     4,  12, -0.0759,  0.3037,     7,  239.0,  0.3130,  0.0980
 2024,     4,  13, -0.2297,  0.2425,     7,  268.4,  0.3340,  0.1116
 2024,     4,  14, -0.3497,  0.4488,     7,  262.9,  0.5689,  0.3237
 2024,     4,  15, -0.5598,  0.4515,     8,  276.1,  0.7192,  0.5172
 2024,     4,  16, -0.7940,  0.2634,     8,  296.6,  0.8365,  0.6998
 2024,     4,  17, -0.8530,  0.0513,     8,  311.6,  0.8546,  0.7303
 2024,     4,  18, -0.8984, -0.0922,     1,  320.9,  0.9031,  0.8156
 2024,     4,  19, -0.8656, -0.2815,     1,  333.0,  0.9103,  0.8286
 2024,     4,  20, -0.8864, -0.4774,     1,  343.3,  1.0068,  1.0136
 2024,     4,  21, -0.8400, -0.3757,     1,  339.1,  0.9202,  0.8467
 2024,     4,  22, -0.7176, -0.3440,     1,  340.6,  0.7958,  0.6333
 2024,     4,  23, -0.4984, -0.2673,     1,  343.2,  0.5656,  0.3199
 2024,     4,  24, -0.3323, -0.3473,     2,    1.3,  0.4807,  0.2311
 2024,     4,  25, -0.3381, -0.4585,     2,    8.6,  0.5697,  0.3245
 2024,     4,  26, -0.2728, -0.7405,     2,   24.8,  0.7892,  0.6228
 2024,     4,  27, -0.1741, -0.9943,     2,   35.1,  1.0095,  1.0190
 2024,     4,  28, -0.0218, -0.9273,     2,   43.7,  0.9275,  0.8603
 2024,     4,  29,  0.2451, -0.6730,     3,   65.0,  0.7163,  0.5131
 2024,     4,  30,  0.5896, -0.4173,     4,   99.7,  0.7223,  0.5217
 2024,     5,   1,  0.1229, -0.1297,     3,   88.5,  0.1787,  0.0319
 2024,     5,   2, -0.0962, -0.1492,     2,   12.2,  0.1775,  0.0315
 2024,     5,   3, -0.0369,  0.0627,     7,  255.5,  0.0727,  0.0053
 2024,     5,   4,  0.0868,  0.4957,     6,  215.1,  0.5032,  0.2532
 2024,     5,   5,  0.0738,  0.7603,     6,  219.5,  0.7639,  0.5835
 2024,     5,   6, -0.2035,  0.7768,     7,  239.7,  0.8030,  0.6448
 2024,     5,   7, -0.4975,  0.5210,     7,  268.7,  0.7204,  0.5190
 2024,     5,   8, -0.7734,  0.2918,     8,  294.3,  0.8266,  0.6833
 2024,     5,   9, -1.0521,  0.2268,     8,  302.8,  1.0763,  1.1584
 2024,     5,  10, -1.2299,  0.2185,     8,  304.9,  1.2492,  1.5604
 2024,     5,  11, -1.3402,  0.0096,     8,  314.6,  1.3403,  1.7963
 2024,     5,  12, -1.2550, -0.0889,     1,  319.1,  1.2581,  1.5829
 2024,     5,  13, -1.0367, -0.3323,     1,  332.8,  1.0887,  1.1852
 2024,     5,  14, -1.0698, -0.5128,     1,  340.6,  1.1864,  1.4076
 2024,     5,  15, -0.9415, -0.6971,     1,  351.5,  1.1715,  1.3724
 2024,     5,  16, -0.6050, -0.7686,     2,    6.8,  0.9781,  0.9567
 2024,     5,  17, -0.2806, -0.7016,     2,   23.2,  0.7557,  0.5710
 2024,     5,  18, -0.1415, -0.6180,     2,   32.1,  0.6340,  0.4019
 2024,     5,  19,  0.0384, -0.6388,     3,   48.4,  0.6400,  0.4096
 2024,     5,  20,  0.2631, -0.7672,     3,   63.9,  0.8110,  0.6578
 2024,     5,  21,  0.3450, -0.9918,     3,   64.2,  1.0501,  1.1027
 2024,     5,  22,  0.3709, -0.9958,     3,   65.4,  1.0626,  1.1291
 2024,     5,  23,  0.4328, -0.9103,     3,   70.4,  1.0079,  1.0159
 2024,     5,  24,  0.4623, -0.8449,     3,   73.7,  0.9632,  0.9277
 2024,     5,  25,  0.3809, -0.8676,     3,   68.7,  0.9475,  0.8978
 2024,     5,  26,  0.4322, -0.8969,     3,   70.7,  0.9956,  0.9912
 2024,     5,  27,  0.4240, -0.7333,     3,   75.0,  0.8471,  0.7176
 2024,     5,  28,  0.4703, -0.4287,     4,   92.7,  0.6364,  0.4050
 2024,     5,  29,  0.6032, -0.1591,     4,  120.2,  0.6238,  0.3891
 2024,     5,  30,  0.6266,  0.0226,     5,  137.1,  0.6270,  0.3931
 2024,     5,  31,  0.4618,  0.2387,     5,  162.3,  0.5198,  0.2702
 2024,     6,   1,  0.1624,  0.2646,     6,  193.5,  0.3105,  0.0964
 2024,     6,   2, -0.0674,  0.2399,     7,  240.7,  0.2492,  0.0621
 2024,     6,   3, -0.0163,  0.3707,     7,  227.5,  0.3710,  0.1377
 2024,     6,   4, -0.2506,  0.3756,     7,  258.7,  0.4515,  0.2039
 2024,     6,   5, -0.5229,  0.5127,     8,  270.6,  0.7323,  0.5362
 2024,     6,   6, -0.6737,  0.4737,     8,  279.9,  0.8236,  0.6783
 2024,     6,   7, -0.8952,  0.5241,     8,  284.6,  1.0373,  1.0760
 2024,     6,   8, -0.8202,  0.2172,     8,  300.2,  0.8484,  0.7199
 2024,     6,   9, -0.8235,  0.0959,     8,  308.4,  0.8291,  0.6874
 2024,     6,  10, -0.7555, -0.0848,     1,  321.4,  0.7603,  0.5780
 2024,     6,  11, -0.7035, -0.1290,     1,  325.4,  0.7152,  0.5116
 2024,     6,  12, -0.7997,  0.0403,     8,  312.1,  0.8007,  0.6411
 2024,     6,  13, -0.6345,  0.1870,     8,  298.6,  0.6615,  0.4376
 2024,     6,  14, -0.5383,  0.1816,     8,  296.4,  0.5681,  0.3228
 2024,     6,  15, -0.6064,  0.0802,     8,  307.5,  0.6117,  0.3741
 2024,     6,  16, -1.0136,  0.0793,     8,  310.5,  1.0167,  1.0337
 2024,     6,  17, -1.1350,  0.0308,     8,  313.4,  1.1354,  1.2891
 2024,     6,  18, -0.8829, -0.0851,     1,  320.5,  0.8870,  0.7868
 2024,     6,  19, -0.6222, -0.3328,     1,  343.1,  0.7056,  0.4978
 2024,     6,  20, -0.2436, -0.4388,     2,   16.0,  0.5019,  0.2519
 2024,     6,  21, -0.3483, -0.4840,     2,    9.3,  0.5963,  0.3556
 2024,     6,  22, -0.7147, -0.4548,     1,  347.5,  0.8471,  0.7176
 2024,     6,  23, -0.9148, -0.3728,     1,  337.2,  0.9879,  0.9759
 2024,     6,  24, -0.9448, -0.4035,     1,  338.1,  1.0274,  1.0555
 2024,     6,  25, -0.8551, -0.6450,     1,  352.0,  1.0710,  1.1471
 2024,     6,  26, -0.5952, -0.9205,     2,   12.1,  1.0961,  1.2015
 2024,     6,  27, -0.3539, -0.8753,     2,   23.0,  0.9441,  0.8913
 2024,     6,  28, -0.0904, -0.8844,     2,   39.2,  0.8890,  0.7903
 2024,     6,  29, -0.0453, -0.6588,     2,   41.1,  0.6604,  0.4361
 2024,     6,  30,  0.0402, -0.5463,     3,   49.2,  0.5478,  0.3001
 2024,     7,   1,  0.3738, -0.8629,     3,   68.4,  0.9404,  0.8844
 2024,     7,   2,  0.3618, -1.0983,     3,   63.2,  1.1564,  1.3372
 2024,     7,   3,  0.3444, -1.1624,     3,   61.5,  1.2123,  1.4697
 2024,     7,   4,  0.1480, -1.0529,     3,   53.0,  1.0632,  1.1305
 2024,     7,   5,  0.0812, -0.7892,     3,   50.9,  0.7933,  0.6294
 2024,     7,   6,  0.1723, -0.6383,     3,   60.1,  0.6611,  0.4371
 2024,     7,   7,  0.1647, -0.5470,     3,   61.8,  0.5713,  0.3263
 2024,     7,   8,  0.2674, -0.5047,     3,   72.9,  0.5712,  0.3263
 2024,     7,   9,  0.2393, -0.3556,     3,   78.9,  0.4286,  0.1837
 2024,     7,  10,  0.1075,  0.1106,     6,  180.8,  0.1542,  0.0238
 2024,     7,  11,  0.2400,  0.5362,     6,  200.9,  0.5875,  0.3451
 2024,     7,  12,  0.6038,  0.6505,     6,  182.1,  0.8876,  0.7878
 2024,     7,  13,  0.8274,  0.7175,     5,  175.9,  1.0952,  1.1995
 2024,     7,  14,  0.8519,  0.3144,     5,  155.3,  0.9080,  0.8245
 2024,     7,  15,  0.7797,  0.4631,     5,  165.7,  0.9069,  0.8224
 2024,     7,  16,  0.6591,  0.4359,     5,  168.5,  0.7902,  0.6244
 2024,     7,  17,  0.5110,  0.5360,     6,  181.4,  0.7405,  0.5484
 2024,     7,  18,  0.4088,  0.9189,     6,  201.0,  1.0057,  1.0115
 2024,     7,  19,  0.3022,  0.7473,     6,  203.0,  0.8061,  0.6498
 2024,     7,  20,  0.2766,  0.8191,     6,  206.3,  0.8645,  0.7474
 2024,     7,  21,  0.3995,  0.6973,     6,  195.2,  0.8036,  0.6458
 2024,     7,  22,  0.3913,  0.5046,     6,  187.2,  0.6386,  0.4078
 2024,     7,  23,  0.3329,  0.6979,     6,  199.5,  0.7732,  0.5979
 2024,     7,  24,  0.5982,  0.8191,     6,  188.9,  1.0143,  1.0288
 2024,     7,  25,  0.6457,  0.7206,     6,  183.1,  0.9675,  0.9361
 2024,     7,  26,  0.4788,  0.5739,     6,  185.2,  0.7474,  0.5586
 2024,     7,  27,  0.2326,  0.7987,     6,  208.8,  0.8319,  0.6920
 2024,     7,  28, -0.0898,  0.6854,     7,  232.5,  0.6913,  0.4779
 2024,     7,  29, -0.7331,  0.3200,     8,  291.4,  0.7999,  0.6398
 2024,     7,  30, -1.0999,  0.1273,     8,  308.4,  1.1072,  1.2259
 2024,     7,  31, -1.3743,  0.1017,     8,  310.8,  1.3780,  1.8990
 2024,     8,   1, -1.5171,  0.3731,     8,  301.2,  1.5623,  2.4409
 2024,     8,   2, -1.3675,  0.2901,     8,  303.0,  1.3980,  1.9543
 2024,     8,   3, -1.2461,  0.4615,     8,  294.7,  1.3288,  1.7658
 2024,     8,   4, -1.1168,  0.4868,     8,  291.5,  1.2183,  1.4842
 2024,     8,   5, -0.9851,  0.2698,     8,  299.7,  1.0214,  1.0432
 2024,     8,   6, -1.0470,  0.0849,     8,  310.4,  1.0505,  1.1035
 2024,     8,   7, -1.1086, -0.2347,     1,  327.0,  1.1332,  1.2841
 2024,     8,   8, -1.2746, -0.1831,     1,  323.2,  1.2877,  1.6583
 2024,     8,   9, -1.1704, -0.2757,     1,  328.3,  1.2024,  1.4459
 2024,     8,  10, -1.1746, -0.2320,     1,  326.2,  1.1973,  1.4336
 2024,     8,  11, -1.1022, -0.4065,     1,  335.2,  1.1748,  1.3802
 2024,     8,  12, -1.2120, -0.4513,     1,  335.4,  1.2933,  1.6726
 2024,     8,  13, -1.3437, -0.7075,     1,  342.8,  1.5186,  2.3061
 2024,     8,  14, -1.4293, -0.7649,     1,  343.2,  1.6211,  2.6280
 2024,     8,  15, -1.0650, -0.8130,     1,  352.4,  1.3399,  1.7953
 2024,     8,  16, -0.6599, -1.2688,     2,   17.5,  1.4301,  2.0453
 2024,     8,  17, -0.4983, -1.5497,     2,   27.2,  1.6278,  2.6499
 2024,     8,  18, -0.2657, -1.4322,     2,   34.5,  1.4566,  2.1217
 2024,     8,  19,  0.0876, -1.3994,     3,   48.6,  1.4021,  1.9659
 2024,     8,  20,  0.1204, -1.4928,     3,   49.6,  1.4976,  2.2429
 2024,     8,  21, -0.0139, -1.3068,     2,   44.4,  1.3069,  1.7080
 2024,     8,  22,  0.0860, -1.0764,     3,   49.6,  1.0798,  1.1661
 2024,     8,  23,  0.1620, -0.9089,     3,   55.1,  0.9232,  0.8522
 2024,     8,  24,  0.3818, -0.6831,     3,   74.2,  0.7825,  0.6124
 2024,     8,  25,  0.5742, -0.5268,     4,   92.5,  0.7793,  0.6072
 2024,     8,  26,  0.6902, -0.2468,     4,  115.3,  0.7331,  0.5374
 2024,     8,  27,  0.6705, -0.2328,     4,  115.9,  0.7098,  0.5038
 2024,     8,  28,  0.6006, -0.2099,     4,  115.7,  0.6362,  0.4047
 2024,     8,  29,  0.6623, -0.1508,     4,  122.2,  0.6793,  0.4614
 2024,     8,  30,  0.8050, -0.1390,     4,  125.2,  0.8169,  0.6673
 2024,     8,  31,  0.8431, -0.1155,     4,  127.2,  0.8510,  0.7241
 2024,     9,   1,  1.2497, -0.3472,     4,  119.5,  1.2971,  1.6824
 2024,     9,   2,  1.2542, -0.2772,     4,  122.5,  1.2845,  1.6500
 2024,     9,   3,  0.9978, -0.0585,     4,  131.6,  0.9995,  0.9990
 2024,     9,   4,  1.0467,  0.3045,     5,  151.2,  1.0901,  1.1883
 2024,     9,   5,  1.1240,  0.4016,     5,  154.7,  1.1936,  1.4246
 2024,     9,   6,  0.7382,  0.1855,     5,  149.1,  0.7612,  0.5794
 2024,     9,   7,  0.5155, -0.0472,     4,  129.8,  0.5176,  0.2679
 2024,     9,   8,  0.5481,  0.1206,     5,  147.4,  0.5612,  0.3149
 2024,     9,   9,  0.6963,  0.2893,     5,  157.6,  0.7540,  0.5685
 2024,     9,  10,  0.8954,  0.0946,     5,  141.0,  0.9004,  0.8108
 2024,     9,  11,  0.7685,  0.2414,     5,  152.4,  0.8055,  0.6488
 2024,     9,  12,  0.8137,  0.6279,     5,  172.7,  1.0278,  1.0564
 2024,     9,  13,  1.1861,  0.7845,     5,  168.5,  1.4221,  2.0223
 2024,     9,  14,  1.4218,  0.9804,     5,  169.6,  1.7271,  2.9828
 2024,     9,  15,  1.4169,  1.1487,     5,  174.0,  1.8240,  3.3271
 2024,     9,  16,  1.1994,  1.4171,     6,  184.8,  1.8565,  3.4467
 2024,     9,  17,  0.7096,  1.2980,     6,  196.3,  1.4793,  2.1884
 2024,     9,  18,  0.3951,  1.1794,     6,  206.5,  1.2438,  1.5471
 2024,     9,  19,  0.1542,  1.1334,     6,  217.3,  1.1438,  1.3083
 2024,     9,  20,  0.0811,  1.1014,     6,  220.8,  1.1043,  1.2196
 2024,     9,  21, -0.0242,  0.9526,     7,  226.5,  0.9529,  0.9081
 2024,     9,  22, -0.2214,  0.6130,     7,  244.9,  0.6518,  0.4248
 2024,     9,  23, -0.4367,  0.5268,     7,  264.7,  0.6843,  0.4682
 2024,     9,  24, -0.5463,  0.3736,     8,  280.6,  0.6619,  0.4381
 2024,     9,  25, -0.6456, -0.0078,     1,  315.7,  0.6457,  0.4169
 2024,     9,  26, -0.8575, -0.1809,     1,  326.9,  0.8764,  0.7681
 2024,     9,  27, -1.0403, -0.4524,     1,  338.5,  1.1344,  1.2868
 2024,     9,  28, -1.1181, -0.6710,     1,  346.0,  1.3040,  1.7004
 2024,     9,  29, -1.2055, -0.8100,     1,  348.9,  1.4524,  2.1093
 2024,     9,  30, -1.0310, -0.7628,     1,  351.5,  1.2825,  1.6448
 2024,    10,   1, -0.8672, -0.6742,     1,  352.9,  1.0985,  1.2066
 2024,    10,   2, -0.4962, -0.7534,     2,   11.6,  0.9022,  0.8139
 2024,    10,   3, -0.2944, -0.8125,     2,   25.1,  0.8642,  0.7469
 2024,    10,   4, -0.1972, -0.8814,     2,   32.4,  0.9032,  0.8158
 2024,    10,   5,  0.0964, -0.7662,     3,   52.2,  0.7722,  0.5963
 2024,    10,   6, -0.0284, -0.7129,     2,   42.7,  0.7134,  0.5090
 2024,    10,   7, -0.2065, -0.6933,     2,   28.4,  0.7234,  0.5233
 2024,    10,   8, -0.1846, -0.6289,     2,   28.6,  0.6554,  0.4296
 2024,    10,   9,  0.0106, -0.3645,     3,   46.7,  0.3646,  0.1329
 2024,    10,  10,  0.1828, -0.3012,     3,   76.2,  0.3523,  0.1241
 2024,    10,  11,  0.1544, -0.3848,     3,   66.9,  0.4146,  0.1719
 2024,    10,  12,  0.2156, -0.4225,     3,   72.0,  0.4743,  0.2250
 2024,    10,  13,  0.5482, -0.4238,     4,   97.3,  0.6929,  0.4801
 2024,    10,  14,  0.9172, -0.5168,     4,  105.6,  1.0527,  1.1083
 2024,    10,  15,  1.2088, -0.2206,     4,  124.7,  1.2288,  1.5099
 2024,    10,  16,  1.4144,  0.0439,     5,  136.8,  1.4150,  2.0023
 2024,    10,  17,  1.5189,  0.4533,     5,  151.6,  1.5851,  2.5124
 2024,    10,  18,  1.5234,  0.7904,     5,  162.4,  1.7162,  2.9454
 2024,    10,  19,  1.6720,  1.0739,     5,  167.7,  1.9872,  3.9489
 2024,    10,  20,  1.6812,  0.9544,     5,  164.6,  1.9332,  3.7374
 2024,    10,  21,  1.6840,  1.0403,     5,  166.7,  1.9794,  3.9180
 2024,    10,  22,  1.5671,  1.2803,     5,  174.2,  2.0236,  4.0951
 2024,    10,  23,  1.6673,  1.5994,     5,  178.8,  2.3104,  5.3378
 2024,    10,  24,  1.5587,  1.9483,     6,  186.3,  2.4951,  6.2255
 2024,    10,  25,  1.1421,  2.0821,     6,  196.3,  2.3748,  5.6395
 2024,    10,  26,  0.5165,  2.1780,     6,  211.7,  2.2384,  5.0104
 2024,    10,  27, -0.0174,  1.9471,     7,  225.5,  1.9471,  3.7913
 2024,    10,  28, -0.3910,  1.5396,     7,  239.2,  1.5885,  2.5234
 2024,    10,  29, -0.7974,  1.2763,     7,  257.0,  1.5049,  2.2648
 2024,    10,  30, -1.3641,  1.1453,     8,  275.0,  1.7812,  3.1726
 2024,    10,  31, -1.5737,  0.8697,     8,  286.1,  1.7981,  3.2330
 2024,    11,   1, -1.4895,  0.5155,     8,  295.9,  1.5762,  2.4843
 2024,    11,   2, -1.4622,  0.1618,     8,  308.7,  1.4711,  2.1641
 2024,    11,   3, -1.4387, -0.0718,     1,  317.9,  1.4405,  2.0751
 2024,    11,   4, -1.3738,  0.0325,     8,  313.6,  1.3742,  1.8884
 2024,    11,   5, -1.4830,  0.1037,     8,  311.0,  1.4866,  2.2099
 2024,    11,   6, -1.5627, -0.0358,     1,  316.3,  1.5631,  2.4432
 2024,    11,   7, -1.4234, -0.4172,     1,  331.3,  1.4833,  2.2001
 2024,    11,   8, -1.2931, -0.5935,     1,  339.7,  1.4228,  2.0243
 2024,    11,   9, -1.1610, -0.8809,     1,  352.2,  1.4574,  2.1239
 2024,    11,  10, -1.0015, -0.7929,     1,  353.4,  1.2774,  1.6317
 2024,    11,  11, -0.7839, -0.6627,     1,  355.2,  1.0265,  1.0538
 2024,    11,  12, -0.5788, -0.6714,     2,    4.2,  0.8865,  0.7858
 2024,    11,  13, -0.3207, -0.8193,     2,   23.6,  0.8798,  0.7741
 2024,    11,  14, -0.1692, -1.0507,     2,   35.9,  1.0642,  1.1325
 2024,    11,  15, -0.1477, -1.1025,     2,   37.4,  1.1123,  1.2373
 2024,    11,  16, -0.1386, -1.0240,     2,   37.3,  1.0334,  1.0679
 2024,    11,  17, -0.0050, -1.2363,     2,   44.8,  1.2363,  1.5285
 2024,    11,  18,  0.0183, -1.5831,     3,   45.7,  1.5832,  2.5065
 2024,    11,  19, -0.0048, -1.9268,     2,   44.9,  1.9268,  3.7126
 2024,    11,  20,  0.1280, -2.1132,     3,   48.5,  2.1171,  4.4822
 2024,    11,  21,  0.3949, -1.9595,     3,   56.4,  1.9989,  3.9955
 2024,    11,  22,  0.5636, -1.8203,     3,   62.2,  1.9056,  3.6312
 2024,    11,  23,  0.7720, -1.6753,     3,   69.7,  1.8446,  3.4026
 2024,    11,  24,  1.0173, -1.4179,     3,   80.7,  1.7451,  3.0454
 2024,    11,  25,  1.2347, -1.1286,     4,   92.6,  1.6728,  2.7982
 2024,    11,  26,  1.5529, -0.9998,     4,  102.2,  1.8469,  3.4112
 2024,    11,  27,  1.8106, -1.0528,     4,  104.8,  2.0944,  4.3867
 2024,    11,  28,  2.0009, -0.8112,     4,  112.9,  2.1590,  4.6614
 2024,    11,  29,  2.0212, -0.4928,     4,  121.3,  2.0804,  4.3283
 2024,    11,  30,  2.1793, -0.1340,     4,  131.5,  2.1834,  4.7674
 2024,    12,   1,  1.9433,  0.0198,     5,  135.6,  1.9434,  3.7769
 2024,    12,   2,  1.8815, -0.0664,     4,  133.0,  1.8827,  3.5445
 2024,    12,   3,  1.8558,  0.0314,     5,  136.0,  1.8561,  3.4450
 2024,    12,   4,  1.7370,  0.0311,     5,  136.0,  1.7373,  3.0183
 2024,    12,   5,  1.6951,  0.1178,     5,  139.0,  1.6992,  2.8874
 2024,    12,   6,  1.7264,  0.1665,     5,  140.5,  1.7344,  3.0080
 2024,    12,   7,  1.8338,  0.4528,     5,  148.9,  1.8889,  3.5678
 2024,    12,   8,  1.7123,  0.5435,     5,  152.6,  1.7965,  3.2274
 2024,    12,   9,  1.7635,  0.8378,     5,  160.4,  1.9524,  3.8117
 2024,    12,  10,  1.7836,  0.9418,     5,  162.8,  2.0169,  4.0681
 2024,    12,  11,  1.4826,  1.0957,     5,  171.5,  1.8436,  3.3987
 2024,    12,  12,  1.5680,  1.2429,     5,  173.4,  2.0009,  4.0034
 2024,    12,  13,  1.7096,  1.2445,     5,  171.1,  2.1146,  4.4716
 2024,    12,  14,  1.5085,  1.2627,     5,  174.9,  1.9673,  3.8702
 2024,    12,  15,  1.2630,  0.9228,     5,  171.2,  1.5642,  2.4468
 2024,    12,  16,  1.1375,  0.8704,     5,  172.4,  1.4323,  2.0515
 2024,    12,  17,  0.9039,  1.1276,     6,  186.3,  1.4452,  2.0885
 2024,    12,  18,  0.8111,  1.1507,     6,  189.8,  1.4079,  1.9821
 2024,    12,  19,  0.6764,  1.0327,     6,  191.8,  1.2345,  1.5240
 2024,    12,  20,  0.7651,  1.1286,     6,  190.9,  1.3635,  1.8590
 2024,    12,  21,  0.9732,  1.1884,     6,  185.7,  1.5360,  2.3594
 2024,    12,  22,  0.8489,  1.1766,     6,  189.2,  1.4509,  2.1052
 2024,    12,  23,  0.5571,  1.0190,     6,  196.3,  1.1614,  1.3488
 2024,    12,  24,  0.4868,  1.0403,     6,  199.9,  1.1486,  1.3192
 2024,    12,  25,  0.1868,  0.9835,     6,  214.2,  1.0011,  1.0023
 2024,    12,  26, -0.2187,  0.8758,     7,  239.0,  0.9027,  0.8148
 2024,    12,  27, -0.5481,  1.0861,     7,  251.8,  1.2166,  1.4800
 2024,    12,  28, -0.7174,  0.8060,     7,  266.7,  1.0790,  1.1643
 2024,    12,  29, -0.7193,  0.5463,     8,  277.8,  0.9032,  0.8158
 2024,    12,  30, -0.8301,  0.6127,     8,  278.6,  1.0317,  1.0644
 2024,    12,  31, -0.7960,  0.6688,     8,  275.0,  1.0396,  1.0808
 2025,     1,   1, -0.5622,  0.4966,     8,  273.5,  0.7501,  0.5626
 2025,     1,   2, -0.4109,  0.5807,     7,  260.3,  0.7114,  0.5061
 2025,     1,   3, -0.1745,  0.4705,     7,  245.3,  0.5018,  0.2519
 2025,     1,   4, -0.1874,  0.2666,     7,  260.1,  0.3259,  0.1062
 2025,     1,   5, -0.4825,  0.0624,     8,  307.6,  0.4865,  0.2367
 2025,     1,   6, -0.6587,  0.0114,     8,  314.0,  0.6588,  0.4340
 2025,     1,   7, -0.9500, -0.0266,     1,  316.6,  0.9504,  0.9032
 2025,     1,   8, -1.0432, -0.1247,     1,  321.8,  1.0507,  1.1039
 2025,     1,   9, -1.0093, -0.3583,     1,  334.5,  1.0710,  1.1470
 2025,     1,  10, -1.0568, -0.4785,     1,  339.4,  1.1601,  1.3458
 2025,     1,  11, -1.5696, -0.7266,     1,  339.8,  1.7296,  2.9916
 2025,     1,  12, -2.0032, -0.8311,     1,  337.5,  2.1687,  4.7034
 2025,     1,  13, -1.9665, -1.1317,     1,  344.9,  2.2689,  5.1477
 2025,     1,  14, -1.8167, -1.1546,     1,  347.4,  2.1526,  4.6337
 2025,     1,  15, -1.4658, -1.3593,     1,  357.8,  1.9991,  3.9963
 2025,     1,  16, -1.2313, -1.5189,     2,    6.0,  1.9553,  3.8232
 2025,     1,  17, -0.9970, -1.6935,     2,   14.5,  1.9652,  3.8620
 2025,     1,  18, -0.4001, -1.8906,     2,   33.1,  1.9325,  3.7344
 2025,     1,  19,  0.2573, -2.2217,     3,   51.6,  2.2366,  5.0022
 2025,     1,  20,  0.7737, -2.2618,     3,   63.9,  2.3904,  5.7141
 2025,     1,  21,  1.0191, -2.3477,     3,   68.5,  2.5594,  6.5504
 2025,     1,  22,  1.1678, -2.2794,     3,   72.1,  2.5611,  6.5593
 2025,     1,  23,  1.3427, -2.0203,     3,   78.6,  2.4258,  5.8846
 2025,     1,  24,  1.4671, -1.4519,     4,   90.3,  2.0641,  4.2606
 2025,     1,  25,  1.5684, -0.9807,     4,  103.0,  1.8497,  3.4215
 2025,     1,  26,  1.7251, -0.9726,     4,  105.6,  1.9804,  3.9218
 2025,     1,  27,  1.8045, -0.9512,     4,  107.2,  2.0398,  4.1610
 2025,     1,  28,  1.5702, -0.7767,     4,  108.7,  1.7518,  3.0687
 2025,     1,  29,  1.4294, -0.4468,     4,  117.6,  1.4976,  2.2427
 2025,     1,  30,  1.5700, -0.1480,     4,  129.6,  1.5770,  2.4869
 2025,     1,  31,  1.5851,  0.3026,     5,  145.8,  1.6137,  2.6041
 2025,     2,   1,  1.7692,  0.6117,     5,  154.1,  1.8720,  3.5043
 2025,     2,   2,  1.6548,  1.0344,     5,  167.0,  1.9514,  3.8081
 2025,     2,   3,  1.4434,  1.2458,     5,  175.8,  1.9067,  3.6355
 2025,     2,   4,  1.4211,  1.5044,     6,  181.6,  2.0695,  4.2826
 2025,     2,   5,  1.2934,  1.5444,     6,  185.1,  2.0144,  4.0580
 2025,     2,   6,  0.8547,  1.5474,     6,  196.1,  1.7678,  3.1250
 2025,     2,   7,  0.7085,  1.5858,     6,  200.9,  1.7368,  3.0165
 2025,     2,   8,  0.6727,  1.5248,     6,  201.2,  1.6666,  2.7776
 2025,     2,   9,  0.5403,  1.4513,     6,  204.6,  1.5487,  2.3983
 2025,     2,  10,  0.2677,  1.4206,     6,  214.3,  1.4456,  2.0898
 2025,     2,  11, -0.2830,  1.3803,     7,  236.6,  1.4090,  1.9853
 2025,     2,  12, -0.9603,  1.2511,     7,  262.5,  1.5772,  2.4874
 2025,     2,  13, -1.5078,  1.0262,     8,  280.8,  1.8239,  3.3265
 2025,     2,  14, -1.1946,  0.9754,     8,  275.8,  1.5423,  2.3786
 2025,     2,  15, -0.9367,  0.8115,     8,  274.1,  1.2394,  1.5360
 2025,     2,  16, -1.2202,  0.4347,     8,  295.4,  1.2953,  1.6778
 2025,     2,  17, -1.5945,  0.4948,     8,  297.8,  1.6695,  2.7873
 2025,     2,  18, -1.2710,  0.6093,     8,  289.4,  1.4095,  1.9867
 2025,     2,  19, -0.8658,  0.4858,     8,  285.7,  0.9928,  0.9856
 2025,     2,  20, -0.6041,  0.4490,     8,  278.4,  0.7527,  0.5666
 2025,     2,  21, -0.6758,  0.4934,     8,  278.9,  0.8367,  0.7001
 2025,     2,  22, -0.7114,  0.1557,     8,  302.7,  0.7283,  0.5304
 2025,     2,  23, -0.6702, -0.1181,     1,  325.0,  0.6806,  0.4632
 2025,     2,  24, -0.7228, -0.3771,     1,  342.6,  0.8152,  0.6646
 2025,     2,  25, -0.7370, -0.5237,     1,  350.4,  0.9042,  0.8175
 2025,     2,  26, -0.8997, -0.3260,     1,  334.9,  0.9569,  0.9157
 2025,     2,  27, -0.8043, -0.4715,     1,  345.4,  0.9323,  0.8692
 2025,     2,  28, -0.7303, -0.6727,     1,  357.7,  0.9929,  0.9858
 2025,     3,   1, -0.7493, -0.9252,     2,    6.0,  1.1905,  1.4174
 2025,     3,   2, -0.7287, -1.0696,     2,   10.7,  1.2942,  1.6750
 2025,     3,   3, -0.5532, -1.2453,     2,   21.0,  1.3626,  1.8568
 2025,     3,   4, -0.4182, -1.4852,     2,   29.3,  1.5429,  2.3806
 2025,     3,   5, -0.4634, -1.7050,     2,   29.8,  1.7669,  3.1219
 2025,     3,   6, -0.2183, -1.7136,     2,   37.7,  1.7275,  2.9842
 2025,     3,   7, -0.1468, -1.7654,     2,   40.2,  1.7715,  3.1381
 2025,     3,   8, -0.2797, -1.7795,     2,   36.1,  1.8014,  3.2449
 2025,     3,   9, -0.5358, -1.8195,     2,   28.6,  1.8968,  3.5978
 2025,     3,  10, -0.7934, -1.8388,     2,   21.7,  2.0026,  4.0105
 2025,     3,  11, -0.6198, -1.6154,     2,   24.0,  1.7303,  2.9938
 2025,     3,  12, -0.1109, -1.5287,     2,   40.8,  1.5327,  2.3492
 2025,     3,  13,  0.2411, -1.5751,     3,   53.7,  1.5935,  2.5391
 2025,     3,  14,  0.4407, -1.5512,     3,   60.9,  1.6126,  2.6004
 2025,     3,  15,  0.5084, -1.2587,     3,   67.0,  1.3575,  1.8428
 2025,     3,  16,  0.9526, -0.9898,     3,   88.9,  1.3738,  1.8872
 2025,     3,  17,  1.3050, -0.8933,     4,  100.6,  1.5814,  2.5009
 2025,     3,  18,  1.5692, -0.4515,     4,  118.9,  1.6329,  2.6664
 2025,     3,  19,  1.5199,  0.0255,     5,  136.0,  1.5201,  2.3108
 2025,     3,  20,  1.2219,  0.1295,     5,  141.1,  1.2287,  1.5098
 2025,     3,  21,  1.1125,  0.5295,     5,  160.5,  1.2321,  1.5180
 2025,     3,  22,  0.9327,  0.7574,     5,  174.1,  1.2015,  1.4436
 2025,     3,  23,  0.6461,  0.9187,     6,  189.9,  1.1231,  1.2613
 2025,     3,  24,  0.4869,  0.7616,     6,  192.4,  0.9040,  0.8172
 2025,     3,  25,  0.6052,  0.5936,     5,  179.4,  0.8477,  0.7186
 2025,     3,  26,  0.8502,  0.7385,     5,  176.0,  1.1262,  1.2683
 2025,     3,  27,  1.0375,  0.7724,     5,  171.7,  1.2934,  1.6730
 2025,     3,  28,  1.0432,  0.6725,     5,  167.8,  1.2411,  1.5404
 2025,     3,  29,  0.7776,  0.5366,     5,  169.6,  0.9447,  0.8925
 2025,     3,  30,  0.5938,  0.4513,     5,  172.2,  0.7459,  0.5563
 2025,     3,  31,  0.4561,  0.5530,     6,  185.5,  0.7168,  0.5138
 2025,     4,   1, -0.1240,  0.5993,     7,  236.7,  0.6119,  0.3745
 2025,     4,   2, -0.3418,  0.4115,     7,  264.7,  0.5349,  0.2862
 2025,     4,   3, -0.2330,  0.2302,     8,  270.3,  0.3275,  0.1073
 2025,     4,   4, -0.2026,  0.2837,     7,  260.5,  0.3486,  0.1215
 2025,     4,   5, -0.3035,  0.4062,     7,  261.8,  0.5071,  0.2571
 2025,     4,   6, -0.5273,  0.2216,     8,  292.2,  0.5719,  0.3271
 2025,     4,   7, -0.6581, -0.0649,     1,  320.6,  0.6613,  0.4373
 2025,     4,   8, -0.5135, -0.2562,     1,  341.5,  0.5739,  0.3293
 2025,     4,   9, -0.2809, -0.2894,     2,    0.9,  0.4033,  0.1626
 2025,     4,  10,  0.1312, -0.2123,     3,   76.7,  0.2496,  0.0623
 2025,     4,  11,  0.1443, -0.2316,     3,   76.9,  0.2729,  0.0745
 2025,     4,  12,  0.1553,  0.2467,     6,  192.8,  0.2915,  0.0850
 2025,     4,  13,  0.0433,  0.4339,     6,  219.3,  0.4361,  0.1902
 2025,     4,  14,  0.2176,  0.5801,     6,  204.4,  0.6196,  0.3839
 2025,     4,  15,  0.2713,  0.4707,     6,  195.0,  0.5433,  0.2951
 2025,     4,  16,  0.1700,  0.6460,     6,  210.3,  0.6680,  0.4462
 2025,     4,  17, -0.0107,  0.7979,     7,  225.8,  0.7980,  0.6368
 2025,     4,  18, -0.0454,  0.9954,     7,  227.6,  0.9965,  0.9929
 2025,     4,  19, -0.0811,  1.0232,     7,  229.5,  1.0264,  1.0536
 2025,     4,  20, -0.0308,  0.9784,     7,  226.8,  0.9789,  0.9583
 2025,     4,  21, -0.1109,  0.8795,     7,  232.2,  0.8865,  0.7858
 2025,     4,  22, -0.1123,  1.1679,     7,  230.5,  1.1732,  1.3765
 2025,     4,  23, -0.2736,  1.3413,     7,  236.5,  1.3689,  1.8740
 2025,     4,  24, -0.4011,  1.3430,     7,  241.6,  1.4016,  1.9646
 2025,     4,  25, -0.5180,  1.1863,     7,  248.6,  1.2944,  1.6756
 2025,     4,  26, -0.6369,  0.9701,     7,  258.3,  1.1604,  1.3466
 2025,     4,  27, -0.6497,  0.9455,     7,  259.5,  1.1472,  1.3160
 2025,     4,  28, -0.6264,  0.9499,     7,  258.4,  1.1379,  1.2948
 2025,     4,  29, -0.9138,  0.7710,     8,  274.8,  1.1956,  1.4295
 2025,     4,  30, -1.2170,  0.4739,     8,  293.7,  1.3060,  1.7056
 2025,     5,   1, -1.4945,  0.3921,     8,  300.3,  1.5451,  2.3874
 2025,     5,   2, -1.4870,  0.2685,     8,  304.8,  1.5110,  2.2831
 2025,     5,   3, -1.4137,  0.1894,     8,  307.4,  1.4263,  2.0344
 2025,     5,   4, -1.0755,  0.0724,     8,  311.2,  1.0779,  1.1619
 2025,     5,   5, -0.6022,  0.1201,     8,  303.7,  0.6141,  0.3771
 2025,     5,   6, -0.0846,  0.2705,     7,  242.4,  0.2834,  0.0803
 2025,     5,   7,  0.1833,  0.3080,     6,  194.3,  0.3584,  0.1285
 2025,     5,   8,  0.3016,  0.5654,     6,  196.9,  0.6408,  0.4106
 2025,     5,   9,  0.2802,  0.8601,     6,  207.0,  0.9046,  0.8182
 2025,     5,  10,  0.2070,  1.2323,     6,  215.5,  1.2496,  1.5614
 2025,     5,  11,  0.0940,  1.0879,     6,  220.1,  1.0919,  1.1923
 2025,     5,  12, -0.2071,  0.7232,     7,  241.0,  0.7523,  0.5659
 2025,     5,  13, -0.4754,  0.4376,     8,  272.4,  0.6462,  0.4176
 2025,     5,  14, -0.3488,  0.2766,     8,  276.6,  0.4451,  0.1981
 2025,     5,  15, -0.3844,  0.3587,     8,  272.0,  0.5257,  0.2764
 2025,     5,  16, -0.3320,  0.2453,     8,  278.5,  0.4128,  0.1704
 2025,     5,  17, -0.2283,  0.0687,     8,  298.3,  0.2384,  0.0568
 2025,     5,  18,  0.0534, -0.0484,     4,   92.8,  0.0720,  0.0052
 2025,     5,  19,  0.1812, -0.1517,     4,   95.1,  0.2363,  0.0558
 2025,     5,  20,  0.1261, -0.0919,     4,   98.9,  0.1560,  0.0243
 2025,     5,  21,  0.3880,  0.1155,     5,  151.6,  0.4048,  0.1639
 2025,     5,  22,  0.8209,  0.3092,     5,  155.6,  0.8772,  0.7695
 2025,     5,  23,  1.0300,  0.1511,     5,  143.3,  1.0410,  1.0838
 2025,     5,  24,  0.7183, -0.0208,     4,  133.3,  0.7186,  0.5164
 2025,     5,  25,  0.5852, -0.0829,     4,  126.9,  0.5911,  0.3494
 2025,     5,  26,  0.4792,  0.0443,     5,  140.3,  0.4813,  0.2316
 2025,     5,  27,  0.6168,  0.1020,     5,  144.4,  0.6252,  0.3908
 2025,     5,  28,  0.8887,  0.1385,     5,  143.9,  0.8994,  0.8090
 2025,     5,  29,  0.7098,  0.0615,     5,  139.9,  0.7124,  0.5076
 2025,     5,  30,  0.5953,  0.0007,     5,  135.1,  0.5953,  0.3544
 2025,     5,  31,  0.4057,  0.1524,     5,  155.6,  0.4334,  0.1878
 2025,     6,   1,  0.2619,  0.5238,     6,  198.4,  0.5856,  0.3429
 2025,     6,   2,  0.5138,  0.8404,     6,  193.6,  0.9850,  0.9702
 2025,     6,   3,  0.5148,  1.0107,     6,  198.0,  1.1342,  1.2864
 2025,     6,   4,  0.2856,  1.2518,     6,  212.1,  1.2839,  1.6485
 2025,     6,   5, -0.0681,  1.4324,     7,  227.7,  1.4341,  2.0565
 2025,     6,   6, -0.3291,  1.4259,     7,  238.0,  1.4634,  2.1415
 2025,     6,   7, -0.4274,  1.4439,     7,  241.5,  1.5058,  2.2674
 2025,     6,   8, -0.6777,  1.5372,     7,  248.8,  1.6799,  2.8221
 2025,     6,   9, -0.7757,  1.4196,     7,  253.7,  1.6177,  2.6170
 2025,     6,  10, -0.8505,  1.0734,     7,  263.4,  1.3695,  1.8755
 2025,     6,  11, -0.9005,  0.7069,     8,  276.9,  1.1448,  1.3106
 2025,     6,  12, -0.8379,  0.1491,     8,  304.9,  0.8510,  0.7242
 2025,     6,  13, -0.6507, -0.3276,     1,  341.7,  0.7285,  0.5307
 2025,     6,  14, -0.3426, -0.6280,     2,   16.4,  0.7154,  0.5118
 2025,     6,  15, -0.1763, -0.6387,     2,   29.6,  0.6626,  0.4390
 2025,     6,  16, -0.0460, -0.3647,     2,   37.8,  0.3676,  0.1351
 2025,     6,  17,  0.0335, -0.0258,     4,   97.3,  0.0423,  0.0018
 2025,     6,  18, -0.0433, -0.0749,     2,   15.0,  0.0865,  0.0075
 2025,     6,  19, -0.0449, -0.2801,     2,   35.9,  0.2837,  0.0805
 2025,     6,  20,  0.0572, -0.3011,     3,   55.8,  0.3065,  0.0939
 2025,     6,  21,  0.1350, -0.4283,     3,   62.5,  0.4490,  0.2016
 2025,     6,  22,  0.4142, -0.4501,     3,   87.6,  0.6117,  0.3742
 2025,     6,  23,  0.7233, -0.2424,     4,  116.5,  0.7628,  0.5819
 2025,     6,  24,  0.7843,  0.1788,     5,  147.8,  0.8044,  0.6471
 2025,     6,  25,  0.5737,  0.4886,     5,  175.4,  0.7536,  0.5679
 2025,     6,  26,  0.2389,  0.7003,     6,  206.2,  0.7399,  0.5475
 2025,     6,  27,  0.1664,  0.5798,     6,  209.0,  0.6032,  0.3639
 2025,     6,  28,  0.0458,  0.4771,     6,  219.5,  0.4793,  0.2298
 2025,     6,  29, -0.1330,  0.2857,     7,  250.0,  0.3151,  0.0993
 2025,     6,  30, -0.3338,  0.1029,     8,  297.9,  0.3493,  0.1220
 2025,     7,   1, -0.2633, -0.0916,     1,  334.2,  0.2787,  0.0777
 2025,     7,   2, -0.1856, -0.2434,     2,    7.7,  0.3061,  0.0937
 2025,     7,   3, -0.2857, -0.1827,     1,  347.6,  0.3391,  0.1150
 2025,     7,   4, -0.0700,  0.1254,     7,  254.2,  0.1437,  0.0206
 2025,     7,   5,  0.1557,  0.3293,     6,  199.7,  0.3643,  0.1327
 2025,     7,   6,  0.2738,  0.3834,     6,  189.5,  0.4711,  0.2220
 2025,     7,   7,  0.3073,  0.3337,     6,  182.4,  0.4536,  0.2058
 2025,     7,   8,  0.2973,  0.3777,     6,  186.8,  0.4807,  0.2311
 2025,     7,   9,  0.6107,  0.4832,     5,  173.4,  0.7787,  0.6064
 2025,     7,  10,  1.0244,  0.2500,     5,  148.7,  1.0544,  1.1118
 2025,     7,  11,  1.2359, -0.0770,     4,  131.4,  1.2383,  1.5333
 2025,     7,  12,  1.1133, -0.1613,     4,  126.8,  1.1250,  1.2655
 2025,     7,  13,  1.0986,  0.3264,     5,  151.5,  1.1460,  1.3134
 2025,     7,  14,  1.2537,  0.7104,     5,  164.5,  1.4410,  2.0765
 2025,     7,  15,  1.4192,  0.9090,     5,  167.6,  1.6854,  2.8404
 2025,     7,  16,  1.3155,  1.0148,     5,  172.6,  1.6614,  2.7602
 2025,     7,  17,  1.0593,  1.1041,     6,  181.2,  1.5301,  2.3411
 2025,     7,  18,  1.0714,  1.4072,     6,  187.7,  1.7687,  3.1281
 2025,     7,  19,  1.1676,  1.4954,     6,  187.0,  1.8972,  3.5995
 2025,     7,  20,  0.8645,  1.4436,     6,  194.1,  1.6827,  2.8314
 2025,     7,  21,  0.3235,  1.6017,     6,  213.6,  1.6340,  2.6700
 2025,     7,  22,  0.0525,  1.9618,     6,  223.5,  1.9625,  3.8513
 2025,     7,  23, -0.1170,  1.9667,     7,  228.4,  1.9702,  3.8818
 2025,     7,  24, -0.2733,  1.6706,     7,  234.3,  1.6928,  2.8657
 2025,     7,  25, -0.6076,  1.3454,     7,  249.3,  1.4763,  2.1793
 2025,     7,  26, -0.6819,  1.1827,     7,  255.0,  1.3652,  1.8638
 2025,     7,  27, -0.5707,  1.0625,     7,  253.2,  1.2060,  1.4545
 2025,     7,  28, -0.6662,  0.9741,     7,  259.4,  1.1801,  1.3927
 2025,     7,  29, -0.6558,  0.8510,     7,  262.6,  1.0744,  1.1542
 2025,     7,  30, -0.6593,  0.6261,     8,  271.5,  0.9092,  0.8267
 2025,     7,  31, -0.8669,  0.5140,     8,  284.3,  1.0078,  1.0157
 2025,     8,   1, -1.1348,  0.1966,     8,  305.2,  1.1517,  1.3265
 2025,     8,   2, -1.3170, -0.0955,     1,  319.1,  1.3205,  1.7436
 2025,     8,   3, -1.2733, -0.2693,     1,  326.9,  1.3015,  1.6940
 2025,     8,   4, -1.2857, -0.4478,     1,  334.2,  1.3615,  1.8536
 2025,     8,   5, -1.0277, -0.5381,     1,  342.6,  1.1601,  1.3459
 2025,     8,   6, -0.7407, -0.5507,     1,  351.6,  0.9230,  0.8519
 2025,     8,   7, -0.7234, -0.7014,     1,  359.1,  1.0076,  1.0153
 2025,     8,   8, -0.7279, -0.7719,     2,    1.7,  1.0610,  1.1257
 2025,     8,   9, -0.6628, -0.5698,     1,  355.7,  0.8741,  0.7640
 2025,     8,  10, -0.4823, -0.3078,     1,  347.5,  0.5722,  0.3274
 2025,     8,  11, -0.5073, -0.3425,     1,  349.0,  0.6121,  0.3746
 2025,     8,  12, -0.4341, -0.6768,     2,   12.3,  0.8040,  0.6464
 2025,     8,  13, -0.2952, -1.0661,     2,   29.5,  1.1063,  1.2238
 2025,     8,  14, -0.2196, -1.2072,     2,   34.7,  1.2270,  1.5056
 2025,     8,  15, -0.0641, -1.2023,     2,   41.9,  1.2040,  1.4497
 2025,     8,  16,  0.1331, -1.2948,     3,   50.9,  1.3016,  1.6942
 2025,     8,  17,  0.2877, -1.4182,     3,   56.5,  1.4471,  2.0942
 2025,     8,  18,  0.3336, -1.4159,     3,   58.3,  1.4546,  2.1160
 2025,     8,  19,  0.3736, -1.3962,     3,   60.0,  1.4453,  2.0889
 2025,     8,  20,  0.4375, -1.3075,     3,   63.5,  1.3788,  1.9010
 2025,     8,  21,  0.4824, -1.2168,     3,   66.6,  1.3090,  1.7134
 2025,     8,  22,  0.5775, -1.1190,     3,   72.3,  1.2592,  1.5856
 2025,     8,  23,  0.8378, -1.0715,     3,   83.0,  1.3601,  1.8500
 2025,     8,  24,  0.8780, -0.8864,     3,   89.7,  1.2476,  1.5565
 2025,     8,  25,  0.7502, -0.6598,     4,   93.7,  0.9990,  0.9981
 2025,     8,  26,  0.4832, -0.1808,     4,  114.5,  0.5159,  0.2661
 2025,     8,  27,  0.4263, -0.1076,     4,  120.8,  0.4397,  0.1933
 2025,     8,  28,  0.4691,  0.0225,     5,  137.7,  0.4697,  0.2206
 2025,     8,  29,  0.3751,  0.0188,     5,  137.9,  0.3755,  0.1410
 2025,     8,  30,  0.1008,  0.0375,     5,  155.4,  0.1075,  0.0116
 2025,     8,  31, -0.0096, -0.0704,     2,   37.2,  0.0711,  0.0051
 2025,     9,   1, -0.1778, -0.1654,     1,  357.9,  0.2429,  0.0590
 2025,     9,   2, -0.3893, -0.4980,     2,    7.0,  0.6321,  0.3996
 2025,     9,   3, -0.5853, -0.6616,     2,    3.5,  0.8833,  0.7803
 2025,     9,   4, -0.3950, -0.7929,     2,   18.5,  0.8858,  0.7847
 2025,     9,   5, -0.1303, -0.9827,     2,   37.4,  0.9913,  0.9826
 2025,     9,   6, -0.1164, -1.2349,     2,   39.6,  1.2404,  1.5385
 2025,     9,   7, -0.1246, -1.2639,     2,   39.4,  1.2700,  1.6129
 2025,     9,   8,  0.0087, -1.0640,     3,   45.5,  1.0640,  1.1321
 2025,     9,   9,  0.1395, -0.7934,     3,   55.0,  0.8056,  0.6490
 2025,     9,  10,  0.2169, -0.5554,     3,   66.3,  0.5962,  0.3555
 2025,     9,  11,  0.3390, -0.4000,     3,   85.3,  0.5243,  0.2749
 2025,     9,  12,  0.1706, -0.2545,     3,   78.8,  0.3064,  0.0939
 2025,     9,  13, -0.1391, -0.1981,     2,    9.9,  0.2421,  0.0586
 2025,     9,  14, -0.4342, -0.1736,     1,  336.8,  0.4677,  0.2187
 2025,     9,  15, -0.7244, -0.1063,     1,  323.3,  0.7321,  0.5360
 2025,     9,  16, -0.7897, -0.0766,     1,  320.5,  0.7934,  0.6295
 2025,     9,  17, -0.6254, -0.1413,     1,  327.7,  0.6412,  0.4111
 2025,     9,  18, -0.6959, -0.2099,     1,  331.8,  0.7268,  0.5283
 2025,     9,  19, -0.7346,  0.1063,     8,  306.8,  0.7422,  0.5509
 2025,     9,  20, -0.4516,  0.4811,     7,  268.2,  0.6598,  0.4354
 2025,     9,  21, -0.2596,  0.5617,     7,  249.8,  0.6188,  0.3829
 2025,     9,  22,  0.0162,  0.3011,     6,  221.9,  0.3016,  0.0909
 2025,     9,  23,  0.2579,  0.0509,     5,  146.2,  0.2629,  0.0691
 2025,     9,  24,  0.3576, -0.0703,     4,  123.9,  0.3644,  0.1328
 2025,     9,  25,  0.4869, -0.1014,     4,  123.2,  0.4973,  0.2473
 2025,     9,  26,  0.2085, -0.3264,     3,   77.6,  0.3873,  0.1500
 2025,     9,  27, -0.0168, -0.6188,     2,   43.4,  0.6190,  0.3832
 2025,     9,  28, -0.2051, -0.8603,     2,   31.6,  0.8844,  0.7821
 2025,     9,  29, -0.3817, -0.9998,     2,   24.1,  1.0702,  1.1453
 2025,     9,  30, -0.5457, -1.0771,     2,   18.1,  1.2074,  1.4579
 2025,    10,   1, -0.4713, -1.2214,     2,   23.9,  1.3092,  1.7140
 2025,    10,   2, -0.4287, -1.0900,     2,   23.5,  1.1713,  1.3720
 2025,    10,   3, -0.3629, -0.7618,     2,   19.5,  0.8439,  0.7121
 2025,    10,   4, -0.2585, -0.2610,     2,    0.3,  0.3674,  0.1350
 2025,    10,   5, -0.2324,  0.1676,     8,  279.2,  0.2865,  0.0821
 2025,    10,   6, -0.3040,  0.3226,     7,  268.3,  0.4433,  0.1965
 2025,    10,   7, -0.5128,  0.1997,     8,  293.7,  0.5503,  0.3028
 2025,    10,   8, -0.7524,  0.0450,     8,  311.6,  0.7538,  0.5682
 2025,    10,   9, -0.8267, -0.2010,     1,  328.7,  0.8507,  0.7238
 2025,    10,  10, -0.8870, -0.2410,     1,  330.2,  0.9191,  0.8448
 2025,    10,  11, -1.0841, -0.2010,     1,  325.5,  1.1025,  1.2156
 2025,    10,  12, -1.4991, -0.3030,     1,  326.4,  1.5295,  2.3392
 2025,    10,  13, -1.5459, -0.5413,     1,  334.3,  1.6379,  2.6827
 2025,    10,  14, -1.6640, -0.8813,     1,  342.9,  1.8830,  3.5457
 2025,    10,  15, -1.4535, -1.2522,     1,  355.7,  1.9185,  3.6805
 2025,    10,  16, -1.2038, -1.4035,     2,    4.4,  1.8490,  3.4188
 2025,    10,  17, -0.9088, -1.4034,     2,   12.1,  1.6720,  2.7955
 2025,    10,  18, -0.3075, -1.3945,     2,   32.6,  1.4280,  2.0392
 2025,    10,  19,  0.2322, -1.4441,     3,   54.1,  1.4626,  2.1393
 2025,    10,  20,  0.7327, -1.3172,     3,   74.1,  1.5073,  2.2719
 2025,    10,  21,  1.2443, -1.1019,     4,   93.5,  1.6621,  2.7624
 2025,    10,  22,  1.5822, -0.8623,     4,  106.4,  1.8019,  3.2468
 2025,    10,  23,  1.9078, -0.8262,     4,  111.6,  2.0790,  4.3223
 2025,    10,  24,  2.1400, -0.7001,     4,  116.9,  2.2516,  5.0698
 2025,    10,  25,  2.0112, -0.4880,     4,  121.4,  2.0696,  4.2832
 2025,    10,  26,  1.8283, -0.3343,     4,  124.6,  1.8586,  3.4543
 2025,    10,  27,  1.7324, -0.0017,     4,  134.9,  1.7324,  3.0011
 2025,    10,  28,  1.5444,  0.2185,     5,  143.1,  1.5598,  2.4330
 2025,    10,  29,  1.2335,  0.4096,     5,  153.4,  1.2997,  1.6892
 2025,    10,  30,  0.9047,  0.5658,     5,  167.0,  1.0670,  1.1385
 2025,    10,  31,  0.5384,  0.6510,     6,  185.4,  0.8447,  0.7136
 2025,    11,   1,  0.3000,  0.7191,     6,  202.4,  0.7792,  0.6071
 2025,    11,   2,  0.5992,  0.7114,     6,  184.9,  0.9301,  0.8651
 2025,    11,   3,  0.9004,  0.6450,     5,  170.6,  1.1076,  1.2268
 2025,    11,   4,  1.1851,  0.6058,     5,  162.1,  1.3309,  1.7713
 2025,    11,   5,  1.3143,  0.7913,     5,  166.1,  1.5341,  2.3536
 2025,    11,   6,  1.3186,  1.1390,     5,  175.8,  1.7424,  3.0358
 2025,    11,   7,  1.0344,  1.2692,     6,  185.8,  1.6373,  2.6808
 2025,    11,   8,  0.7718,  1.5088,     6,  197.9,  1.6948,  2.8722
 2025,    11,   9,  0.5584,  1.6315,     6,  206.1,  1.7244,  2.9737
 2025,    11,  10,  0.5184,  1.7095,     6,  208.1,  1.7864,  3.1912
 2025,    11,  11,  0.3542,  1.6318,     6,  212.8,  1.6698,  2.7881
 2025,    11,  12,  0.1500,  1.5611,     6,  219.5,  1.5683,  2.4595
 2025,    11,  13,  0.0700,  1.8119,     6,  222.8,  1.8132,  3.2878
 2025,    11,  14,  0.1497,  1.5507,     6,  219.5,  1.5579,  2.4272
 2025,    11,  15,  0.0957,  1.2724,     6,  220.7,  1.2760,  1.6282
 2025,    11,  16, -0.3047,  1.1169,     7,  240.3,  1.1577,  1.3402
 2025,    11,  17,  0.0380,  1.2114,     6,  223.2,  1.2120,  1.4689
 2025,    11,  18,  0.1386,  0.8898,     6,  216.1,  0.9005,  0.8109
 2025,    11,  19,  0.4196,  0.7546,     6,  195.9,  0.8634,  0.7455
 2025,    11,  20,  0.5061,  0.7457,     6,  190.8,  0.9012,  0.8121
 2025,    11,  21,  0.6150,  1.0905,     6,  195.6,  1.2519,  1.5673
 2025,    11,  22,  0.5522,  1.3513,     6,  202.8,  1.4598,  2.1310
 2025,    11,  23,  0.6927,  1.6278,     6,  202.0,  1.7691,  3.1297
 2025,    11,  24,  0.9900,  1.7717,     6,  195.8,  2.0295,  4.1188
 2025,    11,  25,  0.7041,  1.9378,     6,  205.0,  2.0618,  4.2509
 2025,    11,  26,  0.2748,  2.1699,     6,  217.8,  2.1872,  4.7840
 2025,    11,  27, -0.4359,  2.2484,     7,  236.0,  2.2903,  5.2455
 2025,    11,  28, -0.7416,  2.4239,     7,  242.0,  2.5348,  6.4252
 2025,    11,  29, -0.9841,  2.4854,     7,  246.6,  2.6732,  7.1459
 2025,    11,  30, -1.3524,  2.3806,     7,  254.6,  2.7380,  7.4964
 2025,    12,   1, -1.7704,  2.2167,     7,  263.6,  2.8369,  8.0483
 2025,    12,   2, -1.9122,  1.6238,     8,  274.7,  2.5086,  6.2930
 2025,    12,   3, -2.0254,  0.8731,     8,  291.7,  2.2056,  4.8647
 2025,    12,   4, -2.1352,  0.3853,     8,  304.8,  2.1697,  4.7076
 2025,    12,   5, -1.8384,  0.1047,     8,  311.7,  1.8413,  3.3905
 2025,    12,   6, -1.3992,  0.0327,     8,  313.7,  1.3996,  1.9589
 2025,    12,   7, -0.8434,  0.2283,     8,  299.9,  0.8737,  0.7634
 2025,    12,   8, -0.3294,  0.4124,     7,  263.6,  0.5278,  0.2786
 2025,    12,   9, -0.2101,  0.3620,     7,  255.1,  0.4186,  0.1752
 2025,    12,  10, -0.3247,  0.2877,     8,  273.5,  0.4339,  0.1882
 2025,    12,  11, -0.5060,  0.1412,     8,  299.4,  0.5253,  0.2759
 2025,    12,  12, -0.2923,  0.0094,     8,  313.2,  0.2924,  0.0855
 2025,    12,  13, -0.3462,  0.0039,     8,  314.4,  0.3462,  0.1198
 2025,    12,  14, -0.5304,  0.1454,     8,  299.7,  0.5500,  0.3025
 2025,    12,  15, -1.0078,  0.3675,     8,  295.0,  1.0727,  1.1507
 2025,    12,  16, -1.2365,  0.6658,     8,  286.7,  1.4043,  1.9721
 2025,    12,  17, -1.4160,  0.5093,     8,  295.2,  1.5048,  2.2645
 2025,    12,  18, -1.4861,  0.2794,     8,  304.4,  1.5121,  2.2864
 2025,    12,  19, -1.1371,  0.1694,     8,  306.5,  1.1496,  1.3217
 2025,    12,  20, -0.7002,  0.3928,     8,  285.7,  0.8028,  0.6446
 2025,    12,  21, -0.7268,  0.3889,     8,  286.8,  0.8243,  0.6795
 2025,    12,  22, -0.7186,  0.3092,     8,  291.7,  0.7823,  0.6120
 2025,    12,  23, -0.7861,  0.1927,     8,  301.2,  0.8093,  0.6550
 2025,    12,  24, -0.6052,  0.2763,     8,  290.5,  0.6653,  0.4427
 2025,    12,  25, -0.2907,  0.1857,     8,  282.4,  0.3449,  0.1190
 2025,    12,  26, -0.2477, -0.2030,     1,  354.3,  0.3202,  0.1026
 2025,    12,  27, -0.2418, -0.5090,     2,   19.6,  0.5635,  0.3175
 2025,    12,  28, -0.3060, -0.2359,     1,  352.6,  0.3864,  0.1493
 2025,    12,  29, -0.0607,  0.0698,     7,  266.0,  0.0925,  0.0086
 2025,    12,  30,  0.5118,  0.0583,     5,  141.5,  0.5152,  0.2654
 2025,    12,  31,  0.6398, -0.0022,     4,  134.8,  0.6399,  0.4094
 2026,     1,   1,  0.6126, -0.0151,     4,  133.6,  0.6128,  0.3756
 2026,     1,   2,  0.3126, -0.1142,     4,  114.9,  0.3328,  0.1108
 2026,     1,   3, -0.1691, -0.0701,     1,  337.5,  0.1830,  0.0335
 2026,     1,   4, -0.3208,  0.0921,     8,  299.0,  0.3337,  0.1114
 2026,     1,   5, -0.1904,  0.4585,     7,  247.6,  0.4964,  0.2465
 2026,     1,   6, -0.0340,  0.6498,     7,  228.0,  0.6507,  0.4234
 2026,     1,   7,  0.2294,  0.7477,     6,  207.9,  0.7821,  0.6117
 2026,     1,   8,  0.3178,  0.7618,     6,  202.4,  0.8254,  0.6813
 2026,     1,   9,  0.3066,  0.7618,     6,  203.1,  0.8212,  0.6744
 2026,     1,  10,  0.2140,  0.9635,     6,  212.5,  0.9869,  0.9741
 2026,     1,  11,  0.1500,  1.0729,     6,  217.0,  1.0833,  1.1735
 2026,     1,  12, -0.0026,  1.1369,     7,  225.1,  1.1370,  1.2927
 2026,     1,  13,  0.0607,  1.3279,     6,  222.4,  1.3292,  1.7669
 2026,     1,  14,  0.0551,  1.6681,     6,  223.1,  1.6690,  2.7855
 2026,     1,  15, -0.0930,  2.0434,     7,  227.6,  2.0455,  4.1843
 2026,     1,  16,  0.1210,  2.2444,     6,  221.9,  2.2477,  5.0521
 2026,     1,  17,  0.2949,  2.1893,     6,  217.3,  2.2091,  4.8801
 2026,     1,  18,  0.3944,  2.0695,     6,  214.2,  2.1067,  4.4383
 2026,     1,  19,  0.3306,  1.9750,     6,  215.5,  2.0025,  4.0100
 2026,     1,  20,  0.3214,  1.9772,     6,  215.8,  2.0032,  4.0128
 2026,     1,  21,  0.0434,  1.5273,     6,  223.4,  1.5280,  2.3346
 2026,     1,  22, -0.6871,  1.2191,     7,  254.4,  1.3994,  1.9583
 2026,     1,  23, -1.3015,  1.1308,     8,  274.0,  1.7241,  2.9726
 2026,     1,  24, -1.8670,  1.2342,     8,  281.5,  2.2381,  5.0091
 2026,     1,  25, -1.8125,  1.1659,     8,  282.2,  2.1551,  4.6443
 2026,     1,  26, -1.6211,  1.1628,     8,  279.3,  1.9950,  3.9800
 2026,     1,  27, -1.1511,  1.2444,     7,  267.8,  1.6951,  2.8734
 2026,     1,  28, -0.9652,  0.7920,     8,  275.6,  1.2486,  1.5590
 2026,     1,  29, -0.9319,  0.5008,     8,  286.7,  1.0579,  1.1192
 2026,     1,  30, -0.9199,  0.5897,     8,  282.3,  1.0927,  1.1940
 2026,     1,  31, -0.9763,  0.4385,     8,  290.8,  1.0703,  1.1455
 2026,     2,   1, -0.7305,  0.0489,     8,  311.2,  0.7321,  0.5360
 2026,     2,   2, -0.6183, -0.2738,     1,  338.9,  0.6762,  0.4572
 2026,     2,   3, -0.5935, -0.3075,     1,  342.4,  0.6684,  0.4468
 2026,     2,   4, -0.6940, -0.4005,     1,  345.0,  0.8013,  0.6420
 2026,     2,   5, -0.6522, -0.3736,     1,  344.8,  0.7516,  0.5650
 2026,     2,   6, -0.4746, -0.3065,     1,  347.9,  0.5649,  0.3191
 2026,     2,   7, -0.0023, -0.4144,     2,   44.7,  0.4144,  0.1717
 2026,     2,   8,  0.4149, -0.8972,     3,   69.8,  0.9885,  0.9771
 2026,     2,   9,  0.5055, -1.3682,     3,   65.3,  1.4586,  2.1275
 2026,     2,  10,  0.3224, -1.7111,     3,   55.7,  1.7412,  3.0318
 2026,     2,  11,  0.3421, -1.8014,     3,   55.8,  1.8336,  3.3621
 2026,     2,  12,  0.5363, -1.5229,     3,   64.4,  1.6146,  2.6069
 2026,     2,  13,  0.5176, -1.6414,     3,   62.5,  1.7210,  2.9620
 2026,     2,  14,  0.3965, -1.7134,     3,   58.0,  1.7586,  3.0928
 2026,     2,  15,  0.6202, -1.5979,     3,   66.2,  1.7140,  2.9380
 2026,     2,  16,  0.6426, -1.5882,     3,   67.0,  1.7133,  2.9355
 2026,     2,  17,  0.6816, -1.5934,     3,   68.2,  1.7330,  3.0034
 2026,     2,  18,  0.7653, -1.5000,     3,   72.0,  1.6839,  2.8357
 2026,     2,  19,  0.5464, -1.4805,     3,   65.3,  1.5781,  2.4904
 2026,     2,  20,  0.3251, -1.1766,     3,   60.4,  1.2207,  1.4901
 2026,     2,  21,  0.5451, -1.0489,     3,   72.5,  1.1821,  1.3975
 2026,     2,  22,  0.8337, -0.7115,     4,   94.5,  1.0960,  1.2013
 2026,     2,  23,  1.0453, -0.6046,     4,  105.0,  1.2076,  1.4582
 2026,     2,  24,  1.0343, -0.6140,     4,  104.3,  1.2028,  1.4468
 2026,     2,  25,  1.3379, -0.4049,     4,  118.2,  1.3978,  1.9538
 2026,     2,  26,  1.4199, -0.1792,     4,  127.8,  1.4312,  2.0483
 2026,     2,  27,  1.4474,  0.2082,     5,  143.2,  1.4623,  2.1383
 2026,     2,  28,  1.3146,  0.4719,     5,  154.7,  1.3968,  1.9510
 2026,     3,   1,  1.2868,  0.6924,     5,  163.3,  1.4613,  2.1353
 2026,     3,   2,  1.1814,  0.9170,     5,  172.8,  1.4955,  2.2366
 2026,     3,   3,  1.0480,  0.8388,     5,  173.7,  1.3424,  1.8020
 2026,     3,   4,  1.1265,  0.8189,     5,  171.0,  1.3927,  1.9396
 2026,     3,   5,  1.2613,  0.6992,     5,  164.0,  1.4421,  2.0798
 2026,     3,   6,  1.1531,  0.5757,     5,  161.5,  1.2888,  1.6610
 2026,     3,   7,  0.7922,  0.6101,     5,  172.6,  0.9999,  0.9998
 2026,     3,   8,  0.4207,  0.6214,     6,  190.9,  0.7504,  0.5632
 2026,     3,   9,  0.1540,  0.6392,     6,  211.5,  0.6575,  0.4324
 2026,     3,  10, -0.1912,  0.8064,     7,  238.3,  0.8287,  0.6868
 2026,     3,  11, -0.2014,  0.9663,     7,  236.8,  0.9870,  0.9742
 2026,     3,  12, -0.0901,  0.7942,     7,  231.5,  0.7993,  0.6388
 2026,     3,  13, -0.1322,  0.6837,     7,  235.9,  0.6963,  0.4849
 2026,     3,  14, -0.6170,  0.8732,     7,  260.2,  1.0692,  1.1432
 2026,     3,  15, -0.9709,  1.0294,     7,  268.3,  1.4150,  2.0023
 2026,     3,  16, -1.1419,  0.9067,     8,  276.5,  1.4581,  2.1261
 2026,     3,  17, -1.1068,  0.6344,     8,  285.2,  1.2757,  1.6274
 2026,     3,  18, -0.9838,  0.3880,     8,  293.5,  1.0576,  1.1184
 2026,     3,  19, -0.6410,  0.3351,     8,  287.4,  0.7233,  0.5231
 2026,     3,  20, -0.5775,  0.3553,     8,  283.4,  0.6781,  0.4598
 2026,     3,  21, -0.8251,  0.4721,     8,  285.2,  0.9506,  0.9037
 2026,     3,  22, -0.8517,  0.6403,     8,  278.1,  1.0655,  1.1354
 2026,     3,  23, -0.8241,  0.5658,     8,  280.5,  0.9996,  0.9992
 2026,     3,  24, -0.4722,  0.3695,     8,  277.0,  0.5996,  0.3596
 2026,     3,  25, -0.4663,  0.3899,     8,  275.1,  0.6078,  0.3694
 2026,     3,  26, -0.4482,  0.4181,     8,  272.0,  0.6129,  0.3757
 2026,     3,  27, -0.4111,  0.2884,     8,  279.9,  0.5022,  0.2522
 2026,     3,  28, -0.6466, -0.0261,     1,  317.3,  0.6471,  0.4187
 2026,     3,  29, -1.0834, -0.1765,     1,  324.3,  1.0977,  1.2050
 2026,     3,  30, -1.2937, -0.4378,     1,  333.7,  1.3657,  1.8652
 2026,     3,  31, -1.3702, -0.5324,     1,  336.2,  1.4700,  2.1608
 2026,     4,   1, -0.6148, -0.7886,     2,    7.1,  1.0000,  1.0000
 2026,     4,   2, -0.2767, -0.8239,     2,   26.4,  0.8691,  0.7554
 2026,     4,   3,  0.1642, -0.7854,     3,   56.8,  0.8023,  0.6438
 2026,     4,   4,  0.3579, -0.6768,     3,   72.9,  0.7656,  0.5861
 2026,     4,   5,  0.6861, -0.5733,     4,   95.1,  0.8941,  0.7994
 2026,     4,   6,  1.0368, -0.2417,     4,  121.9,  1.0646,  1.1334
 2026,     4,   7,  1.2501,  0.3625,     5,  151.2,  1.3016,  1.6942
 2026,     4,   8,  0.9309,  0.6261,     5,  168.9,  1.1218,  1.2585
 2026,     4,   9,  0.7534,  1.2105,     6,  193.1,  1.4258,  2.0328
 2026,     4,  10,  0.4657,  1.5262,     6,  208.0,  1.5957,  2.5463
 2026,     4,  11,  0.1968,  1.6429,     6,  218.2,  1.6547,  2.7379
 2026,     4,  12, -0.2734,  1.4208,     7,  235.9,  1.4468,  2.0933
 2026,     4,  13, -0.6288,  1.2362,     7,  252.0,  1.3869,  1.9235
 2026,     4,  14, -0.8415,  1.1304,     7,  261.7,  1.4093,  1.9860
 2026,     4,  15, -1.1511,  1.0024,     8,  274.0,  1.5264,  2.3298
 2026,     4,  16, -1.6192,  0.8796,     8,  286.5,  1.8427,  3.3954
 2026,     4,  17, -1.8159,  0.5396,     8,  298.5,  1.8943,  3.5885
 2026,     4,  18, -1.7641,  0.1617,     8,  309.8,  1.7715,  3.1382
 2026,     4,  19, -1.8312, -0.0742,     1,  317.3,  1.8327,  3.3587
 2026,     4,  20, -1.9319, -0.3820,     1,  326.2,  1.9693,  3.8781
 2026,     4,  21, -2.0038, -0.8748,     1,  338.6,  2.1864,  4.7804
 2026,     4,  22, -1.7173, -1.2807,     1,  351.7,  2.1422,  4.5892
 2026,     4,  23, -1.4713, -1.5059,     2,    0.7,  2.1053,  4.4325
 2026,     4,  24, -1.2626, -1.6122,     2,    6.9,  2.0478,  4.1934
 2026,     4,  25, -0.8948, -1.6323,     2,   16.3,  1.8615,  3.4652
 2026,     4,  26, -0.2565, -1.5589,     2,   35.7,  1.5799,  2.4959
 2026,     4,  27,  0.0936, -1.4339,     3,   48.7,  1.4369,  2.0648
 2026,     4,  28,  0.2289, -1.3133,     3,   54.9,  1.3331,  1.7772
 2026,     4,  29,  0.2482, -1.3441,     3,   55.5,  1.3668,  1.8681
 2026,     4,  30,  0.1493, -1.4142,     3,   51.0,  1.4220,  2.0221
 2026,     5,   1,  0.4430, -1.3994,     3,   62.6,  1.4679,  2.1547
 2026,     5,   2,  0.5799, -1.3618,     3,   68.1,  1.4801,  2.1908
 2026,     5,   3,  0.6703, -1.1701,     3,   74.8,  1.3485,  1.8184
 2026,     5,   4,  0.5990, -1.1807,     3,   71.9,  1.3239,  1.7528
 2026,     5,   5,  0.5312, -1.1725,     3,   69.4,  1.2872,  1.6569
 2026,     5,   6,  0.3702, -1.1482,     3,   62.9,  1.2064,  1.4555
 2026,     5,   7,  0.5461, -1.1274,     3,   70.8,  1.2527,  1.5693
 2026,     5,   8,  0.6341, -1.4696,     3,   68.3,  1.6006,  2.5619
 2026,     5,   9,  0.6598, -1.5377,     3,   68.2,  1.6732,  2.7997
 2026,     5,  10,  0.4810, -1.6946,     3,   60.8,  1.7616,  3.1031
 2026,     5,  11,  0.6767, -1.5967,     3,   68.0,  1.7342,  3.0074
 2026,     5,  12,  0.9117, -1.4133,     3,   77.8,  1.6819,  2.8287
 2026,     5,  13,  1.1972, -1.0172,     4,   94.6,  1.5710,  2.4679
 2026,     5,  14,  1.2875, -0.8674,     4,  101.0,  1.5525,  2.4101
 2026,     5,  15,  1.1441, -0.7693,     4,  101.1,  1.3788,  1.9010
 2026,     5,  16,  1.0802, -0.7819,     4,   99.1,  1.3335,  1.7782
 2026,     5,  17,  1.3372, -0.6556,     4,  108.9,  1.4893,  2.2179
 2026,     5,  18,  1.4344, -0.4750,     4,  116.7,  1.5110,  2.2831
 2026,     5,  19,  1.4205, -0.2178,     4,  126.3,  1.4371,  2.0652
 2026,     5,  20,  1.3689, -0.2663,     4,  124.0,  1.3946,  1.9448
 2026,     5,  21,  1.3002, -0.3072,     4,  121.7,  1.3360,  1.7848
 2026,     5,  22,  1.1857, -0.0952,     4,  130.4,  1.1895,  1.4150
 2026,     5,  23,  0.9632,  0.5359,     5,  164.1,  1.1023,  1.2150
 2026,     5,  24,  0.7599,  1.0329,     6,  188.7,  1.2823,  1.6442
 2026,     5,  25,  0.5091,  1.2769,     6,  203.3,  1.3747,  1.8898
 2026,     5,  26,  0.1604,  1.4213,     6,  218.6,  1.4303,  2.0458
 2026,     5,  27, -0.3777,  1.5336,     7,  238.8,  1.5794,  2.4946
 2026,     5,  28, -0.8520,  1.7438,     7,  251.0,  1.9408,  3.7668
 2026,     5,  29, -0.9573,  1.8185,     7,  252.8,  2.0550,  4.2232
 2026,     5,  30, -1.1506,  1.5785,     7,  261.1,  1.9533,  3.8155
 2026,     5,  31, -1.2563,  1.2697,     7,  269.7,  1.7862,  3.1905
 2026,     6,   1, -1.1375,  1.0940,     8,  271.1,  1.5782,  2.4908
 2026,     6,   2, -1.2843,  1.0379,     8,  276.1,  1.6513,  2.7267
 2026,     6,   3, -1.2818,  0.6317,     8,  288.8,  1.4290,  2.0420
 2026,     6,   4, -1.4256,  0.3022,     8,  303.0,  1.4573,  2.1237
 2026,     6,   5, -1.4546, -0.0350,     1,  316.4,  1.4550,  2.1170
 2026,     6,   6, -1.5758, -0.2650,     1,  324.5,  1.5979,  2.5533
 2026,     6,   7, -1.4544, -0.4396,     1,  331.8,  1.5193,  2.3084
 2026,     6,   8, -1.1002, -0.6074,     1,  343.9,  1.2567,  1.5794
 2026,     6,   9, -0.7730, -0.6440,     1,  354.8,  1.0061,  1.0123
 2026,     6,  10, -0.6870, -0.6409,     1,  358.0,  0.9395,  0.8827
 2026,     6,  11, -0.8470, -0.9759,     2,    4.0,  1.2922,  1.6699
 2026,     6,  12, -1.1976, -1.1696,     1,  359.3,  1.6740,  2.8022
 2026,     6,  13, -1.2077, -1.3047,     2,    2.2,  1.7779,  3.1609
 2026,     6,  14, -1.0906, -1.3519,     2,    6.1,  1.7369,  3.0170
 2026,     6,  15, -0.8850, -1.2488,     2,    9.7,  1.5306,  2.3428
 2026,     6,  16, -0.7552, -1.0822,     2,   10.1,  1.3196,  1.7414
 2026,     6,  17, -0.7727, -0.9698,     2,    6.5,  1.2400,  1.5375
 2026,     6,  18, -0.3633, -0.9050,     2,   23.1,  0.9751,  0.9509
 2026,     6,  19, -0.2455, -0.9556,     2,   30.6,  0.9866,  0.9734
 2026,     6,  20, -0.3913, -1.2014,     2,   27.0,  1.2635,  1.5965
 2026,     6,  21, -0.3933, -1.2834,     2,   28.0,  1.3423,  1.8017
 2026,     6,  22, -0.3209, -0.9690,     2,   26.7,  1.0208,  1.0420
 2026,     6,  23,  0.0892, -0.6447,     3,   52.9,  0.6508,  0.4236
 2026,     6,  24,  0.4525, -0.4687,     3,   89.0,  0.6515,  0.4245
 2026,     6,  25,  0.5857, -0.2746,     4,  109.9,  0.6469,  0.4185
 2026,     6,  26,  0.5640, -0.2104,     4,  114.5,  0.6019,  0.3623
 2026,     6,  27,  0.4985,  0.0213,     5,  137.4,  0.4990,  0.2490
 2026,     6,  28,  0.6400,  0.0638,     5,  140.7,  0.6432,  0.4136
 2026,     6,  29,  0.6070,  0.2081,     5,  153.9,  0.6417,  0.4118
 2026,     6,  30,  0.4736,  0.4100,     5,  175.9,  0.6264,  0.3924
 2026,     7,   1,  0.2110,  0.0480,     5,  147.8,  0.2164,  0.0468
 2026,     7,   2, -0.2079,  0.0620,     8,  298.4,  0.2170,  0.0471
 2026,     7,   3, -0.4518,  0.0554,     8,  308.0,  0.4551,  0.2072
 2026,     7,   4, -0.4955,  0.0374,     8,  310.7,  0.4969,  0.2469
 2026,     7,   5, -0.5152,  0.0926,     8,  304.8,  0.5235,  0.2740
 2026,     7,   6, -0.4350,  0.1594,     8,  294.9,  0.4633,  0.2146
 2026,     7,   7, -0.4439,  0.3590,     8,  276.0,  0.5709,  0.3259
 2026,     7,   8, -0.5077,  0.4634,     8,  272.6,  0.6874,  0.4725
 2026,     7,   9, -0.7966,  0.5018,     8,  282.8,  0.9415,  0.8864
 2026,     7,  10, -1.0807,  0.6703,     8,  283.2,  1.2717,  1.6172
 2026,     7,  11, -0.7867,  0.6367,     8,  276.0,  1.0120,  1.0242
 2026,     7,  12, -0.7332,  0.4239,     8,  285.0,  0.8469,  0.7172
 2026,     7,  13, -1.0854,  0.1961,     8,  304.8,  1.1029,  1.2165
 2026,     7,  14, -1.4791, -0.0787,     1,  318.0,  1.4812,  2.1940
 2026,     7,  15, -1.8351, -0.3021,     1,  324.3,  1.8598,  3.4590
 2026,     7,  16, -1.7780, -0.6069,     1,  333.8,  1.8787,  3.5294
 2026,     7,  17, -1.8432, -0.5568,     1,  331.8,  1.9255,  3.7076
 2026,     7,  18, -1.7894, -0.5455,     1,  332.0,  1.8707,  3.4995
 2026,     7,  19, -1.8005, -0.3766,     1,  326.8,  1.8395,  3.3837
 2026,     7,  20, -1.5830, -0.1203,     1,  319.3,  1.5876,  2.5204
 2026,     7,  21, -1.8423,  0.1429,     8,  310.6,  1.8478,  3.4144
 2026,     7,  22, -1.9959,  0.0697,     8,  313.0,  1.9971,  3.9886
 2026,     7,  23, -1.9807, -0.1056,     1,  318.1,  1.9835,  3.9342
 2026,     7,  24, -1.8693, -0.2710,     1,  323.3,  1.8889,  3.5678
 2026,     7,  25, -1.7159, -0.4145,     1,  328.6,  1.7653,  3.1162
 2026,     7,  26, -1.3077, -0.4114,     1,  332.5,  1.3709,  1.8793
 2026,     7,  27, -1.0710, -0.4868,     1,  339.4,  1.1764,  1.3840
 2026,     7,  28, -1.0251, -0.3808,     1,  335.4,  1.0936,  1.1959
 2026,     7,  29, -0.7585, -0.4622,     1,  346.4,  0.8882,  0.7889
 2026,     7,  30, -0.5033, -0.6308,     2,    6.4,  0.8070,  0.6513
 2026,     7,  31, -0.4416, -0.6857,     2,   12.2,  0.8156,  0.6652
 2026,     8,   1, -0.1504, -1.4325,     2,   39.0,  1.4404,  2.0747
 2026,     8,   2,  0.0486, -1.3936,     3,   47.0,  1.3944,  1.9445
 2026,     8,   3,  0.2131, -1.1261,     3,   55.7,  1.1461,  1.3135
 2026,     8,   4,  0.2462, -0.4705,     3,   72.6,  0.5310,  0.2820
 2026,     8,   5,  0.5080, -0.2344,     4,  110.2,  0.5595,  0.3130
 2026,     8,   6,  0.6008, -0.2306,     4,  114.0,  0.6436,  0.4142
 2026,     8,   7,  0.5877, -0.1406,     4,  121.5,  0.6043,  0.3651
 2026,     8,   8,  0.5608,  0.0773,     5,  142.8,  0.5661,  0.3205
 2026,     8,   9,  0.4896,  0.3236,     5,  168.5,  0.5868,  0.3444
 2026,     8,  10,  0.4472,  0.1236,     5,  150.4,  0.4640,  0.2153
 2026,     8,  11,  0.5430, -0.2280,     4,  112.2,  0.5889,  0.3468
 2026,     8,  12,  0.6356, -0.3216,     4,  108.2,  0.7123,  0.5074
 2026,     8,  13,  0.7533, -0.4808,     4,  102.5,  0.8937,  0.7987
 2026,     8,  14,  0.5729, -0.3526,     4,  103.4,  0.6727,  0.4526
 2026,     8,  15,  0.3465, -0.1742,     4,  108.3,  0.3878,  0.1504
 2026,     8,  16,  0.4467, -0.0361,     4,  130.4,  0.4481,  0.2008
 2026,     8,  17,  0.4591, -0.0339,     4,  130.8,  0.4603,  0.2119
 2026,     8,  18,  0.4582, -0.2680,     4,  104.7,  0.5308,  0.2818
 2026,     8,  19,  0.2528, -0.5978,     3,   67.9,  0.6491,  0.4213
 2026,     8,  20,  0.1355, -0.8810,     3,   53.7,  0.8914,  0.7945
 2026,     8,  21, -0.1490, -0.8139,     2,   34.6,  0.8274,  0.6847
 2026,     8,  22, -0.1791, -0.6939,     2,   30.5,  0.7166,  0.5135
 2026,     8,  23,  0.1655, -0.5487,     3,   61.8,  0.5731,  0.3285
 2026,     8,  24,  0.2871, -0.5445,     3,   72.8,  0.6155,  0.3789
 2026,     8,  25,  0.1037, -0.6023,     3,   54.8,  0.6112,  0.3735
 2026,     8,  26, -0.0736, -0.4261,     2,   35.2,  0.4324,  0.1870
 2026,     8,  27, -0.0257, -0.1926,     2,   37.4,  0.1943,  0.0377
 2026,     8,  28,  0.1178, -0.1653,     3,   80.5,  0.2030,  0.0412
 2026,     8,  29,  0.2079, -0.0787,     4,  114.3,  0.2223,  0.0494
 2026,     8,  30,  0.1458, -0.1969,     3,   81.5,  0.2450,  0.0600
 2026,     8,  31,  0.0977, -0.2470,     3,   66.6,  0.2657,  0.0706
 2026,     9,   1,  0.0299, -0.1482,     3,   56.4,  0.1512,  0.0229
 2026,     9,   2,  0.0485, -0.1048,     3,   69.8,  0.1155,  0.0133
 2026,     9,   3, -0.1586, -0.3757,     2,   22.1,  0.4078,  0.1663
 2026,     9,   4, -0.3110, -0.5148,     2,   13.9,  0.6015,  0.3618
 2026,     9,   5, -0.3854, -0.6023,     2,   12.4,  0.7151,  0.5114
